Date,Close,High,Low,Open,Volume,Ticker
,BP,BP,BP,BP,BP,
2021-09-07,19.165821075439453,19.45420388481739,19.126850907669443,19.204791243209463,6993200,BP
2021-09-08,19.033321380615234,19.48538218791008,19.017732718076903,19.407440361835103,8838400,BP
2021-09-09,18.94758415222168,19.13464363225771,18.83846649385481,18.908613984695396,9199200,BP
2021-09-10,19.095672607421875,19.306115070495714,19.072289615985937,19.251556243761726,7679100,BP
2021-09-13,19.516555786132812,19.62567342983082,19.321702001462715,19.321702001462715,10036400,BP
2021-09-14,19.21258544921875,19.79714688166932,19.158026620048684,19.79714688166932,9315500,BP
2021-09-15,20.085533142089844,20.155680639780424,19.765972979995755,19.781560156558417,15378600,BP
2021-09-16,19.750381469726562,20.069941585754894,19.664645321215758,20.05435292482265,10188100,BP
2021-09-17,19.672439575195312,19.85170471536953,19.454202782842007,19.81273454980697,13286500,BP
2021-09-20,19.352880477905273,19.54773428919575,19.119056499003346,19.438616630590396,12748300,BP
2021-09-21,19.664642333984375,19.898467752598297,19.547730367985565,19.85170177690573,12694800,BP
2021-09-22,19.992000579833984,20.34273803197461,19.992000579833984,20.202443051118358,12788000,BP
2021-09-23,20.38949966430664,20.45964714487552,19.99199776995509,20.09332256927298,10291200,BP
2021-09-24,20.451858520507812,20.514211688783696,20.186857183681113,20.23362168823383,8346600,BP
2021-09-27,21.106565475463867,21.23127179987237,20.96627048885014,20.97406481995275,15171200,BP
2021-09-28,21.231266021728516,21.737885512587336,21.184501534456565,21.714504012259486,19706400,BP
2021-09-29,21.129945755004883,21.26244639349864,20.82597282750952,21.067592600808787,10912500,BP
2021-09-30,21.301416397094727,21.472887198189536,21.07538677231595,21.301416397094727,14574000,BP
2021-10-01,21.511863708496094,21.620981380516557,21.285832546034527,21.363774377456338,10620200,BP
2021-10-04,21.8314208984375,22.15877535641763,21.737890416178928,21.800243575479115,15151700,BP
2021-10-05,22.150983810424805,22.431573805858765,21.96392430900775,22.135395146985857,14724200,BP
2021-10-06,21.90936279296875,21.9405386294155,21.558625341589167,21.8080379796295,20228000,BP
2021-10-07,22.002893447875977,22.0808352747943,21.698921958172882,21.800245292535013,11055400,BP
2021-10-08,22.5017147064209,22.603038015828943,22.345831090975544,22.369214079277246,12630400,BP
2021-10-11,22.68098258972168,23.03171853732494,22.642010937799196,22.91480655479052,11035000,BP
2021-10-12,22.68098258972168,22.829071893794087,22.43936429426834,22.61862943326222,13346800,BP
2021-10-13,22.751131057739258,22.85245438387439,22.2756872900964,22.40039360839345,9066600,BP
2021-10-14,22.953777313232422,23.12524811516727,22.883629829118973,23.07068929121602,9777500,BP
2021-10-15,23.327896118164062,23.468191085673713,23.273337294491743,23.359071951712625,11813100,BP
2021-10-18,23.156423568725586,23.359071687658044,23.070688912473862,23.343484514368186,9172500,BP
2021-10-19,23.273338317871094,23.398044630781843,23.210985161415717,23.320102813558496,6069400,BP
2021-10-20,23.48377799987793,23.608485792544744,23.117453411681986,23.210983884527987,6858900,BP
2021-10-21,22.945981979370117,23.37465970876278,22.821275676760745,23.296717897977825,9281900,BP
2021-10-22,23.00054168701172,23.062894840718506,22.73554041210375,22.945982863345332,8098900,BP
2021-10-25,23.156423568725586,23.335690184415043,23.04730592261443,23.265542701453175,6590800,BP
2021-10-26,23.101863861083984,23.24215882163573,22.938187398184535,23.226570162326343,7329400,BP
2021-10-27,22.797895431518555,23.179808715054282,22.74333660338725,22.805689762196824,10507000,BP
2021-10-28,22.774513244628906,22.81348489939801,22.5095119386655,22.696572908323947,8716700,BP
2021-10-29,22.43936538696289,22.696572355710025,22.31465758135476,22.587453211629985,11075700,BP
2021-11-01,22.821273803710938,22.89921412148257,22.649801536734298,22.751126328423453,10519900,BP
2021-11-02,21.7768611907959,22.15098013149472,21.761272529945984,22.112009965986452,18798700,BP
2021-11-03,21.246856689453125,21.472886304828126,21.215679370578567,21.410533153695397,16392200,BP
2021-11-04,21.28582763671875,21.6989182073483,21.17670998986494,21.550828910463526,12463800,BP
2021-11-05,21.706716537475586,21.784658365284216,21.488479716934766,21.769069702399147,8295300,BP
2021-11-08,21.839218139648438,22.057453482974616,21.698923140872022,21.870393980144986,8086700,BP
2021-11-09,21.979507446289062,21.995094619192262,21.605387050900728,21.932741467730274,7522700,BP
2021-11-10,21.623064041137695,22.151417597554943,21.51266229935559,22.08044461952047,8165000,BP
2021-11-11,21.615177154541016,21.970042031037295,21.59151899473764,21.757123105139527,6749100,BP
2021-11-12,21.59151840209961,21.717693746810177,21.50477482675655,21.559975694005086,6929500,BP
2021-11-15,21.7255802154541,21.804439248824746,21.35494471395632,21.638836632446257,7681100,BP
2021-11-16,21.820215225219727,22.088335083753137,21.788671004634043,22.04890480802103,7109500,BP
2021-11-17,21.63095474243164,21.977933653585726,21.591524466100925,21.74135650793516,5335100,BP
2021-11-18,21.520549774169922,21.55209248642896,21.22088573509843,21.323402934190106,9157300,BP
2021-11-19,20.684646606445312,20.905451614218887,20.582130908903583,20.79504986238763,12258700,BP
2021-11-22,21.02374267578125,21.244547717745593,20.676763753869082,20.700421920401034,10026500,BP
2021-11-23,21.65460968017578,21.694039953367422,21.33917501519831,21.33917501519831,9979100,BP
2021-11-24,21.804443359375,21.84387363554915,21.489008670537974,21.496894725772805,7204900,BP
2021-11-26,20.471725463867188,20.49538362420594,20.077431816220027,20.321894960721114,16770400,BP
2021-11-29,20.645217895507812,21.047397640706013,20.621559732574603,20.889679562706736,10096600,BP
2021-11-30,20.471725463867188,20.71618860836827,20.274578640043607,20.55847054766505,13760200,BP
2021-12-01,20.29824447631836,21.102604182679936,20.282472363461512,20.992202400904944,9829500,BP
2021-12-02,21.339176177978516,21.43380733468381,20.724078923783335,20.85813885171763,15192600,BP
2021-12-03,21.220888137817383,21.65461063323647,21.102600321258652,21.638840027376848,10792200,BP
2021-12-06,21.552095413208008,21.8438734378105,21.52843724771768,21.804443161993284,10104700,BP
2021-12-07,21.717697143554688,22.00947363153518,21.65460870927668,21.812326786749583,9051800,BP
2021-12-08,21.68614959716797,21.92272517294729,21.65460538487162,21.80443738505763,7878100,BP
2021-12-09,21.41803741455078,21.489010413308968,21.22089053002501,21.410151358676387,9527400,BP
2021-12-10,21.615177154541016,21.64672136761218,21.386487626218532,21.62306320780881,8256600,BP
2021-12-13,20.968538284301758,21.268200823031062,20.936994067534968,21.197227839416822,8849000,BP
2021-12-14,20.936992645263672,21.22877061409154,20.87390572012669,20.88967782743867,8619800,BP
2021-12-15,20.99219512939453,21.0552820548577,20.55058514704141,20.90545004284107,9290800,BP
2021-12-16,21.078943252563477,21.402264003224307,21.055286590488123,21.19723107527405,10366100,BP
2021-12-17,20.739850997924805,21.08682992492428,20.739850997924805,21.08682992492428,11410000,BP
2021-12-20,20.227266311645508,20.392870446166047,19.97491858676762,20.377098337333408,28787900,BP
2021-12-21,20.842363357543945,20.921222391309332,20.52692872659336,20.534814780380998,14712800,BP
2021-12-22,21.110485076904297,21.165685954293373,20.77927830845874,20.97642515862607,10692100,BP
2021-12-23,21.26819610595703,21.646719102650682,21.24453945273979,21.42591414658861,10719400,BP
2021-12-27,21.40226173400879,21.418033843127603,20.881794165976807,21.126257344985095,8460600,BP
2021-12-28,21.347061157226562,21.536321956987834,21.213001236048438,21.41803414515093,8450300,BP
2021-12-29,21.28397560119629,21.504780633927652,21.25243288458394,21.378606759255796,10909100,BP
2021-12-30,21.047399520874023,21.449579301999012,21.039513465858487,21.354948145923817,9713800,BP
2021-12-31,21.00008201599121,21.08682711219817,20.905452369320997,20.936995083507366,6484100,BP
2022-01-03,21.583641052246094,21.670384656521932,21.015857076055667,21.04740129878239,9785600,BP
2022-01-04,22.514171600341797,22.63246092378132,22.16719419752696,22.182964803755834,15444300,BP
2022-01-05,22.372228622436523,22.92423898441947,22.364342566736738,22.813837212845147,13507900,BP
2022-01-06,22.719202041625977,22.963665212869902,22.545713359162505,22.884806173891576,13366900,BP
2022-01-07,23.39739227294922,23.421050440529193,22.93212550598927,23.081957559106378,16171800,BP
2022-01-10,23.310636520385742,23.626071090220396,23.16869058793248,23.54721357584474,10207300,BP
2022-01-11,24.083465576171875,24.12289435379088,23.397393715176438,23.499909439452722,14559100,BP
2022-01-12,24.596040725708008,24.761643353011934,24.485637470060997,24.548724400097406,19244700,BP
2022-01-13,24.61969757080078,24.919361618825807,24.57238274894301,24.761643540485153,14885600,BP
2022-01-14,25.266340255737305,25.289996914392525,24.911475334798446,24.943018047709092,19625900,BP
2022-01-18,25.534460067749023,25.676406036034354,25.155936984284462,25.55023217624985,16067600,BP
2022-01-19,25.31365394592285,25.73949185732216,25.029763509101056,25.63697465460259,14456700,BP
2022-01-20,24.730100631713867,25.211137909037706,24.706442468916542,24.864160546009934,12563100,BP
2022-01-21,24.21752166748047,24.509299707475634,24.091347786431562,24.327924941481744,17472600,BP
2022-01-24,23.641847610473633,23.64973366420626,22.782287307059644,23.184467022757918,20993700,BP
2022-01-25,24.76164436340332,24.824731296013972,23.539334480030263,23.854769143083523,17655000,BP
2022-01-26,24.840503692626953,25.33731460878173,24.635470783242095,25.242681952604066,16620000,BP
2022-01-27,24.86416244506836,25.353087318111804,24.556612321657493,25.250570108937794,14698700,BP
2022-01-28,24.50140953063965,24.72221453739041,24.170202772569027,24.485637422133653,14609200,BP
2022-01-31,24.38312530517578,24.556614011881443,24.249065371413273,24.540843405170946,10179000,BP
2022-02-01,25.0455379486084,25.14805365675711,24.501412179220498,24.60392939148043,15409100,BP
2022-02-02,25.2032527923584,25.258453670161295,24.935134457903047,25.07707892763431,11775200,BP
2022-02-03,25.35308265686035,25.502913159473717,24.982445666758814,25.289994229514647,13173100,BP
2022-02-04,25.92875862121582,26.17321882829708,25.77892506645229,25.802584737754394,16951100,BP
2022-02-07,26.291505813598633,26.48865267692549,25.676408562650007,25.778922765659843,15654900,BP
2022-02-08,25.873552322387695,26.464992841423687,25.455598976677944,26.386132300618996,19711100,BP
2022-02-09,26.015493392944336,26.57538959031711,25.96028952065633,26.24418139769646,17658600,BP
2022-02-10,26.070701599121094,26.512308636020038,25.968184390602843,26.02338527021521,13024300,BP
2022-02-11,26.204761505126953,26.938148099545984,26.14167607122964,26.47288136769114,29645900,BP
2022-02-14,25.589664459228516,26.149560850934144,25.36097336687917,26.125904189043702,20608500,BP
2022-02-15,25.360973358154297,25.471375124568407,24.808961517861214,25.22691342574662,19787000,BP
2022-02-16,25.61331558227539,26.023381346294535,25.565999260504075,25.605431032757775,15300500,BP
2022-02-17,25.723255157470703,25.962244216100434,25.49223108393397,25.874614185523686,12509600,BP
2022-02-18,25.30900764465332,25.619693744489698,25.189513107751292,25.563929728565782,11377300,BP
2022-02-22,24.743396759033203,25.39663494770637,24.544238700561852,25.30900643520865,16344100,BP
2022-02-23,24.799158096313477,25.014249140922214,24.703563089457532,24.86288860736919,11924500,BP
2022-02-24,23.237762451171875,23.90693365287677,22.7119852954688,23.715742098026144,39965300,BP
2022-02-25,24.480504989624023,24.49643799689288,23.859132900690756,23.946761401759044,22371600,BP
2022-02-28,23.26962661743164,23.381156162422613,22.560624421746187,22.72791797950495,37847800,BP
2022-03-01,22.6960506439209,23.36522179720967,22.44909509337192,22.92707470564323,24860000,BP
2022-03-02,23.986597061157227,24.161855605700442,23.636078452615397,23.755572983870106,28593500,BP
2022-03-03,22.89520835876465,23.48471598159402,22.8075783339335,23.245726938633968,18735700,BP
2022-03-04,22.31366539001465,22.457059411684504,21.955180335840016,22.321631893380214,22937200,BP
2022-03-07,22.70401954650879,22.88724460274113,22.28180389916624,22.60045802064652,26330200,BP
2022-03-08,23.69980812072754,24.11405723238097,23.16606448210437,23.45285256239603,33894400,BP
2022-03-09,23.12623405456543,23.532516671927855,22.879276970638706,23.181998067240695,24512200,BP
2022-03-10,23.12623405456543,23.20589606155559,22.7438494315179,23.00673800516942,20436700,BP
2022-03-11,22.520795822143555,22.91114547264095,22.46503180342329,22.608424343223017,19553800,BP
2022-03-14,22.194175720214844,22.377400779228854,21.859590103145333,22.210107210966356,19434700,BP
2022-03-15,22.345531463623047,22.56858901526129,21.756023847995476,21.995014407491144,15614600,BP
2022-03-16,22.79165267944336,22.79961918550863,22.41723449165401,22.616392584918756,17662100,BP
2022-03-17,23.134201049804688,23.285560081860442,22.950974479257304,23.078435516491318,18703900,BP
2022-03-18,22.89520835876465,22.982838383595798,22.600455307077603,22.831477846011616,16269400,BP
2022-03-21,23.739635467529297,23.795400989686083,23.420982938194665,23.42894944135992,13650800,BP
2022-03-22,23.636075973510742,23.827267507355952,23.373187424541676,23.827267507355952,10811700,BP
2022-03-23,24.50440788269043,24.66373341900389,24.209653285354637,24.297283317973058,21290000,BP
2022-03-24,24.488475799560547,24.751364387904818,24.384914273012093,24.695600372112924,10445400,BP
2022-03-25,24.735429763793945,24.886790310677824,24.36101316829737,24.368979672812877,16918100,BP
2022-03-28,23.843204498291016,24.082193575659282,23.74760795567041,24.066260565313264,14869200,BP
2022-03-29,23.58827781677246,23.63607531904648,23.086398724802084,23.301489764217962,15603500,BP
2022-03-30,23.95473289489746,24.169823979462453,23.811338838520797,23.851171364989604,14757400,BP
2022-03-31,23.42098617553711,23.82726877639244,23.405053167004276,23.68387473850758,13423500,BP
2022-04-01,23.77150535583496,23.79540486922724,23.460819279012128,23.540481284742338,10204600,BP
2022-04-04,23.73167610168457,23.930834169596167,23.596248554726465,23.898968149391685,13298000,BP
2022-04-05,23.65997886657715,24.14592351475703,23.548449316302612,23.9706649635477,19572600,BP
2022-04-06,23.57235336303711,23.986602584941025,23.45285880426445,23.898972532761725,12974700,BP
2022-04-07,23.78744125366211,23.914902301656564,23.365225582520765,23.811339250501355,14060200,BP
2022-04-08,24.273380279541016,24.35304379585918,23.835233218973908,23.835233218973908,15492700,BP
2022-04-11,23.875070571899414,24.289319751444626,23.811340045773658,24.26542023435162,10320500,BP
2022-04-12,24.329151153564453,24.743398794475613,24.313218142906766,24.43271268392836,10874500,BP
2022-04-13,24.862886428833008,24.89475244129632,24.647796922526087,24.75932492723746,9507300,BP
2022-04-14,24.92662239074707,25.030183908699442,24.759328837802045,24.87882336450258,8472500,BP
2022-04-18,24.894758224487305,25.062050270417238,24.7354311640684,24.966455249730263,7479100,BP
2022-04-19,25.022214889526367,25.293069933202112,24.870854360541642,24.96645088396757,9101400,BP
2022-04-20,25.01424789428711,25.085944905583524,24.80712336381471,24.950517386407537,8730000,BP
2022-04-21,24.54423713684082,25.28510531026617,24.46457361463659,25.197475283895983,9336700,BP
2022-04-22,23.80337142944336,24.520341684104228,23.715742913450168,24.30525060770597,12247200,BP
2022-04-25,22.887239456176758,23.014700468325024,22.249934395435425,22.95096996225089,18157200,BP
2022-04-26,22.58452033996582,23.03063389053961,22.520789832740995,22.536722839410988,13884400,BP
2022-04-27,22.783681869506836,22.919109408122626,22.488927278594097,22.67215232511682,13325300,BP
2022-04-28,23.38115882873535,23.436922847862295,22.65622354117397,22.998775680902977,13893300,BP
2022-04-29,22.87928009033203,23.516586869340653,22.85538209275854,23.341326783371873,15366900,BP
2022-05-02,22.99080467224121,22.99877117619262,22.433161551284783,22.743847608113363,12851400,BP
2022-05-03,24.8389949798584,24.934590003511406,24.090160203784148,24.13795771561065,19291500,BP
2022-05-04,25.372737884521484,25.436468404793512,24.79119669710727,25.133747293909774,15372200,BP
2022-05-05,24.87085723876953,25.285106355796355,24.528306662201004,25.21340933479343,16744900,BP
2022-05-06,25.38070297241211,25.41256747104131,24.974420358566007,25.269173428571467,17155400,BP
2022-05-09,23.644044876098633,24.59203765711397,23.58031435835128,24.584071152463626,18948100,BP
2022-05-10,23.81133460998535,24.24948320660049,23.301490517369444,24.074223160172338,15934800,BP
2022-05-11,24.0742244720459,24.815092659159955,24.034393469935495,24.512373092537015,15016900,BP
2022-05-12,23.847110748291016,23.919594488982874,23.299456501342792,23.87932489074956,17077000,BP
2022-05-13,24.55583953857422,24.660538961087983,24.145098840670983,24.153152760566517,14035100,BP
2022-05-16,24.982690811157227,25.20014206375682,24.644433819156184,24.660541660710596,16776700,BP
2022-05-17,25.353158950805664,25.522288194861993,25.184031242877474,25.417588773272804,10712200,BP
2022-05-18,25.055171966552734,25.82027746371831,24.918258399779784,25.6753084408743,11209700,BP
2022-05-19,24.99074363708496,25.280677091720726,24.604163137356853,24.604163137356853,12418400,BP
2022-05-20,25.192087173461914,25.610880284861114,24.7652386054672,25.264570921538905,12702100,BP
2022-05-23,25.860544204711914,26.045779745540543,25.659200824821298,25.771952625999056,12621600,BP
2022-05-24,25.83638572692871,25.916921855420945,25.40953564360204,25.594772733067458,10519300,BP
2022-05-25,26.0699405670166,26.126316468900836,25.73973753929913,25.8847050219318,9442200,BP
2022-05-26,26.31155014038086,26.51289351056041,26.206853799911823,26.231014021211447,10621700,BP
2022-05-27,26.22296714782715,26.303503283917774,25.96524782562916,26.10215987143455,8402000,BP
2022-05-31,26.0699405670166,26.746454461883637,26.04578034399657,26.609542435095136,13369100,BP
2022-06-01,26.327655792236328,26.45651541555961,25.91691670297329,26.351819083785276,9856100,BP
2022-06-02,26.432355880737305,26.5692709622076,25.997453488663435,26.069937220675747,7617100,BP
2022-06-03,26.56122398376465,26.609547511279413,26.367936018219236,26.400148630972257,8163200,BP
2022-06-06,26.657861709594727,26.875312923987337,26.56927320499575,26.738400903215748,6750800,BP
2022-06-07,27.535722732543945,27.543778189140546,26.802832867335752,26.826996164869033,13863200,BP
2022-06-08,27.47934913635254,27.62431664471764,27.189414119622334,27.318273785696118,9720600,BP
2022-06-09,26.996116638183594,27.406855718892626,26.988061183749785,27.33437199026683,7967700,BP
2022-06-10,26.142425537109375,26.303500866745193,25.900814078783842,26.174641217487814,12174600,BP
2022-06-13,25.143760681152344,25.52228721776741,24.612214282116113,25.32899775776588,16638300,BP
2022-06-14,24.85382843017578,25.69141612964447,24.555839538553943,25.401482694046308,11609600,BP
2022-06-15,24.982690811157227,25.28067819927224,24.394768419576085,25.167926380647998,10857400,BP
2022-06-16,23.82295036315918,24.16926124729601,23.718252473971116,23.9679178529028,15950300,BP
2022-06-17,22.357168197631836,23.60549648882218,22.30079229928657,23.444422712996857,23876100,BP
2022-06-21,23.452482223510742,23.573287968213023,23.210869197977793,23.500804214165978,13941900,BP
2022-06-22,22.622940063476562,22.904821074839038,22.429650622118046,22.59072438851951,12525500,BP
2022-06-23,22.035022735595703,22.759858686397504,21.793409727909587,22.759858686397504,13695400,BP
2022-06-24,22.735698699951172,22.97731172650198,22.453817603706092,22.6954306302569,12357900,BP
2022-06-27,23.11421775817871,23.404151144682892,22.95314245979914,23.073948165519873,10856600,BP
2022-06-28,23.412208557128906,23.78268118423814,23.186704949098008,23.621605861820537,13488600,BP
2022-06-29,23.170595169067383,23.935699046152383,23.122271654712378,23.839055089698356,15388700,BP
2022-06-30,22.83233642578125,22.977303885012855,22.494079532950124,22.93703429293304,12473700,BP
2022-07-01,22.77596092224121,22.816228978881345,21.986693801394672,22.510187754483795,11915100,BP
2022-07-05,21.865890502929688,22.115555861069748,21.36655978664957,22.075287799995824,17328600,BP
2022-07-06,21.51958656311035,21.890059295782443,20.96387976829505,21.640393857410558,13916900,BP
2022-07-07,22.37327766418457,22.6229430333655,22.236364099899262,22.50213730867332,16520500,BP
2022-07-08,22.421600341796875,22.92093109563557,22.260525013129318,22.83234104738378,11372000,BP
2022-07-11,22.115558624267578,22.220258053946203,21.81757124838158,22.10750623994915,10139700,BP
2022-07-12,21.648439407348633,21.761192744015958,21.39072012832859,21.511525848353227,12383500,BP
2022-07-13,21.753141403198242,21.970592646696605,21.44709857098686,21.479314252747326,9221000,BP
2022-07-14,20.955820083618164,20.971927923245833,20.43232758474403,20.657831195018844,14617400,BP
2022-07-15,21.47126007080078,21.57595949911886,21.213540764368954,21.503475752168878,9124600,BP
2022-07-18,22.010860443115234,22.510192751387343,21.922268855487545,22.389385482393863,10364700,BP
2022-07-19,22.59878158569336,22.647105105139293,22.155826743669387,22.163880663577043,10550500,BP
2022-07-20,22.6632137298584,22.7356974803225,22.389386569466975,22.61489174159177,9983600,BP
2022-07-21,22.37327766418457,22.40549180724269,21.82562340704333,21.922267372345825,9413900,BP
2022-07-22,22.188039779663086,22.453812978837117,22.002804239417443,22.236363296696965,10903500,BP
2022-07-25,22.647106170654297,22.647106170654297,22.1960958513751,22.357171184850277,8862500,BP
2022-07-26,22.606834411621094,22.89676936975367,22.46992085207272,22.83233954973844,8057700,BP
2022-07-27,23.162548065185547,23.243085743346043,22.614893697048316,22.83234496724312,9767400,BP
2022-07-28,22.928983688354492,23.01757526760602,22.566566524024594,22.94509152751442,13455800,BP
2022-07-29,23.661874771118164,23.702144371227703,23.194758162744762,23.194758162744762,14193000,BP
2022-08-01,23.396100997924805,23.444424516905826,23.146435627702076,23.35583293490209,13983600,BP
2022-08-02,23.645767211914062,24.24979735633725,23.637713292319717,24.161205776927527,17030700,BP
2022-08-03,23.911542892456055,24.370605604019214,23.839059144722057,24.33033600187352,13523800,BP
2022-08-04,23.637714385986328,24.12899121494708,23.613552626085372,24.112884911141276,14429000,BP
2022-08-05,23.887374877929688,24.112879982528078,23.4122044498984,23.4122044498984,12266100,BP
2022-08-08,24.290067672729492,24.523626754259695,24.19342370088324,24.435035166627102,9676100,BP
2022-08-09,24.620271682739258,24.86993707852589,24.539734012319226,24.72497111512379,9564900,BP
2022-08-10,24.805503845214844,24.97463308349917,24.59610808143895,24.966579163949625,11735500,BP
2022-08-11,25.604103088378906,25.726337515073396,25.39222935677076,25.538911290522176,11116000,BP
2022-08-12,25.807830810546875,25.840425936318237,25.375934125435734,25.514466907128345,7814000,BP
2022-08-15,25.229249954223633,25.261846631422607,24.6751204304971,24.805504030702767,8130900,BP
2022-08-16,25.204805374145508,25.441125079535762,25.139613570490074,25.302592302481063,8540700,BP
2022-08-17,25.498170852661133,25.61225612757567,25.08257249566421,25.286297089037486,9541200,BP
2022-08-18,26.01155662536621,26.036004136569666,25.73449104890836,25.799682857822248,9264800,BP
2022-08-19,25.67744255065918,26.019699857925882,25.644845876493317,25.938209726806196,16594600,BP
2022-08-22,25.840423583984375,25.905616938182852,25.490018630938224,25.693743199923134,10577100,BP
2022-08-23,26.52493667602539,26.655320268045504,26.20712686476324,26.231572816832625,10199500,BP
2022-08-24,26.313066482543945,26.39455506796037,26.003404262499053,26.10934191041262,8896300,BP
2022-08-25,26.622726440429688,26.736814815666335,26.484195219099316,26.60643120970054,6996800,BP
2022-08-26,26.345664978027344,26.802006061591793,26.272324002655843,26.647176495181068,9500300,BP
2022-08-29,26.459747314453125,26.720514507167373,26.003403172908122,26.01970151102653,7155000,BP
2022-08-30,25.604103088378906,25.840422772748912,25.43297364757057,25.80782765096808,11848100,BP
2022-08-31,25.1314640045166,25.40852955425771,24.544737780868164,24.61807719881594,14191900,BP
2022-09-01,24.92774200439453,25.02552894129892,24.60993212801226,24.870699365484413,8779900,BP
2022-09-02,25.36778450012207,25.848574642408735,25.278146740138187,25.775233667870417,12041100,BP
2022-09-06,25.36778450012207,25.75078771255446,25.286295910008583,25.685595907886533,9529400,BP
2022-09-07,24.99293327331543,25.017380784160544,24.60993159584715,24.84625131683536,10867700,BP
2022-09-08,25.017379760742188,25.098868351635062,24.732165029731398,24.80550600497118,9721700,BP
2022-09-09,25.824129104614258,25.8567242303276,25.5307652017179,25.628553687448438,8657100,BP
2022-09-12,26.18268394470215,26.41900209544908,26.052298783288148,26.18268394470215,7723000,BP
2022-09-13,25.889318466186523,26.207128294790394,25.767084036284658,25.856721789255303,10144600,BP
2022-09-14,26.14194107055664,26.37825923414207,25.94636409495809,26.060449368811174,7688200,BP
2022-09-15,25.669294357299805,25.80782711917767,25.54705993312405,25.628550067339564,9639400,BP
2022-09-16,25.269994735717773,25.514463587226476,25.017376715252773,25.490017634652638,7943400,BP
2022-09-19,25.18035888671875,25.204806396942306,24.683271946535243,24.73216541268709,5023100,BP
2022-09-20,25.26184844970703,25.416679568956287,25.131464840116678,25.400381229183687,7236500,BP
2022-09-21,24.870697021484375,25.55521173248267,24.870697021484375,25.481870759568913,7877300,BP
2022-09-22,25.090721130371094,25.59595724074755,25.090721130371094,25.465573628115223,8809700,BP
2022-09-23,22.88234519958496,23.72169104472987,22.776409099855616,23.6809451953761,17738100,BP
2022-09-26,22.214130401611328,22.963836986082782,22.173384549343925,22.67047306693885,17517500,BP
2022-09-27,22.450448989868164,22.857898166122,22.328214547851065,22.678621088116603,13906800,BP
2022-09-28,23.273494720458984,23.338686521468304,22.43415047675089,22.515639062291182,12249500,BP
2022-09-29,23.428327560424805,23.4772210262178,22.833452138008358,23.110517701327435,10891100,BP
2022-09-30,23.265344619750977,23.689092086496817,23.18385603747261,23.257197004959203,7811100,BP
2022-10-03,24.528438568115234,24.63437466075174,24.24322385891602,24.308415659221975,9804800,BP
2022-10-04,25.490018844604492,25.522613967681842,24.805504162733744,24.85439762449733,11348800,BP
2022-10-05,25.57150650024414,25.66929497451307,25.06627045369071,25.245547509839497,12498200,BP
2022-10-06,25.375930786132812,25.43297341444771,24.772906272911694,24.78920461080025,16464300,BP
2022-10-07,25.327041625976562,25.693746519241238,25.188508838998274,25.473723583282432,11040900,BP
2022-10-10,24.732166290283203,25.26999909992376,24.715867949555836,25.131466312331778,8890700,BP
2022-10-11,24.292118072509766,24.805504875818745,24.23507543976325,24.47954586419925,8816900,BP
2022-10-12,24.406206130981445,24.512142232273646,24.07209793282764,24.25137500974338,9185700,BP
2022-10-13,25.384082794189453,25.514466403290704,24.46324836062494,24.46324836062494,12228600,BP
2022-10-14,24.715866088867188,25.392231635180785,24.691418579616624,25.359636510475237,10543700,BP
2022-10-17,24.838102340698242,25.204807234764733,24.838102340698242,24.878848192425252,8482800,BP
2022-10-18,24.838102340698242,25.09886957456983,24.438802319545463,25.03367776610193,11167600,BP
2022-10-19,25.18035888671875,25.245550693019634,24.797357218987973,24.82995234499078,9749300,BP
2022-10-20,25.229249954223633,25.620402309135756,25.11516469261745,25.37593189302879,8263300,BP
2022-10-21,25.555213928222656,25.60410739626776,25.017381116840525,25.082572925665772,11288800,BP
2022-10-24,25.913766860961914,26.215278379505992,25.669297978126426,25.758937293837224,11514100,BP
2022-10-25,26.14194107055664,26.215278939241706,25.970811605481728,26.10119366538862,7872800,BP
2022-10-26,26.32936668395996,26.476048634958442,26.01155527203151,26.044150397644923,10742900,BP
2022-10-27,27.07906723022461,27.429473710311143,27.013876989686874,27.250195108799897,12764300,BP
2022-10-28,27.013877868652344,27.0301730978745,26.622723978338808,26.940536902792317,11293200,BP
2022-10-31,27.11981773376465,27.201309438848494,26.590135639377785,26.622729212820627,10393700,BP
2022-11-01,27.05462646484375,27.372436331289105,26.95683953099685,27.33169203456878,11157600,BP
2022-11-02,26.69607162475586,27.33984214078419,26.66347804956509,27.09537322960368,11130500,BP
2022-11-03,26.92424201965332,27.03832729038728,26.459750212470485,26.52494046349397,8239500,BP
2022-11-04,27.64134979248047,27.788031740201564,27.372434960718735,27.633202176980593,10965600,BP
2022-11-07,27.9754581451416,28.146586029931534,27.86952050325684,28.024350050172956,8989300,BP
2022-11-08,27.486522674560547,27.714693231940952,27.26649973340486,27.608758678066163,8902800,BP
2022-11-09,26.6298828125,27.264120956934025,26.588695824155977,27.132330763760894,11371600,BP
2022-11-10,27.14056968688965,27.39591142124379,26.893463465010182,27.379440396294434,10854300,BP
2022-11-11,27.873653411865234,28.030153289103314,27.69244071244398,27.931311426749062,10413400,BP
2022-11-14,27.634782791137695,27.956021201471415,27.618308623668508,27.659495613404555,6713500,BP
2022-11-15,27.93131446838379,28.161946553034223,27.82423393959902,28.005446658753783,10269600,BP
2022-11-16,27.980735778808594,28.37610639648989,27.898364936296016,28.30197420929175,8778600,BP
2022-11-17,28.293731689453125,28.293731689453125,27.76657093788078,27.939544970341842,9614000,BP
2022-11-18,28.038393020629883,28.112525205774002,27.53594189266709,27.80775781011135,6718500,BP
2022-11-21,27.288837432861328,27.3300212845946,26.605173554008424,27.255889094624123,10601600,BP
2022-11-22,28.738525390625,28.787947890480584,28.170180781852785,28.310206484921274,15271400,BP
2022-11-23,28.812660217285156,28.87031823468589,28.573789492552816,28.730292518748765,9561300,BP
2022-11-25,29.051532745361328,29.240980977455866,28.927978047760924,28.993874724381534,3506800,BP
2022-11-28,28.606740951538086,28.91150523994244,28.35963468682843,28.52437324401041,7479900,BP
2022-11-29,29.0844783782959,29.430426471995315,28.96915920493657,28.993872027433806,8203900,BP
2022-11-30,29.570459365844727,29.743433436327336,29.17508557313215,29.66106258695946,13261300,BP
2022-12-01,29.422191619873047,29.735191385354824,29.356294947902402,29.64458817458458,7051300,BP
2022-12-02,29.125667572021484,29.224509453773322,28.911506495744604,28.93621932277764,7595000,BP
2022-12-05,28.829132080078125,29.611637722105456,28.664393554052474,29.47984752971014,7165100,BP
2022-12-06,28.310213088989258,28.936218998020916,28.203135694179338,28.56555801795306,12890200,BP
2022-12-07,27.93131446838379,28.40905594901854,27.82423393959902,28.15371103949378,10018300,BP
2022-12-08,27.947784423828125,28.549077369669977,27.84070391118817,28.483183844901866,8826900,BP
2022-12-09,27.766572952270508,28.1454693771853,27.73362461737544,27.898363149724617,6311800,BP
2022-12-12,28.087812423706055,28.211367113168983,27.791286824822322,27.84894484200468,5890900,BP
2022-12-13,28.83736801147461,28.9609226933208,28.656158458126566,28.75500031832787,9256400,BP
2022-12-14,28.66440200805664,28.969166328706446,28.53261177679238,28.853850269116087,7252800,BP
2022-12-15,28.2360782623291,28.532607018756945,28.005446181608082,28.442000660723277,7088500,BP
2022-12-16,27.741865158081055,27.791287663783447,27.29707203313866,27.49475891382185,10431900,BP
2022-12-19,27.964262008666992,28.236077937514718,27.840707314201225,28.186658573429533,7513300,BP
2022-12-20,28.071338653564453,28.2607868546616,27.890125964634155,28.013677499892655,5286300,BP
2022-12-21,28.85384750366211,28.960928038216025,28.409057479604805,28.606741236491015,8138400,BP
2022-12-22,28.343158721923828,28.65616164653444,27.980736432776997,28.57379080209668,6249900,BP
2022-12-23,28.83736801147461,28.87031634558374,28.44199742854331,28.524368263816132,5191800,BP
2022-12-27,28.862083435058594,28.96092530417057,28.730293228867172,28.829135097979147,4325800,BP
2022-12-28,28.483182907104492,29.175079033956344,28.40905073035238,29.175079033956344,5232400,BP
2022-12-29,28.582027435302734,28.70557898002792,28.40905338741175,28.450237235653475,4881500,BP
2022-12-30,28.77147674560547,28.79618642706541,28.392580299963473,28.433764149772156,4823000,BP
2023-01-03,28.26902198791504,28.985630937612147,28.079573789357227,28.82913107153202,7967400,BP
2023-01-04,27.82423210144043,28.054867312980853,27.618309713141727,27.84070626955948,7492400,BP
2023-01-05,27.923078536987305,27.997210726247946,27.643023948905597,27.659498117866455,6440200,BP
2023-01-06,28.384342193603516,28.49965823214826,28.02191990930198,28.161945629784487,6855400,BP
2023-01-09,28.63968849182129,29.035059132743893,28.499659622381685,28.944452771717067,7831300,BP
2023-01-10,28.70557975769043,28.77147643036337,28.42552518308303,28.67263456348026,6508600,BP
2023-01-11,28.862083435058594,28.870318948265272,28.54908051705658,28.755002910613573,7073300,BP
2023-01-12,29.0844783782959,29.3480587760077,28.73852714247029,28.93621401181724,8934700,BP
2023-01-13,29.290401458740234,29.29863697168487,29.03505656768872,29.15861125674216,7235200,BP
2023-01-17,29.397480010986328,29.55398304231732,29.257454290454803,29.290402627800947,6708100,BP
2023-01-18,29.109188079833984,29.842271257885887,29.10095256707971,29.80108740986213,8686700,BP
2023-01-19,29.273927688598633,29.422192060627374,28.919740926766234,28.960924776301702,8334000,BP
2023-01-20,29.240978240966797,29.240978240966797,29.00210752376129,29.09271387457208,11760700,BP
2023-01-23,29.306875228881836,29.48808479034015,29.14213669308919,29.240978557714286,6143600,BP
2023-01-24,29.068002700805664,29.100951034339765,28.672632124774534,28.927973854348746,6575900,BP
2023-01-25,29.026824951171875,29.059770149499105,28.63145114997822,28.829138050575047,8041800,BP
2023-01-26,29.858745574951172,29.941113271410895,29.306875095993345,29.413952472965747,12180700,BP
2023-01-27,29.91640281677246,30.14703487459276,29.768138453280518,29.998770511100815,8445500,BP
2023-01-30,29.7928524017334,30.138803680156244,29.77638137420874,30.09761982709144,6724300,BP
2023-01-31,29.8422794342041,29.850518091341833,29.348066838260124,29.529276447638484,8023000,BP
2023-02-01,30.015247344970703,30.221169741212034,29.56221870166506,30.072905364548163,10643700,BP
2023-02-02,28.993871688842773,29.932877237491113,28.70557847200043,29.908167557408625,16777900,BP
2023-02-03,28.95269012451172,29.46337678662102,28.804425748072504,29.06800616349191,10281900,BP
2023-02-06,28.697343826293945,28.87855653137635,28.23607655068702,28.787950178835146,14223000,BP
2023-02-07,31.094274520874023,31.24253886267473,29.80931793930975,29.875214598832585,25213500,BP
2023-02-08,31.835596084594727,32.115650602037405,31.300196725854843,31.40727722602795,18957400,BP
2023-02-09,32.57692337036133,32.99700683006294,32.2886332643908,32.4204234759954,20258200,BP
2023-02-10,33.48298263549805,33.647718037559045,33.21116356626991,33.392376279088666,19905000,BP
2023-02-13,33.45003890991211,33.50769693700791,33.12056177611313,33.27706482862471,8658900,BP
2023-02-14,33.78774642944336,34.084275176426864,33.334717795830265,33.39237581417413,8974900,BP
2023-02-15,33.67242431640625,33.68065982805795,33.17820877990851,33.4088439537911,13698900,BP
2023-02-16,34.06086349487305,34.31039299112969,33.553485054485385,33.57843705222914,15847600,BP
2023-02-17,33.28731918334961,33.611707839422714,33.23741201590004,33.503577229751805,15846200,BP
2023-02-21,33.07938003540039,33.44535644023897,33.06274431159775,33.22077892831306,8579500,BP
2023-02-22,32.38070297241211,32.88808156018361,32.214348868938416,32.88808156018361,10401400,BP
2023-02-23,33.0045166015625,33.11264720584252,32.6801279616619,33.02946859757348,9015300,BP
2023-02-24,33.021156311035156,33.02947258639664,32.60527273828394,32.82153080002103,6980900,BP
2023-02-27,33.453678131103516,33.644984208247905,33.170877153381355,33.337231229619114,8712100,BP
2023-02-28,32.9379768371582,33.7115205162179,32.92134428686726,33.669932794610986,8506000,BP
2023-03-01,33.212467193603516,33.31227837712544,32.97125392489692,33.07106510841884,6031100,BP
2023-03-02,33.48694610595703,33.59507673047729,33.1126534039732,33.18751257895798,5961400,BP
2023-03-03,33.453678131103516,33.52021785783457,32.66349864867924,32.67181492466808,6833100,BP
2023-03-06,33.62002944946289,33.72816007629339,33.35386419337253,33.46199482020303,7710000,BP
2023-03-07,33.10432434082031,33.42039667373209,32.92133776739909,33.362173240424546,6987600,BP
2023-03-08,32.98788070678711,33.362176509684815,32.72171550760196,33.05442359305312,6250300,BP
2023-03-09,32.72172164916992,33.31227559739484,32.63854619866559,33.05442979706737,5999900,BP
2023-03-10,32.447235107421875,33.15423908829393,32.36405966164393,32.85480240678952,7628400,BP
2023-03-13,31.61546516418457,32.11452731357229,31.083134743189344,31.182949076830642,13377100,BP
2023-03-14,31.81509780883789,32.355747798948514,31.47407335793528,31.6487437216546,8748900,BP
2023-03-15,29.818857192993164,30.309600039371873,29.10353996209959,30.00184701898064,18693800,BP
2023-03-16,29.627544403076172,29.669132125157915,28.396529426405618,28.61279065793439,16101900,BP
2023-03-17,29.253246307373047,29.68576556420767,28.928857657981965,29.544366685422666,11139300,BP
2023-03-20,29.777265548706055,30.076702252633062,29.54437174473621,29.710725821689003,10671900,BP
2023-03-21,30.792022705078125,30.999964508997124,30.434362548502236,30.85856243240334,9470100,BP
2023-03-22,30.625661849975586,31.149675968311733,30.609026128590692,30.667249566968106,8746700,BP
2023-03-23,30.342863082885742,30.991640398182064,30.109969312869556,30.76706607591768,9883700,BP
2023-03-24,29.843807220458984,29.9602541176516,29.25325011293359,29.63586542606074,11142200,BP
2023-03-27,30.67557716369629,30.866883251037624,30.143246629713406,30.37614044509585,9415300,BP
2023-03-28,31.133047103881836,31.374260357680104,30.8835175740292,30.97501247532786,8476900,BP
2023-03-29,31.34930419921875,31.44911854637757,31.216221575947007,31.440799097644323,7810900,BP
2023-03-30,31.59051513671875,31.79014064350718,31.507339693105113,31.75686919688581,6624500,BP
2023-03-31,31.557241439819336,31.690324043875194,31.390890564454182,31.59051288406819,6858100,BP
2023-04-03,33.0544319152832,33.36218490939894,32.871442104919126,33.162559373279926,11855400,BP
2023-04-04,32.71339797973633,33.212456915850076,32.555360217380155,33.20413746891589,8587200,BP
2023-04-05,33.1791877746582,33.30395410380768,32.80489196014931,33.237411215477415,12102200,BP
2023-04-06,32.86311340332031,33.162550036725584,32.813209413045676,33.11264604645095,8896800,BP
2023-04-10,33.021156311035156,33.14591947909661,32.76330735367105,32.83816652368387,4363300,BP
2023-04-11,33.15424728393555,33.36218912272296,33.112659550766196,33.2790104834436,5451300,BP
2023-04-12,33.437042236328125,33.686571762947125,33.37881878588169,33.54517286127439,6818800,BP
2023-04-13,33.653289794921875,33.70319695382319,33.4786194981759,33.57843064303945,4368500,BP
2023-04-14,33.753108978271484,33.7863772493956,33.45367232757765,33.64497837153437,5918600,BP
2023-04-17,33.62834930419922,33.82797166220524,33.503582950740324,33.819655386013395,6162200,BP
2023-04-18,33.811336517333984,33.85292424098481,33.48694465780167,33.56180382954914,5220400,BP
2023-04-19,33.320594787597656,33.328911063407524,32.9712509177227,33.10433354126077,7029200,BP
2023-04-20,33.15424728393555,33.162563561393156,32.79658706738594,32.80490334484355,5517100,BP
2023-04-21,32.971248626708984,32.9795680748808,32.705083398127385,32.75499056833886,7416300,BP
2023-04-24,33.35386276245117,33.46199338464274,32.77994454855439,32.796580272963865,6726300,BP
2023-04-25,32.91302490234375,33.15423813024535,32.555364784542,33.1376024069825,9306800,BP
2023-04-26,32.78826141357422,33.270687911299284,32.66349823767088,33.22078073717392,7172100,BP
2023-04-27,32.72172164916992,32.838168549052014,32.44723695121352,32.513779849969026,5701200,BP
2023-04-28,33.50357437133789,33.65329268797349,32.630219639589804,32.76330223516152,8185800,BP
2023-05-01,33.27900314331055,33.620027556786745,33.13760424713406,33.25405114350057,6697300,BP
2023-05-02,30.592395782470703,31.091457992887406,30.168195917909486,31.074822268579517,21471300,BP
2023-05-03,30.326229095458984,30.658937219895087,30.226417927304087,30.29295764842741,13226900,BP
2023-05-04,30.03510856628418,30.284638045725202,29.694084204028908,30.06006056234644,14519500,BP
2023-05-05,30.883514404296875,31.116408185197578,30.825290959071697,30.833607234272524,9647100,BP
2023-05-08,30.800338745117188,31.174634623891166,30.742115294301243,31.13304689801408,7541200,BP
2023-05-09,30.767065048217773,30.983323088446415,30.42604067939675,30.492580394490354,8576500,BP
2023-05-10,30.56743812561035,30.91677875260642,30.34286064842457,30.88351048308731,7624700,BP
2023-05-11,30.24539566040039,30.262213056506102,29.85019487089207,30.018365624358825,7755700,BP
2023-05-12,30.110868453979492,30.657419552170065,30.00996404800695,30.55651835378879,8233500,BP
2023-05-15,30.43037986755371,30.581733221259892,30.203349836994434,30.43037986755371,8605700,BP
2023-05-16,29.883834838867188,30.32948468628712,29.80815814707976,30.161313903693845,7748500,BP
2023-05-17,30.270620346069336,30.44719819493306,29.9847310256084,30.262213251757405,8234200,BP
2023-05-18,30.23698616027832,30.45560910785893,29.909054946497818,30.45560910785893,10478500,BP
2023-05-19,30.295848846435547,30.606965906191217,30.161312866505533,30.48083702168586,8653800,BP
2023-05-22,30.178125381469727,30.346296131066264,30.00154753780898,30.02677202759187,6357700,BP
2023-05-23,30.421974182128906,30.682639016156966,30.31266270881515,30.430381276572856,7124000,BP
2023-05-24,30.304256439208984,30.45560980404291,30.009956804213918,30.28743904227294,8476200,BP
2023-05-25,29.732481002807617,29.7745228959184,29.421367144678825,29.656804312171875,10845700,BP
2023-05-26,29.892244338989258,29.95951394047381,29.60635494786219,29.799750240743567,6290000,BP
2023-05-30,29.421367645263672,29.480226938138387,29.110250574250596,29.278421357145874,8122100,BP
2023-05-31,28.34507179260254,28.563694735878656,28.269395113405476,28.294622811531397,13729200,BP
2023-06-01,29.1943359375,29.362503503403644,28.639374630282116,28.72345841323394,8329800,BP
2023-06-02,29.976322174072266,30.110858128309076,29.833375918426192,29.833375918426192,9014000,BP
2023-06-05,29.71565818786621,30.203349832724776,29.614757021273103,30.144490551579608,6971800,BP
2023-06-06,29.682024002075195,29.698841398115547,29.14388015914518,29.177514951225884,6038800,BP
2023-06-07,30.026775360107422,30.052003060280462,29.623167440835545,29.648391933417972,7988900,BP
2023-06-08,30.110868453979492,30.169727753667843,29.63999084888143,30.136092951676993,7189500,BP
2023-06-09,29.824979782104492,30.0520098897116,29.698850875347873,29.824979782104492,5431500,BP
2023-06-12,29.23637580871582,29.57271412487254,29.135474634627855,29.362501474428157,7998300,BP
2023-06-13,29.497041702270508,29.993140495730103,29.45499660460933,29.648391865006445,7196800,BP
2023-06-14,29.47181510925293,30.035186721651367,29.278419841590996,29.850198549283114,9444700,BP
2023-06-15,29.749298095703125,29.934283065006813,29.370914646414757,29.370914646414757,13610500,BP
2023-06-16,29.724071502685547,29.87542488804614,29.63998771419229,29.81656559458268,6858600,BP
2023-06-20,29.488628387451172,29.698841023921506,29.219556469376368,29.656799138145495,5370800,BP
2023-06-21,29.791336059570312,29.959506815697267,29.48022224566919,29.522264132803336,4606800,BP
2023-06-22,29.63157844543457,29.70725513256534,29.421365782025838,29.497042469156607,8551900,BP
2023-06-23,29.270009994506836,29.3625008644048,29.14388112382441,29.31205188220417,5489100,BP
2023-06-26,29.63157844543457,29.698844829778203,29.24478470699358,29.2700124077643,6721700,BP
2023-06-27,29.30364227294922,29.412953749619124,29.068205130205268,29.387729257922413,7850100,BP
2023-06-28,29.337276458740234,29.387728648678216,28.874809277541925,29.093429018758975,6952200,BP
2023-06-29,29.4045467376709,29.480223420564503,29.135474800180415,29.286828165967624,5458600,BP
2023-06-30,29.673616409301758,29.850194253373285,29.597939732186777,29.841787159289517,6769000,BP
2023-07-03,30.211763381958008,30.371523846869607,30.06041001200361,30.30425746444021,4804600,BP
2023-07-05,29.682024002075195,30.110859582128395,29.555898343158027,30.06040739400734,5926700,BP
2023-07-06,29.253192901611328,29.480222946642424,28.92526168354101,29.35409407465055,6807300,BP
2023-07-07,29.639982223510742,29.76611109047671,29.03456879421864,29.05979649216603,7189900,BP
2023-07-10,29.606351852416992,29.816564523691056,29.513857763841877,29.67362144686828,4787500,BP
2023-07-11,30.194944381713867,30.20335147622482,29.799743580300017,29.833378373524692,5644200,BP
2023-07-12,30.531286239624023,31.061019804669538,30.43038185882353,31.044202407869456,13552000,BP
2023-07-13,30.716264724731445,31.061013267601563,30.548097207303904,30.94329472236637,10494500,BP
2023-07-14,29.867013931274414,30.581735663846572,29.841789439505433,30.581735663846572,10107500,BP
2023-07-17,29.69884490966797,30.026776152253213,29.68202751163915,30.009958754224392,10187000,BP
2023-07-18,30.09404182434082,30.287437065094682,29.78292481271957,29.833377000234165,8265500,BP
2023-07-19,30.39674949645996,30.682638819578628,30.27902772186608,30.321072816587655,8662500,BP
2023-07-20,30.72468376159668,30.960120919012677,30.531288495492014,30.674231567468667,7044500,BP
2023-07-21,30.85921859741211,30.918077884589948,30.64059563853107,30.82558380257032,5170400,BP
2023-07-24,31.2628231048584,31.422583551555924,31.02738598181147,31.06101756539658,7404900,BP
2023-07-25,31.304868698120117,31.346910588274074,30.976937464292387,31.086248944765167,4626000,BP
2023-07-26,31.195558547973633,31.296462937754907,30.951714291645757,30.985345880648765,4615500,BP
2023-07-27,30.825584411621094,31.262827130431614,30.749907725527148,31.128291155996887,7273300,BP
2023-07-28,30.867624282836914,30.985342851817276,30.581734954917284,30.842399791652678,4743300,BP
2023-07-31,31.36372184753418,31.405763729459952,30.909661824519873,30.909661824519873,8361300,BP
2023-08-01,31.077835083007812,31.742107777172958,30.833987657414493,31.58234732984815,9389800,BP
2023-08-02,30.295848846435547,30.867627563035814,30.186540567961067,30.783543778426093,7722400,BP
2023-08-03,30.65741539001465,30.758319782288066,30.085636664161942,30.27062484240571,7857900,BP
2023-08-04,30.94330406188965,31.388957098834137,30.909669265216337,30.9348969665167,6918700,BP
2023-08-07,31.145111083984375,31.178745882223215,30.934898406377986,31.128293684864957,5681100,BP
2023-08-08,31.08624839782715,31.103065795110965,30.27902936615672,30.506059418102414,6322000,BP
2023-08-09,31.46463394165039,31.767340728869936,31.34691534830748,31.523496445912947,7656200,BP
2023-08-10,31.546300888061523,32.022726201104064,31.486744478527164,31.895113668855114,7751000,BP
2023-08-11,31.563318252563477,31.63138087677432,31.223014867722917,31.223014867722917,5934900,BP
2023-08-14,31.20599365234375,31.350621834919554,30.8741965319367,31.120918632640805,8277400,BP
2023-08-15,30.687034606933594,31.044356911232644,30.64449708736113,30.97629428359293,7412100,BP
2023-08-16,30.533891677856445,30.89972012486025,30.491354165615014,30.618969947743466,4891100,BP
2023-08-17,30.70404624938965,31.01032154291442,30.670014940019275,30.86569010079248,5115100,BP
2023-08-18,30.831663131713867,30.899722507467235,30.34672506947577,30.372250175112136,4613000,BP
2023-08-21,31.120925903320312,31.384660473257266,31.010325755544155,31.23152280569174,5647500,BP
2023-08-22,30.942258834838867,31.214502818207258,30.93375263022298,31.18047475433942,5289900,BP
2023-08-23,30.62747573852539,30.70404455768787,30.227615988965326,30.465831896028654,5535000,BP
2023-08-24,30.431804656982422,30.729570523864968,30.37225148360591,30.380757688914894,4432700,BP
2023-08-25,30.75509262084961,30.865689506065884,30.482848641940866,30.789120684160036,5173400,BP
2023-08-28,31.17196273803711,31.274053412044406,30.806134306989946,30.89971877708164,5890000,BP
2023-08-29,31.563318252563477,31.580333908616186,31.10390852075849,31.37615252679276,6164700,BP
2023-08-30,31.724964141845703,31.980192482008167,31.716454691444447,31.86959234462281,5825100,BP
2023-08-31,31.631376266479492,31.78451390322942,31.44420732258423,31.78451390322942,5120400,BP
2023-09-01,32.43960189819336,32.53318636995848,32.18437358590926,32.39706438704668,6255200,BP
2023-09-05,32.66931915283203,32.958578867819796,32.60976596845853,32.882010024281705,6156600,BP
2023-09-06,33.03514099121094,33.16275354087818,32.77990940106749,32.89050954043602,6261800,BP
2023-09-07,32.76289749145508,33.035144768430314,32.69483810626491,32.85648198582081,4917900,BP
2023-09-08,32.899017333984375,33.08618631035175,32.75438912163114,32.89051112842433,4845700,BP
2023-09-11,32.84796905517578,33.3584256985201,32.81393774684504,33.1882724022706,7062800,BP
2023-09-12,32.41407775878906,33.80082273214342,32.286465221555375,33.0436439768494,35223200,BP
2023-09-13,32.550201416015625,32.9840925029255,32.27795742812895,32.94155498833152,17667500,BP
2023-09-14,33.26483917236328,33.358423641800755,32.95005770322233,33.01812031568739,7691800,BP
2023-09-15,32.967079162597656,33.27335448182458,32.95857295724338,33.12021682221112,6987000,BP
2023-09-18,32.8054313659668,33.018122173783325,32.70333744152386,32.98409086563568,7068400,BP
2023-09-19,33.02663040161133,33.324396252636475,32.9670772314063,33.17976805225408,8477100,BP
2023-09-20,32.856483459472656,33.247837112137,32.81394593614534,32.822455388053804,7432000,BP
2023-09-21,32.42259216308594,33.154249171820275,32.414082712060846,33.01812716406073,6510700,BP
2023-09-22,32.703338623046875,33.14573590873691,32.62676979965044,33.052151430651904,9066600,BP
2023-09-25,32.967079162597656,33.06916985387178,32.49065052764415,32.703341360951235,7964700,BP
2023-09-26,32.873504638671875,33.162764389443026,32.779920124392156,32.899026507873415,6931200,BP
2023-09-27,33.588130950927734,33.59664040040578,33.10319618360934,33.179765001891404,11048900,BP
2023-09-28,33.54559326171875,33.74126840842243,33.40096182999617,33.49454630133359,6237900,BP
2023-09-29,32.94155502319336,33.57962747899135,32.916029918086494,33.50305865447942,8013800,BP
2023-10-02,32.17586898803711,32.958572941852026,32.00571567238999,32.933047834991996,8101600,BP
2023-10-03,31.98870277404785,32.073781061908335,31.673921222476167,31.895121525508582,7532200,BP
2023-10-04,30.891216278076172,31.36764164418588,30.653000349616917,31.308088473422167,11062800,BP
2023-10-05,30.976285934448242,31.120917356497266,30.49135120213793,30.525382506785213,7834900,BP
2023-10-06,31.707948684692383,31.87810199433267,31.129429379158072,31.46122654798419,10420600,BP
2023-10-09,32.65230178833008,32.69483931131737,32.30348890718633,32.490654657411405,9959100,BP
2023-10-10,32.856483459472656,33.00962113977501,32.59274886760028,32.68633012075838,8930600,BP
2023-10-11,32.88199996948242,33.103196980173244,32.5842308932629,33.00961250608723,7900500,BP
2023-10-12,33.426490783691406,33.596644092506544,33.111706026491845,33.54559712624067,15540100,BP
2023-10-13,34.03903579711914,34.17515778567377,33.775301269834415,34.03052959269881,13412100,BP
2023-10-16,34.21770095825195,34.31128544049949,33.76679420245966,34.17516019693621,8508800,BP
2023-10-17,34.71964645385742,34.72815265765755,34.29426486496362,34.302771068763754,8865100,BP
2023-10-18,34.64308166503906,34.74517234952774,34.41337519088628,34.61755655986364,7136900,BP
2023-10-19,34.3112907409668,34.50696594071061,33.97098407029629,34.175165476374644,7909500,BP
2023-10-20,33.698734283447266,34.34531295293914,33.698734283447266,34.158147236862334,6281300,BP
2023-10-23,33.094696044921875,33.34992440417071,32.81394257796489,33.29037122852614,10895100,BP
2023-10-24,33.00111389160156,33.45201746636752,32.992604439961696,33.45201746636752,8776300,BP
2023-10-25,33.230812072753906,33.35842460671118,33.03513692436282,33.21379641914545,6059100,BP
2023-10-26,33.02663040161133,33.145736742021384,32.66080193012079,32.84797089099624,6167600,BP
2023-10-27,32.873504638671875,33.366949079272004,32.64379807964136,33.29888643419383,9061400,BP
2023-10-30,32.62677001953125,32.873492146071854,32.40557299789767,32.59274195532907,10120600,BP
2023-10-31,31.120925903320312,31.427197993046644,30.618975380834346,31.018831961340137,20235900,BP
2023-11-01,30.70404624938965,31.14644353499162,30.576430461952896,30.87419955083722,13198800,BP
2023-11-02,31.3591365814209,31.427195959599278,30.712554639001457,30.772107811934234,11805300,BP
2023-11-03,30.797632217407227,31.001813592698923,30.42329428703171,30.593447596711087,11279100,BP
2023-11-06,30.88270378112793,31.188979055072338,30.865688127530564,31.188979055072338,8019900,BP
2023-11-07,30.17658042907715,30.465840130158817,30.074486478997745,30.414793155119117,9173900,BP
2023-11-08,29.691638946533203,30.168064293058656,29.63208577821752,30.06597361100381,15163200,BP
2023-11-09,29.877731323242188,30.24818788246652,29.84326948367204,30.024189211722458,8490100,BP
2023-11-10,30.222339630126953,30.299873830447044,29.886341663098932,30.24818436356698,7234000,BP
2023-11-13,30.75649070739746,30.808180183977832,30.454954519342675,30.498033465109174,6733500,BP
2023-11-14,30.885711669921875,31.092479395359124,30.773715634835643,30.808174183690596,7451300,BP
2023-11-15,30.661718368530273,31.075250560662155,30.64448744971706,30.87709992400282,7116100,BP
2023-11-16,30.170652389526367,30.256803707708936,29.89496422758759,30.196497127688712,7896000,BP
2023-11-17,30.67894744873047,30.851253340074425,30.420490254945296,30.446334988385356,7348200,BP
2023-11-20,30.911561965942383,31.118326420144097,30.859869209161083,30.911561965942386,6382200,BP
2023-11-21,30.790945053100586,30.91155818437332,30.69617665382591,30.842634517096702,5190200,BP
2023-11-22,30.386028289794922,30.42049012520905,29.688190911735695,29.851882986722035,10502100,BP
2023-11-24,30.859861373901367,31.118318519262605,30.834016645303517,30.92878503211018,4233100,BP
2023-11-27,30.963253021240234,31.101097093251393,30.851256972173733,31.049407620285905,8413100,BP
2023-11-28,30.963253021240234,31.221713531915327,30.894332628465612,30.9977148608585,6016400,BP
2023-11-29,31.075254440307617,31.21309852156097,30.859872857945373,31.04940970209203,9570700,BP
2023-11-30,31.264787673950195,31.712781707904103,31.058019932716945,31.531858701901854,12310800,BP
2023-12-01,30.99770736694336,31.428470398645953,30.97186263670876,31.08386194516055,10122300,BP
2023-12-04,30.661718368530273,30.920175577804983,30.515257201848843,30.704794022332436,8805600,BP
2023-12-05,30.403255462646484,30.894325054196035,30.386024547061805,30.82540139185731,6153600,BP
2023-12-06,30.024185180664062,30.644485063797415,30.015571365158973,30.523871927957366,8903800,BP
2023-12-07,29.88634490966797,30.153419234586295,29.7054251830113,30.075881739381742,7833000,BP
2023-12-08,30.41187286376953,30.4980274518534,30.170646590057682,30.222339342908004,8230900,BP
2023-12-11,30.26541519165039,30.480796733576387,30.153415869639648,30.282646109379854,6558700,BP
2023-12-12,29.946651458740234,30.02418895387623,29.765731732243545,29.989730401063916,6366400,BP
2023-12-13,30.179262161254883,30.26541675435063,29.507272767416495,29.76572997378036,9787500,BP
2023-12-14,30.842639923095703,30.954639258820414,30.635875457947527,30.747871507210323,9350300,BP
2023-12-15,29.989728927612305,30.42049203798987,29.946649987405173,30.36018546545395,10290700,BP
2023-12-18,30.256803512573242,30.661721935636553,30.20511403658191,30.584184435187453,6903200,BP
2023-12-19,30.498027801513672,30.575565288447375,30.2395673207603,30.368797561136986,7517300,BP
2023-12-20,30.170652389526367,30.601415553363474,30.12757673043508,30.47218528962749,9181800,BP
2023-12-21,30.54971694946289,30.566947867097277,30.3257215931389,30.386028161628495,5446900,BP
2023-12-22,30.437726974487305,30.782335536399827,30.4377269744873,30.75649079803348,4128100,BP
2023-12-26,30.73063850402832,30.920175322949685,30.541104971568657,30.59279444112052,4949600,BP
2023-12-27,30.782333374023438,30.92879454955592,30.713412981067265,30.782333374023434,6352400,BP
2023-12-28,30.437726974487305,30.765104615334877,30.429109870723753,30.60141579491109,5069600,BP
2023-12-29,30.498027801513672,30.59279291980017,30.394642294627708,30.480796883699345,3688000,BP
2024-01-02,30.58418083190918,30.859868959589733,30.523874259382918,30.704793976961707,6915200,BP
2024-01-03,31.01494026184082,31.17001522606693,30.532484452419443,30.644483768018592,8032400,BP
2024-01-04,30.80817222595215,31.428472076384764,30.78232749433789,31.394010243258222,6915000,BP
2024-01-05,31.040788650512695,31.23032547055346,30.8684860357066,31.15278797930603,8369000,BP
2024-01-08,30.523874282836914,30.54971901780754,30.16203156093958,30.47218152643395,11581400,BP
2024-01-09,30.05864715576172,30.592792454027403,30.05864715576172,30.58417863848215,9485800,BP
2024-01-10,29.89495849609375,30.239566989217444,29.826034825592114,30.21372225601008,9578500,BP
2024-01-11,29.817420959472656,30.18787747163733,29.739883473520482,30.15341563644492,10093300,BP
2024-01-12,30.03280258178711,30.325721608799903,29.90357234269324,30.248184122635884,9355200,BP
2024-01-16,29.533119201660156,29.817424445544535,29.36081657847652,29.808807342508228,10905700,BP
2024-01-17,29.205739974975586,29.421121528518295,28.878359093381402,29.093740646924108,9598300,BP
2024-01-18,29.317733764648438,29.334964681983738,28.947277258093088,29.257427197205608,11095000,BP
2024-01-19,29.16265869140625,29.309119845004847,29.076507391497497,29.309119845004847,9540500,BP
2024-01-22,29.50727653503418,29.6020449563091,28.964514031844597,29.291894954486484,11724900,BP
2024-01-23,29.50727653503418,29.6537344323048,29.360818637763558,29.36943245494214,8103400,BP
2024-01-24,29.77434730529785,29.826036775091126,29.636503241746265,29.696809814146228,9333900,BP
2024-01-25,30.282649993896484,30.2912638106354,29.84326975158736,30.02418948126197,8407900,BP
2024-01-26,30.69617462158203,30.704788436190658,30.2395635722578,30.523868751259368,8554200,BP
2024-01-29,30.69617462158203,30.756481183225794,30.403255627971838,30.739250267547416,7709000,BP
2024-01-30,30.9201717376709,30.946016469450065,30.394640281752444,30.584177078696495,8170100,BP
2024-01-31,30.23956871032715,30.765100225197948,30.222341078182712,30.678948918629025,9114000,BP
2024-02-01,30.26541519165039,30.739253926595282,30.09310930081729,30.515255282573797,11885600,BP
2024-02-02,29.843265533447266,30.067264174541588,29.68819056237011,30.01557142202871,14654800,BP
2024-02-05,29.498659133911133,29.722654504423055,29.231584823353874,29.334967049246934,14072800,BP
2024-02-06,31.350936889648438,31.471550027957697,30.79094684943238,30.808174480795245,19734900,BP
2024-02-07,31.161401748657227,31.31647673091916,30.92879256172603,31.170018851261617,13891100,BP
2024-02-08,31.195865631103516,31.282020230486484,30.98910116550825,31.12694523805907,8758400,BP
2024-02-09,31.325092315673828,31.592163327158303,31.213092992475616,31.419860720959885,9577400,BP
2024-02-12,31.385395050048828,31.488777258427568,31.204475363770744,31.316471386822236,7292600,BP
2024-02-13,31.04940414428711,31.57493563701544,30.86848443623814,31.549087616964485,8375000,BP
2024-02-14,30.80817222595215,31.26478329872562,30.670328179907266,31.187245817421545,11756200,BP
2024-02-15,31.057615280151367,31.153553403665118,30.38605174258117,30.403495340222403,10280800,BP
2024-02-16,30.918067932128906,31.197158823240507,30.918067932128906,31.16227163009509,7086800,BP
2024-02-20,30.857019424438477,31.040172212258113,30.761081299287394,31.01400847886277,7849200,BP
2024-02-21,31.13611602783203,31.197166968262888,30.769807058220174,30.883188802031786,9095700,BP
2024-02-22,30.95295524597168,31.109940961686476,30.717471681860676,30.979118977419834,5497300,BP
2024-02-23,30.857019424438477,30.926790489168095,30.56920504898523,30.726194103409522,6716100,BP
2024-02-26,30.804691314697266,30.996567581718,30.717476644429517,30.85702211307376,5200900,BP
2024-02-27,30.89190673828125,31.083783009980994,30.804692065886726,31.005288474015327,10365600,BP
2024-02-28,30.490711212158203,30.857020123117735,30.4732676138243,30.708751200792676,9406600,BP
2024-02-29,30.516883850097656,30.691313211261043,30.41222224096746,30.58665492915765,9328600,BP
2024-03-01,31.083784103393555,31.24077318084719,30.8046931494819,30.90063128870652,7269400,BP
2024-03-04,31.109941482543945,31.423919573282053,31.057614018771545,31.397755841395853,7039700,BP
2024-03-05,31.22332191467285,31.354147222773996,31.03144901035717,31.083776471976996,5517700,BP
2024-03-06,31.764066696166992,31.95594296741873,31.685575487411082,31.781510296010467,12111500,BP
2024-03-07,31.772785186767578,31.964661427988307,31.641959871930545,31.676847066157215,6869000,BP
2024-03-08,31.755338668823242,31.999542351896352,31.607073097536187,31.921047835619188,8781800,BP
2024-03-11,31.825117111206055,31.825117111206055,31.362870088809775,31.53730273912765,7315500,BP
2024-03-12,31.96465492248535,32.043149430007034,31.82510950100516,32.00826224288067,5561400,BP
2024-03-13,32.54901123046875,32.61006216486302,32.2699202940874,32.2699202940874,8308000,BP
2024-03-14,32.6972770690918,32.71471733981789,32.3920190989679,32.65366641119832,6310000,BP
2024-03-15,32.6972770690918,32.96764451668526,32.61878254272006,32.77577159546353,6677900,BP
2024-03-18,32.95892333984375,33.089745328312034,32.67983243868023,32.91531601035432,5722200,BP
2024-03-19,33.00252914428711,33.176961781210274,32.915314489338435,32.94147822041787,6784500,BP
2024-03-20,33.046142578125,33.159524312129946,32.63622630466389,32.66239336760438,5237900,BP
2024-03-21,32.90658950805664,33.176960249153574,32.84553858700664,33.0810221369248,8087300,BP
2024-03-22,32.96763610839844,33.02868702144716,32.84553428230098,33.02868702144716,3696200,BP
2024-03-25,33.368839263916016,33.560715523549206,33.23801726355126,33.24673739943172,8388700,BP
2024-03-26,32.76704406738281,33.33394927939628,32.75832393310175,33.30778222250175,7600900,BP
2024-03-27,32.67110824584961,32.6972753045788,32.43562467944231,32.47051187306396,5929300,BP
2024-03-28,32.86298370361328,32.97636541667915,32.69727452838303,32.82809651081981,4795500,BP
2024-04-01,33.089744567871094,33.17696255187156,32.53156277837172,33.01997350769662,6296900,BP
2024-04-02,33.70897674560547,33.76130420298152,33.29033712444392,33.47349320633667,7712900,BP
2024-04-03,33.8485221862793,33.96190056197556,33.44732615980811,33.630482241751146,8960600,BP
2024-04-04,33.49094009399414,33.77875111893681,33.41244557318689,33.708980059900284,13924400,BP
2024-04-05,33.71770095825195,33.76130828701559,33.28162101656373,33.551991778139765,13131500,BP
2024-04-08,33.93574142456055,34.17994513082305,33.62176332963678,33.848526765759935,13684900,BP
2024-04-09,34.26716613769531,34.493926266784015,34.14506427379938,34.44159879770076,12545100,BP
2024-04-10,34.38054275512695,34.415429950723414,33.944462791249485,34.13633904000392,13987900,BP
2024-04-11,34.58114242553711,34.886397069081134,33.927022480491836,34.66835708739938,16238800,BP
2024-04-12,34.397987365722656,35.23526344955957,34.31949283683252,34.94744906795365,21705300,BP
2024-04-15,34.075286865234375,34.493923216005854,33.9531850121376,34.47647961884546,18249000,BP
2024-04-16,33.69153594970703,33.822357931040635,33.30778348626655,33.70025608431895,13299800,BP
2024-04-17,33.46477508544922,33.918298641555744,33.24673510618797,33.63048759898444,10024300,BP
2024-04-18,33.07229995727539,33.54326707536321,33.028692630124844,33.39500149764619,10051700,BP
2024-04-19,33.59560012817383,33.63048732305564,33.15952017322925,33.23801469820031,10389300,BP
2024-04-22,33.93574142456055,34.145061263518386,33.25545777024303,33.51710507367085,13435700,BP
2024-04-23,34.26716613769531,34.424155198997596,33.74386815767896,33.935744416387585,13510600,BP
2024-04-24,34.31077194213867,34.5200917902237,34.08401182315383,34.5200917902237,8037800,BP
2024-04-25,34.55497360229492,34.650911721664116,34.101450064293395,34.36310069058245,6369900,BP
2024-04-26,34.42415237426758,34.53753076599535,34.11017427742701,34.4503161066623,6807200,BP
2024-04-29,34.42415237426758,34.49392343632882,34.26716332584729,34.38054171757506,9570400,BP
2024-04-30,33.81364059448242,34.589862393181285,33.77875339909625,34.52881146476852,12085000,BP
2024-05-01,33.33395004272461,33.604317462962506,33.133353679409936,33.51710281005204,11142200,BP
2024-05-02,33.72642135620117,33.87469026758488,33.525824980703405,33.58687590685377,10021200,BP
2024-05-03,33.752586364746094,33.78747355671996,33.23801192772162,33.560710135915556,8070800,BP
2024-05-06,34.04912567138672,34.43287485644612,33.9444640806218,33.99679487600426,9853600,BP
2024-05-07,32.77577209472656,33.38628139022188,32.7147178381509,33.26417953112282,15953100,BP
2024-05-08,32.73216247558594,32.78449327130137,32.30480595516841,32.39202062100123,9648400,BP
2024-05-09,33.176963806152344,33.229291271505005,32.95020036620407,33.011251293799525,7583000,BP
2024-05-10,33.00252914428711,33.52582372803079,32.95019835510241,33.464772804161555,6165200,BP
2024-05-13,33.22929382324219,33.281624619639445,33.03742089050479,33.17696635387121,6142900,BP
2024-05-14,33.1071891784668,33.28162182478324,32.9502001294846,33.264178227448994,5925100,BP
2024-05-15,32.93275833129883,33.08102725322698,32.51412195348446,33.00253272444765,7873600,BP
2024-05-16,32.74393844604492,32.99099483632984,32.65570161673539,32.938056104635,7899500,BP
2024-05-17,33.0792350769043,33.16746854942194,32.83217529525069,32.902764765977786,6458500,BP
2024-05-20,32.876285552978516,33.17628401266915,32.840994190460634,33.12334528594705,3736900,BP
2024-05-21,32.69982147216797,33.0615840549307,32.67334874062573,32.91158312916082,6526900,BP
2024-05-22,32.25864028930664,32.55863870858063,32.15275611834633,32.461579901478736,9517000,BP
2024-05-23,32.13511276245117,32.77922976880599,32.05570467316717,32.646876221551594,7323700,BP
2024-05-24,32.399818420410156,32.549815959150024,32.32922896743349,32.399818420410156,8183700,BP
2024-05-28,32.99981689453125,33.079228350004726,32.75275716311902,32.92922743815903,8891700,BP
2024-05-29,32.75275421142578,33.105694729698634,32.646873402300024,33.09686936550219,5612100,BP
2024-05-30,32.58510971069336,32.761579971964686,32.48805089869962,32.55864034956426,5244900,BP
2024-05-31,33.149818420410156,33.15864378646151,32.69982236262821,32.76158646142395,4452700,BP
2024-06-03,32.11746597290039,32.92040245392839,32.06452388542187,32.91157708973685,7013500,BP
2024-06-04,31.376293182373047,31.46452662783545,31.13805884055632,31.393940544643563,14236100,BP
2024-06-05,31.173358917236328,31.464532029965795,31.085122090734394,31.464532029965795,5522100,BP
2024-06-06,31.27923583984375,31.376294653938622,31.120412937850382,31.22629375054918,7633100,BP
2024-06-07,31.11159324645996,31.438064474471997,30.996890414241538,31.191004711937083,9836900,BP
2024-06-10,31.69394302368164,31.888060688201275,31.296889060278353,31.393947892538172,10584600,BP
2024-06-11,31.473352432250977,31.64982271040739,31.332176882903966,31.508647161060377,5439900,BP
2024-06-12,31.376293182373047,32.02922875693131,31.261587010559765,32.020406758741146,8880500,BP
2024-06-13,31.049829483032227,31.3057112485465,30.873362549744723,31.261594515224626,5188000,BP
2024-06-14,30.78512191772461,31.014534288109992,30.62629900465491,30.94394483079431,7014300,BP
2024-06-17,30.979238510131836,31.08511932662841,30.643945331020472,30.908649055207142,5230500,BP
2024-06-18,31.226301193237305,31.446888235705373,31.164537090617536,31.305712663161454,6023200,BP
2024-06-20,31.508647918701172,31.69394020057008,31.305708272003226,31.36747236595953,5149000,BP
2024-06-21,31.332178115844727,31.596885226441035,31.28806138604225,31.508648400945354,6500500,BP
2024-06-24,31.985116958618164,32.064528418116566,31.52629556661524,31.52629556661524,5293000,BP
2024-06-25,31.835121154785156,31.879237886733303,31.685120227092376,31.879237886733303,3767100,BP
2024-06-26,31.517475128173828,31.66747268916113,31.39394693303349,31.63217795743793,6383100,BP
2024-06-27,31.738059997558594,31.905704913024227,31.57041171620231,31.852762819034247,4268500,BP
2024-06-28,31.85276222229004,31.99393777106116,31.649822581299716,31.896882316067114,5322000,BP
2024-07-01,32.14393615722656,32.285111694895996,31.879232444832663,31.98511325661216,5982100,BP
2024-07-02,32.43511199951172,32.57628754923084,32.27629245123198,32.51452345659689,7291000,BP
2024-07-03,32.62040710449219,32.72628792355998,32.496878921264674,32.53217028369357,3536700,BP
2024-07-05,32.69099807739258,32.990996581129274,32.54982250892184,32.990996581129274,4845300,BP
2024-07-08,32.249820709228516,32.48805508777972,32.12629252017768,32.293937438762285,4226300,BP
2024-07-09,30.705711364746094,31.049826564559634,30.573361177220487,30.705711364746094,13463300,BP
2024-07-10,30.7939453125,31.005706939116422,30.68806113330142,30.891000761263147,7657300,BP
2024-07-11,30.926301956176758,30.961596689958494,30.62630345081413,30.75865701955011,8519100,BP
2024-07-12,31.049829483032227,31.3057112485465,30.9880653832034,31.3057112485465,7897500,BP
2024-07-15,30.908649444580078,31.05865035523946,30.66159308101228,30.89100208062659,8696000,BP
2024-07-16,30.78512191772461,30.78512191772461,30.33512590795418,30.43218472881795,8226700,BP
2024-07-17,31.252765655517578,31.358649842723292,30.917475827038015,30.917475827038015,7683400,BP
2024-07-18,31.402767181396484,31.614532194032744,31.296886358023702,31.50864800476927,5479100,BP
2024-07-19,31.217477798461914,31.420417464562988,31.067476866018772,31.173361065116637,5153400,BP
2024-07-22,31.173358917236328,31.332178473158276,31.067474725434007,31.217475647541914,4811000,BP
2024-07-23,30.838062286376953,30.961590463881638,30.688061380913837,30.935121101813603,5203500,BP
2024-07-24,30.5733585357666,31.12923533395116,30.5468858078361,30.97923779453671,7232000,BP
2024-07-25,31.040998458862305,31.164526622609348,30.55570780161748,30.71453068811797,5355300,BP
2024-07-26,31.10276985168457,31.25276740980979,30.84688810041011,31.06747512063482,7135500,BP
2024-07-29,30.84688377380371,31.25276302627447,30.643944147568334,31.226293664645176,12769000,BP
2024-07-30,30.71453857421875,31.191003990164916,30.51159891511576,30.970416965154158,13968300,BP
2024-07-31,31.226301193237305,31.37630213237899,31.032183518780236,31.27041792855269,9430600,BP
2024-08-01,30.670419692993164,31.288064060699263,30.47630539209029,31.243947327125476,8320400,BP
2024-08-02,30.07042121887207,30.49394785163063,29.902772946022104,30.370416305255215,11411600,BP
2024-08-05,29.108661651611328,29.37336537525609,28.870427290563907,29.11748365051362,10021000,BP
2024-08-06,29.06454086303711,29.29395321968548,28.68513096741051,28.702778330682726,8457700,BP
2024-08-07,29.161603927612305,29.47042778104325,29.13513456179198,29.205720659276476,8244700,BP
2024-08-08,29.558658599853516,29.691012148895656,29.285129502582027,29.338071595376995,5262900,BP
2024-08-09,29.773500442504883,29.880923834229733,29.442286855068673,29.540756590073368,5443000,BP
2024-08-12,30.122617721557617,30.247941582015336,29.97043630898818,30.086809928621385,5847200,BP
2024-08-13,30.17632484436035,30.24794042749936,29.95253126927939,30.086808780255552,5524600,BP
2024-08-14,30.16737937927246,30.23899155892848,30.059959402378684,30.23004131702879,5685300,BP
2024-08-15,30.543346405029297,30.623912229268775,30.400118652472333,30.525442509107304,4664700,BP
2024-08-16,30.534400939941406,30.588109221288175,30.38221950821336,30.400123406935457,5158400,BP
2024-08-19,30.56125259399414,30.919323709662493,30.5433486967288,30.686576460032292,4399700,BP
2024-08-20,29.880918502807617,30.301648093460834,29.863014607381263,30.167373999991508,7044800,BP
2024-08-21,30.00624656677246,30.247944066717505,29.97043877089482,30.19423237290104,4645200,BP
2024-08-22,29.988344192504883,30.095764170776327,29.880924214233442,29.934632495959395,5308200,BP
2024-08-23,30.534400939941406,30.543351181892696,30.140521997694357,30.23899173325612,5224600,BP
2024-08-26,30.785051345825195,30.964086933657995,30.650777216065453,30.79400500336773,3711200,BP
2024-08-27,30.776098251342773,30.90142212676709,30.588109023386806,30.892468470054215,4024700,BP
2024-08-28,30.641817092895508,30.65972098938293,30.364311819569142,30.426977164684654,4091200,BP
2024-08-29,30.85666275024414,30.883516889579845,30.561253558274004,30.71343498242147,4664900,BP
2024-08-30,30.40011978149414,30.435927574667986,30.167375955502383,30.283749575907816,5680300,BP
2024-09-03,29.42438316345215,29.603418736100274,29.281155388297552,29.540756797896357,9499500,BP
2024-09-04,29.01259994506836,29.478091007190486,28.949938015053753,29.281151561533683,7381400,BP
2024-09-05,28.958890914916992,29.32591228791143,28.92308653363463,29.316962046295686,7130100,BP
2024-09-06,28.556062698364258,28.994697944557377,28.439690778929208,28.896228215290268,10259000,BP
2024-09-09,28.466543197631836,28.69033678159878,28.448641008545735,28.5471090244527,8008000,BP
2024-09-10,27.884685516357422,28.39493471151754,27.455002163318362,28.385982761569657,12806600,BP
2024-09-11,28.010009765625,28.153237543106073,27.72355250325307,28.135333644068492,8232600,BP
2024-09-12,28.26960563659668,28.35912341222961,27.947342327281937,28.036860102914872,8157100,BP
2024-09-13,28.50235366821289,28.663485336991776,28.385980037468276,28.52025756639048,6427300,BP
2024-09-16,28.914133071899414,29.030506702604026,28.69033946698561,28.878325275556545,9370600,BP
2024-09-17,29.13792610168457,29.17373389732066,28.815662770598472,28.860424222553252,6965600,BP
2024-09-18,29.030508041381836,29.370675292687483,28.985750001298882,29.191639717536113,6125700,BP
2024-09-19,29.325912475585938,29.719791405587053,29.281154437582014,29.639225571252226,11509400,BP
2024-09-20,29.21849250793457,29.325912482131848,28.94994086503167,29.173734469920657,8271700,BP
2024-09-23,29.41543197631836,29.621321683061264,29.236396409422966,29.290108103937406,7619300,BP
2024-09-24,29.38857650756836,29.692932518262822,29.308010676849456,29.65712813835829,7696500,BP
2024-09-25,28.359127044677734,29.021554229945206,28.34122314577597,28.994700089002336,8939100,BP
2024-09-26,27.562419891357422,27.750405690997884,27.320722399754292,27.329674348414734,16447800,BP
2024-09-27,28.126380920410156,28.17113895936242,27.660889802703775,27.75040758801804,11500200,BP
2024-09-30,28.09952163696289,28.403881045372586,28.01895581077153,28.117425533318645,7312300,BP
2024-10-01,28.726146697998047,28.887278363550468,28.01000785933137,28.063717845378953,13696100,BP
2024-10-02,28.976797103881836,29.218494624448223,28.77986103939118,29.17373658319215,7982300,BP
2024-10-03,29.05735969543457,29.128975285293336,28.547110569558345,28.68138809313389,10752900,BP
2024-10-04,29.433334350585938,29.585512354935425,29.08421689136607,29.227444654502918,10106100,BP
2024-10-07,29.666080474853516,29.800358007141714,29.549706841191707,29.62132243569728,5836800,BP
2024-10-08,28.67243194580078,29.06631082616344,28.520253952801735,29.048406930254323,9039100,BP
2024-10-09,28.627676010131836,28.71719549623385,28.27855855138206,28.350172432854055,6035200,BP
2024-10-10,28.949939727783203,29.003651420181576,28.600822264241973,28.779857824083937,5886200,BP
2024-10-11,28.744050979614258,28.940990443434426,28.681389043820456,28.708243183497974,7455500,BP
2024-10-14,28.63663101196289,28.744052699328932,28.493403233748037,28.55606517329081,5522700,BP
2024-10-15,27.51766014099121,27.830971514387844,27.48185405376825,27.6161298688212,13178000,BP
2024-10-16,27.687746047973633,27.866779913762418,27.598228261374356,27.81306992476676,6393800,BP
2024-10-17,28.036863327026367,28.063719175027416,27.723551929986492,27.78621557532227,8123200,BP
2024-10-18,28.045812606811523,28.117426487254644,27.830970965482166,28.099522590291468,4465100,BP
2024-10-21,28.171138763427734,28.520257952984213,28.15323657241719,28.403884320662144,6852100,BP
2024-10-22,28.26960563659668,28.350171463925363,28.126377878547807,28.189039809267992,4391300,BP
2024-10-23,28.027908325195312,28.16218413575717,27.813066686814423,28.08162001534771,6288700,BP
2024-10-24,28.018959045410156,28.323318488956517,27.822021284990043,28.25170460267559,5995700,BP
2024-10-25,28.215898513793945,28.35912628635861,28.081622690440792,28.287512400076277,4478400,BP
2024-10-28,27.795166015625,27.866779903395827,27.499758515144116,27.55347021152956,11988800,BP
2024-10-29,26.282323837280273,26.783621078650647,26.282323837280273,26.7657171788921,21578400,BP
2024-10-30,25.977962493896484,26.4255497110591,25.960058595431644,26.174900254780532,21972800,BP
2024-10-31,26.282323837280273,26.39869577089113,25.969012421145095,26.112240204393775,11202800,BP
2024-11-01,26.16594886779785,26.586681953713583,26.130142777508507,26.568778054864026,8962400,BP
2024-11-04,26.613536834716797,26.810476312719388,26.524019045389238,26.55982684408419,8696300,BP
2024-11-05,26.81942367553711,26.962653147529373,26.69409980837972,26.846279521674965,9060500,BP
2024-11-06,26.998462677001953,27.07902851827722,26.479261537344602,26.586683228181574,10517200,BP
2024-11-07,27.114835739135742,27.30282155982702,26.971606251939292,27.284917660501236,7590200,BP
2024-11-08,26.31439208984375,26.587267909663662,26.19614462899354,26.559981368622964,11140900,BP
2024-11-11,26.305299758911133,26.396258956823544,26.14157354964927,26.314395852192614,9526600,BP
2024-11-12,25.614011764526367,26.00513509319125,25.49576602406837,25.941464176413685,14624000,BP
2024-11-13,25.986942291259766,26.07790148517353,25.304750939260007,25.595818971862197,12243600,BP
2024-11-14,26.42354393005371,26.441736115534574,26.15976418019037,26.278009916011392,11091800,BP
2024-11-15,26.359872817993164,26.578173837418717,26.223434897714977,26.469024195157083,8120300,BP
2024-11-18,26.760093688964844,26.832860699431613,26.59636748168902,26.6509423058135,10182600,BP
2024-11-19,26.459928512573242,26.532695520176205,26.278010126114683,26.3598732265308,11686900,BP
2024-11-20,26.45083236694336,26.496311096016033,26.22343525177538,26.414449730665684,11456100,BP
2024-11-21,26.85105323791504,26.869245424495908,26.52360081906897,26.705519215072876,18619700,BP
2024-11-22,27.032970428466797,27.042066521935382,26.60546444485789,26.660039270766966,16067800,BP
2024-11-25,26.66913414001465,27.014778736344674,26.5599844932069,26.932915633787687,10472600,BP
2024-11-26,26.3416805267334,26.65094073673502,26.196146514368195,26.65094073673502,14119900,BP
2024-11-27,26.496309280395508,26.632748928068818,26.35987136762439,26.40535182848289,6882500,BP
2024-11-29,26.660036087036133,26.687324364183134,26.505405986340914,26.60546126764436,4407500,BP
2024-12-02,26.368968963623047,26.559983440317954,26.086997029828197,26.514502976865696,8928800,BP
2024-12-03,26.78738021850586,26.923818137355006,26.632750114502887,26.851051131641977,7863300,BP
2024-12-04,26.496309280395508,27.05115875855388,26.4235422779241,27.005680032597567,8313300,BP
2024-12-05,26.505407333374023,26.550887797597056,26.29620240265501,26.459928604053303,7622200,BP
2024-12-06,26.105188369750977,26.559982580130594,26.041515722979955,26.550886487734736,13492800,BP
2024-12-09,27.369518280029297,27.706065055651045,27.105736780577615,27.21488816463751,19690300,BP
2024-12-10,27.37861442565918,27.569627179501463,27.33313395933788,27.496860168289775,8326900,BP
2024-12-11,27.587818145751953,27.642392968021138,27.223983105786843,27.44228412976591,8735400,BP
2024-12-12,27.424089431762695,27.67877480385809,27.360418522464386,27.515048617146917,7556400,BP
2024-12-13,27.269460678100586,27.360419867957877,27.014777028382866,27.287652863052493,7293200,BP
2024-12-16,26.33258819580078,26.860149464956226,26.32349210246505,26.851053371620495,10024100,BP
2024-12-17,26.45083236694336,26.487216738123344,26.250723530160368,26.332586630413026,10515500,BP
2024-12-18,25.95965576171875,26.714614122282065,25.92327139017241,26.60546274254537,11158700,BP
2024-12-19,25.841407775878906,26.241627180428573,25.83231168317297,26.205242809604833,10605700,BP
2024-12-20,26.014230728149414,26.141572559461913,25.595819127561818,25.659490043218067,12752100,BP
2024-12-23,26.15066909790039,26.223436107733235,25.78683404873616,25.90507978912615,6911200,BP
2024-12-24,26.18705177307129,26.305297505797707,25.914174202706686,26.132475218057017,2777200,BP
2024-12-26,26.241628646850586,26.423545306428185,26.105190718441794,26.205244273993635,3812900,BP
2024-12-27,26.3416805267334,26.56907763791681,26.168859971363645,26.214338699639416,6753100,BP
2024-12-30,26.459928512573242,26.541791612989364,26.296202311741002,26.459928512573242,6098500,BP
2024-12-31,26.887434005737305,26.978393197411638,26.5599833445729,26.669132986660276,8065300,BP
2025-01-02,27.223983764648438,27.314942960566647,27.00568273538616,27.014778828468213,6636200,BP
2025-01-03,27.715160369873047,27.76064083482896,27.551435900738806,27.596914630792373,7074900,BP
2025-01-06,28.215435028076172,28.351872952912434,27.969845722429497,28.033516638359597,12487500,BP
2025-01-07,28.95220184326172,29.05225713328415,28.44283276977933,28.461024956129297,11983300,BP
2025-01-08,28.306392669677734,28.515597591940455,28.088089920035834,28.260912207293067,13191500,BP
2025-01-10,28.46102523803711,29.07044787267591,28.29729902907046,28.97039431656482,11312000,BP
2025-01-13,28.397350311279297,28.69751442538188,28.242720207959646,28.288200670643224,9705500,BP
2025-01-14,28.27910614013672,28.379161428665004,27.806119711515084,27.833407990632534,13758900,BP
2025-01-15,28.470117568969727,28.533790217290996,28.17904954482445,28.397350562933408,10964600,BP
2025-01-16,28.906723022460938,28.979490032732294,28.551982329348483,28.624749339619843,11435600,BP
2025-01-17,28.824857711791992,29.27965018998567,28.688419794843664,29.043158725889764,11806100,BP
2025-01-21,28.670228958129883,28.770282509982373,28.497406663254026,28.66113286525196,7301500,BP
2025-01-22,28.315486907958984,28.706610208308067,28.28820036554539,28.679323665894472,8494100,BP
2025-01-23,28.642942428588867,28.71570944115346,28.43373748432846,28.615654148288733,6586400,BP
2025-01-24,28.606555938720703,28.742993852049135,28.424637564347996,28.652034664862782,5748400,BP
2025-01-27,28.606555938720703,28.679322941489346,28.270007466601857,28.606555938720703,8021600,BP
2025-01-28,28.342777252197266,28.73390058106937,28.16085885996296,28.67022966425807,6388000,BP
2025-01-29,28.315486907958984,28.37915955502926,28.06989935172544,28.1517624487707,8065800,BP
2025-01-30,28.752092361450195,28.770282812494983,28.397351675090544,28.542885692862892,7928600,BP
2025-01-31,28.251815795898438,28.79756919403801,28.133570064837603,28.79756919403801,10679800,BP
2025-02-03,28.07899284362793,28.770278455916564,27.624198673231575,27.942553204587362,26919700,BP
2025-02-04,28.779376983642578,28.806665260741017,27.98803603171229,27.98803603171229,18006700,BP
2025-02-05,28.806665420532227,29.0431586186572,28.724802323685036,28.997678156574185,14842400,BP
2025-02-06,29.070446014404297,29.45247496750762,28.85214499470403,29.30694095437411,13970900,BP
2025-02-07,29.352418899536133,29.552529463430897,29.170500520523117,29.40699545418138,10042200,BP
2025-02-10,31.308034896850586,31.753734794150258,31.06244905220106,31.09882995560537,39130900,BP
2025-02-11,31.42628288269043,31.680970029464895,30.8259545942586,31.1534070188223,17244500,BP
2025-02-12,31.544527053833008,31.917458171622776,31.14430939346005,31.22617249101412,16537100,BP
2025-02-13,31.371707916259766,32.053899270048085,31.335323544637937,31.544528476756465,15284000,BP
2025-02-14,31.83559799194336,32.33587098071293,31.826503633516925,32.108473852199054,13148400,BP
2025-02-18,32.11756896972656,32.16304769763,31.626390380838604,31.735540021767754,12306900,BP
2025-02-19,31.41718864440918,32.12666658714318,31.408090816022657,31.76282978738966,9948600,BP
2025-02-20,31.517240524291992,31.662774534470064,31.408087414305065,31.444471784300706,10499200,BP
2025-02-21,31.25897979736328,31.471123532201005,31.083731542987774,31.40655820066547,12503400,BP
2025-02-24,31.120622634887695,31.29587086455008,31.01916183719772,31.29587086455008,8702300,BP
2025-02-25,30.650217056274414,31.31432160034111,30.502638659653652,31.268204011124592,14681400,BP
2025-02-26,30.142915725708008,30.244376530378762,29.7739679848228,30.041454921037257,14441200,BP
2025-02-27,30.54875373840332,30.926923568575557,30.15213617035119,30.19825727432404,10341500,BP
2025-02-28,30.54875373840332,30.677884385016345,30.115244213137636,30.262822597630553,8717700,BP
2025-03-03,29.340456008911133,30.82546377102811,29.08219470729418,30.751676335657418,13055900,BP
2025-03-04,28.999183654785156,29.386577393353264,28.584118306578866,28.76859218562017,14142000,BP
2025-03-05,29.4050235748291,29.54337810541912,28.851605452469027,29.04530144344039,9902300,BP
2025-03-06,29.248220443725586,29.515707386365687,28.989959130029767,29.109865917206648,8605600,BP
2025-03-07,29.58027458190918,29.755522838900728,29.40502456564427,29.45114391691049,8862000,BP
2025-03-10,29.70940399169922,30.12446933919207,29.36812960311469,30.00456079023934,12735000,BP
2025-03-11,29.49725914001465,29.8846546224462,29.202102352707968,29.82931140537128,9321600,BP
2025-03-12,29.700180053710938,29.976889095498574,29.257443123868264,29.32201020894035,8475100,BP
2025-03-13,29.856983184814453,30.050682697825636,29.672509301185393,29.79241785332628,6948600,BP
2025-03-14,30.79779624938965,30.871587208881678,30.13369168814784,30.20748264763987,12619400,BP
2025-03-17,31.139068603515625,31.185189709454146,30.770124385832126,30.816241973224265,10810800,BP
2025-03-18,31.5633602142334,31.572582324485673,31.21286020935736,31.46189940872614,10244200,BP
2025-03-19,31.923084259033203,31.969201850175164,31.36044049887995,31.581809862326693,14017900,BP
2025-03-20,32.05221176147461,32.23668562640099,31.72015950831638,31.793950461705464,21305600,BP
2025-03-21,31.867740631103516,32.18134517282473,31.71094011951622,31.941531590824564,40923500,BP
2025-03-24,31.461902618408203,31.969203179151858,31.323546320684112,31.747833806502673,10093100,BP
2025-03-25,31.6279296875,32.22746545178689,31.581812093100535,32.05221718565016,10230900,BP
2025-03-26,31.747831344604492,32.13522683706313,31.637148426136257,31.950752960585042,10731500,BP
2025-03-27,31.738609313964844,32.08910932830024,31.683266095318242,31.80317464311261,7555700,BP
2025-03-28,31.231307983398438,31.581807988667165,31.111399438705845,31.581807988667165,7085600,BP
2025-03-31,31.1667423248291,31.378886044079913,30.97304634445398,31.046833781410324,6051500,BP
2025-04-01,31.185192108154297,31.19441421892352,30.779348863375535,30.936152894825508,5682700,BP
2025-04-02,31.185192108154297,31.258979549948023,30.991492596534137,31.222084069777836,6099500,BP
2025-04-03,28.906944274902344,30.032231675364145,28.842378950470565,29.69095379645755,19511400,BP
2025-04-04,26.17674446105957,27.560293363551107,26.066061534053354,27.468058177470397,23086500,BP
2025-04-07,25.060678482055664,26.130622653332743,24.37812801136326,24.719402367072902,20036700,BP
2025-04-08,24.082971572875977,25.74322930723012,23.75091932229589,25.7340054381281,13558200,BP
2025-04-09,25.734004974365234,26.00149189568385,23.26206439631275,23.70480130886517,18532400,BP
2025-04-10,24.19365692138672,25.189812014229712,23.89850011747373,25.180588144198264,15252600,BP
2025-04-11,24.52570915222168,24.664063683846592,23.787817144039927,24.110643798073617,17252000,BP
2025-04-14,24.820865631103516,25.28204857000811,24.48881335212475,25.28204857000811,13782600,BP
2025-04-15,25.097572326660156,25.614098436255677,25.069902478867164,25.152915540792403,10145100,BP
2025-04-16,25.51263999938965,26.0014945471991,25.32816612040823,25.697113878371066,10609000,BP
2025-04-17,26.121400833129883,26.508794564098896,25.936928716980468,26.010717915294887,8926500,BP
2025-04-21,25.900033950805664,25.91848169071016,25.50341633922557,25.84469249036549,8373400,BP
2025-04-22,26.62870216369629,26.96997653403354,26.278202164715488,26.37043909914587,17311500,BP
2025-04-23,26.379663467407227,27.28358157151877,26.130624267517344,27.136003177348446,12702100,BP
2025-04-24,26.748611450195312,26.794729042089752,26.481124491242145,26.582585304537947,5672200,BP
2025-04-25,26.923860549926758,26.933084419846452,26.582584399991344,26.610256009750422,5321100,BP
2025-04-28,26.868515014648438,27.126778072320587,26.76705597282304,26.79472582092399,11226900,BP
2025-04-29,25.89080810546875,26.3704387507515,25.70633599831835,25.927703582462733,16423300,BP
2025-04-30,25.32816505432129,25.95537410533032,25.09757359493698,25.95537410533032,13189800,BP
2025-05-01,25.715560913085938,25.853917207630705,25.180588753236055,25.33739102901654,10188700,BP
2025-05-02,25.936927795410156,25.992269252361307,25.374284078708335,25.78934764475176,10605500,BP
2025-05-05,26.91463279724121,26.91463279724121,25.97381931243608,26.67481749174541,28776200,BP
2025-05-06,26.195188522338867,26.58258223099012,26.13984706660959,26.333543041298636,18875400,BP
2025-05-07,25.946149826049805,26.12139982501049,25.817019173801505,26.09372997625625,10024100,BP
2025-05-08,26.370437622070312,26.508792136329696,25.946148451165367,25.96459618887278,11924300,BP
2025-05-09,27.458831787109375,27.50494937591752,26.95152951385359,27.108331778783814,19497600,BP
2025-05-12,27.846227645874023,28.224397532718896,27.69864923926497,28.03992364482089,11716200,BP
2025-05-13,28.1875,28.427315333104776,27.634080135856152,27.726317073092336,10855500,BP
2025-05-14,28.003028869628906,28.17827712134032,27.87389644924754,28.13215953073696,15045900,BP
2025-05-15,27.772436141967773,27.837001469601624,27.348146938658804,27.56029066067667,7271800,BP
2025-05-16,27.894285202026367,27.988016355909924,27.659958211204007,27.894285202026367,6930400,BP
2025-05-19,27.556854248046875,27.622465520587944,27.388138525642354,27.622465520587944,8666300,BP
2025-05-20,27.369394302368164,27.538108240560195,27.22879667221511,27.36002100783975,5504500,BP
2025-05-21,27.069454193115234,27.472496918261644,27.069454193115234,27.472496918261644,7379600,BP
2025-05-22,27.12569236755371,27.247541613508115,26.62891851422847,26.900738675795022,7691200,BP
2025-05-23,27.26629066467285,27.31315535094146,26.84450133716265,26.85387463197101,7951200,BP
2025-05-27,27.322528839111328,27.425633294959756,27.256917562761675,27.313155544236636,6737800,BP
2025-05-28,27.12569236755371,27.463122011305227,27.041334509672573,27.313152883466103,6744000,BP
2025-05-29,27.34127426147461,27.35064755594909,27.05070928385812,27.18193183095464,4850700,BP
2025-05-30,27.275665283203125,27.341276562272647,27.116322839274318,27.26629198793987,5415600,BP
2025-06-02,27.725568771362305,27.875537898619697,27.360019247144038,27.772433453215356,8068400,BP
2025-06-03,27.706825256347656,27.809929713186833,27.30378251172893,27.519364720372046,6550900,BP
2025-06-04,27.106948852539062,27.73494531697146,27.022590985094915,27.63184085947901,8007200,BP
2025-06-05,27.228796005249023,27.4537514928744,27.181931321528037,27.425631609977955,6117000,BP
2025-06-06,27.453750610351562,27.55685326877803,27.247541717952565,27.266288305947572,6988700,BP
2025-06-09,27.61309242248535,27.791181440486028,27.32252744726443,27.45375178105219,6040900,BP
2025-06-10,28.334823608398438,28.475419466709454,28.02551200500487,28.09112328636512,12844100,BP
2025-06-11,28.878459930419922,28.92532640462716,28.372314523394078,28.531656960152308,8810000,BP
2025-06-12,28.981565475463867,29.140907918212573,28.79410314713365,28.972192180270028,7944600,BP
2025-06-13,29.731409072875977,29.76890225095219,29.26275507356207,29.609559819674537,11179800,BP
2025-06-16,29.206518173217773,29.600187618695987,29.000311049499924,29.40335378984348,11189100,BP
2025-06-17,29.60018539428711,29.815765796669755,29.459589557418994,29.675169959801643,9465900,BP
2025-06-18,29.18777084350586,29.6189334575144,29.028428410381224,29.506455709755127,8627200,BP
2025-06-20,29.290874481201172,29.459590204256585,29.02842760225129,29.33773916526185,13800700,BP
2025-06-23,28.419178009033203,29.468963745867296,28.419178009033203,29.347112705850236,14795600,BP
2025-06-24,27.959897994995117,28.325447548483883,27.913033309389487,27.98801787902239,10987900,BP
2025-06-25,28.419178009033203,30.874923944987827,27.725570310031777,27.83804805560344,66997000,BP
2025-06-26,28.391061782836914,28.69100007374618,28.147361474529827,28.40043329012625,14192700,BP
2025-06-27,28.43792724609375,28.64413437977539,28.287958096548326,28.475418639593467,11134700,BP
2025-06-30,28.053627014160156,28.259834117978695,27.988015744207576,28.119238284112736,7521200,BP
2025-07-01,28.587892532348633,28.662877096988133,28.08174538020222,28.24108780353279,8426500,BP
2025-07-02,29.337739944458008,29.45021769207334,28.719116802006557,29.140906120847614,8124700,BP
2025-07-03,28.990938186645508,29.36586104797999,28.93470020438864,29.187772018431154,3931600,BP
2025-07-07,28.353567123413086,28.63475880952776,28.10986682781957,28.475416377323274,6653200,BP
2025-07-08,29.30962371826172,29.459592866134372,28.41918033846625,28.456673519321047,9379500,BP
2025-07-09,29.30962371826172,29.703293178370743,29.169027865602768,29.65642670230225,8325100,BP
2025-07-10,29.543947219848633,29.62830507896091,29.065919947470075,29.14090451248398,6561800,BP
2025-07-11,30.59373664855957,30.74370580563891,30.031353203398726,30.068846386555247,12723400,BP
2025-07-14,30.087583541870117,30.396896879340606,29.890749731959467,30.38752179760426,5790500,BP
2025-07-15,29.862632751464844,30.143824429758407,29.76890159610929,30.050095062175945,6278400,BP
2025-07-16,29.918869018554688,30.1438227058794,29.740780012341087,29.99385358099626,5791600,BP
2025-07-17,30.078214645385742,30.143825921048656,29.722036594968248,29.78764965840434,3858700,BP
2025-07-18,29.984481811523438,30.537495445831123,29.900123951016596,30.462509091804524,6224700,BP
2025-07-21,30.20943832397461,30.415647241207783,30.09696235800492,30.359407470449693,6890300,BP
2025-07-22,30.48125648498535,30.678090306182145,30.35003393752082,30.378152033250004,6791100,BP
2025-07-23,30.659343719482422,30.996775170442977,30.593732445745232,30.790566266956805,12579500,BP
2025-07-24,30.115707397460938,30.518750128273158,29.965736470935305,30.359405907103852,12436000,BP
2025-07-25,30.181318283081055,30.21881146117237,29.665797810964243,29.993855968170735,7033600,BP
2025-07-28,30.621850967407227,30.67809073519833,30.284423087299515,30.293794594158214,5528400,BP
2025-07-29,30.8936710357666,30.903046118137418,30.3875238541311,30.593732759733626,4878000,BP
2025-07-30,30.22818374633789,30.453139245132427,29.95636356149551,30.29379502191414,7183900,BP
2025-07-31,30.13445281982422,30.275046870715517,29.80639288331885,29.86263264900307,5346000,BP
2025-08-01,29.7595272064209,30.106330144366453,29.60955807848125,30.031347368169655,8591900,BP
2025-08-04,30.45313835144043,30.593732405458017,29.975109271360385,30.19068968129102,13559300,BP
2025-08-05,31.493547439575195,31.493547439575195,30.640597300706798,30.856177712119003,14440000,BP
2025-08-06,31.755992889404297,32.48709191266869,31.624770354515398,32.00906645335257,11067700,BP
2025-08-07,32.04655838012695,32.45897617750319,31.962200519349647,32.06530496869371,10582300,BP
2025-08-08,31.999696731567383,32.22465224015867,31.802862896266575,31.971578633823412,6304000,BP
2025-08-11,31.821605682373047,32.18715521152964,31.7559944117832,32.074679258453635,4857200,BP
2025-08-12,31.93408203125,32.22464878713933,31.83097758317488,31.915335442913968,4688900,BP
2025-08-13,32.15903854370117,32.15903854370117,31.79348542278279,31.81223201171806,7190800,BP
2025-08-14,32.46834945678711,32.47772453935545,31.774743519677166,31.86847289208239,9440700,BP
2025-08-15,32.648094177246094,32.93339574503671,32.28671025654797,32.33425991321203,10608200,BP
2025-08-18,32.381805419921875,32.49592530685161,32.14405353926488,32.29621459777312,5690400,BP
2025-08-19,32.1630744934082,32.562499543945464,32.067975191178576,32.362785204773914,4965000,BP
2025-08-20,32.22013473510742,32.438866022186446,32.12503180954763,32.28670496909645,6028700,BP
2025-08-21,32.381805419921875,32.3913175267194,32.03944213132687,32.17258623185166,4933500,BP
2025-08-22,33.03800582885742,33.047514308682786,32.37229977909252,32.410340954006195,7453900,BP
2025-08-25,33.256736755371094,33.28526582232085,32.89535285351448,32.91437344074968,5124500,BP
2025-08-26,32.971431732177734,33.00947290682988,32.66710959057275,32.771721006963105,5592000,BP
2025-08-27,33.1806526184082,33.361346373502414,32.76221060520086,32.78123119141109,8118000,BP
2025-08-28,33.61811447143555,33.64664716402034,32.914370936311094,33.09506105958774,7983500,BP
2025-08-29,33.50399398803711,33.6846841080969,33.3803619965195,33.456444338316714,7701000,BP
2025-09-02,33.50399398803711,33.5325230523082,32.990449064323094,33.066531406120305,8468600,BP
2025-09-03,32.7717170715332,33.41840245173736,32.72416742283112,33.36134432441712,10263500,BP
2025-09-04,32.61955642700195,32.8382877160119,32.51494502186552,32.66710607629877,6020200,BP
2025-09-05,32.26768493652344,32.50543681278559,32.03944153907725,32.41033751340302,7857900,BP
2025-09-08,32.24866485595703,32.59102814358334,32.04895414744362,32.49592521490615,5795300,BP
2025-09-09,32.41984558105469,33.057018860009556,32.40082499585826,32.800250029371945,6604600,BP
2025-09-10,33.0570182800293,33.06653038636346,32.45788618197897,32.5149443087615,5528000,BP
2025-09-11,32.78123092651367,33.01898281051147,32.63857834499266,32.762210340457145,5667800,BP
2025-09-12,32.22964859008789,32.96192491392607,32.14405775670924,32.78123476692948,8979900,BP
2025-09-15,32.533966064453125,32.55298665000035,32.30572629349788,32.514945478905894,5805500,BP
2025-09-16,32.74319076538086,32.83829007079393,32.4578892213357,32.49592676681735,4477800,BP
2025-09-17,32.61955642700195,32.81926713073203,32.42935420200896,32.49592443658565,5689000,BP
2025-09-18,32.866825103759766,33.05702372812214,32.66711074368933,32.79074275176984,8261100,BP
2025-09-19,32.4483757019043,32.65759851807448,32.258173471550116,32.58151617481049,8052200,BP
2025-09-22,32.68613052368164,32.90486183853628,32.381808378857265,32.45789072896642,9758200,BP
2025-09-23,33.03800582885742,33.57056776642445,33.009473133769106,33.19016690070602,6720800,BP
2025-09-24,33.4849739074707,33.71321730849805,33.2472220274782,33.27575471998524,5771400,BP
2025-09-25,33.53252410888672,33.62762703912985,33.35183398313355,33.380363048303565,3971800,BP
2025-09-26,33.94145584106445,34.1221495850496,33.68468338472161,33.69419549114485,6110900,BP
2025-09-29,33.04751205444336,33.57056547650647,32.9524127514522,33.542036411170294,5861100,BP
2025-09-30,32.7717170715332,32.93339023048707,32.53396520021714,32.72416742283112,6026800,BP
2025-10-01,32.7717170715332,33.07603917659332,32.7717170715332,32.96191929414719,5595000,BP
2025-10-02,32.20111846923828,32.68613075732969,32.20111846923828,32.57201085915633,5742600,BP
2025-10-03,32.48642349243164,32.7336839028057,32.476915011489254,32.67662576153829,5945000,BP
2025-10-06,33.12359619140625,33.31379480768026,32.933393947326174,33.057022322343066,6188600,BP
2025-10-07,33.256736755371094,33.38036513069077,32.800253545144564,33.31379488927062,4764700,BP
2025-10-08,32.82878112792969,33.18065290635781,32.762210889519125,33.095062081571946,5128200,BP
2025-10-09,32.610050201416016,33.31379376636698,32.59102961482194,33.14261211482627,5749300,BP
2025-10-10,31.849245071411133,32.4483772276608,31.830224484700768,32.286707682331645,7541000,BP
2025-10-13,32.04895782470703,32.286709731970724,31.944346405062014,32.04895782470703,3902200,BP
2025-10-14,31.48786163330078,31.735122008486893,31.174027389766,31.240597630308645,8312200,BP
2025-10-15,31.706592559814453,31.953852932020812,31.64002232007405,31.782671279029493,6691200,BP
2025-10-16,31.174026489257812,31.91581484900054,31.116968357758626,31.801691330390323,6282300,BP
2025-10-17,31.506881713867188,31.55443136666108,31.269129822091745,31.31667947488564,4877900,BP
2025-10-20,31.59247398376465,31.678064813827465,31.30716879835117,31.44982139105791,5937700,BP
2025-10-21,31.53541374206543,31.801694724967465,31.392761142478594,31.582963399325607,4443300,BP
2025-10-22,32.638580322265625,32.72417115080223,31.858754385734812,31.868262865436183,7017600,BP
2025-10-23,33.28526306152344,33.40889505439471,33.04751118251255,33.237713411282414,8478000,BP
2025-10-24,32.847801208496094,33.33281345627685,32.847801208496094,33.14261122325868,6005400,BP
2025-10-27,33.066532135009766,33.19016412925261,32.90485896902977,33.066532135009766,4173000,BP
2025-10-28,32.7717170715332,33.085551283017125,32.75269648649124,32.952410815529035,5132200,BP
2025-10-29,33.47547149658203,33.732244008855616,32.961926472034875,32.97143495272363,8743000,BP
2025-10-30,33.066532135009766,33.62762672081245,33.04751154914119,33.304284016658265,10066400,BP
2025-10-31,33.408897399902344,33.42791798689527,32.89535243451148,33.15212491720691,5818600,BP
2025-11-03,33.1616325378418,33.551545491582075,33.12359499264723,33.3042851226907,5974700,BP
2025-11-04,33.399383544921875,33.86537883235083,33.18065224765713,33.72272625127103,13631300,BP
2025-11-05,33.931949615478516,34.35990373779878,33.74174738024663,33.74174738024663,10053600,BP
2025-11-06,34.06509017944336,34.255292415164604,33.84635887809599,33.86537946444871,7098400,BP
2025-11-07,34.78786087036133,34.806877830504774,34.112642695470264,34.13166328341992,6287800,BP
2025-11-10,35.30139923095703,35.30139923095703,34.51206485112309,34.806874869750004,7050900,BP
2025-11-11,35.5201301574707,35.795923214663304,35.41552237545827,35.41552237545827,6252600,BP
2025-11-12,35.05413818359375,35.7483732460947,34.93050618874114,35.03511759763136,8383400,BP
2025-11-13,34.702266693115234,35.21580800702459,34.58814317641906,35.120708704250305,5988900,BP
2025-11-14,35.22196578979492,35.22196578979492,34.61452690534228,34.730229024556486,7048100,BP
2025-11-17,35.19303894042969,35.66549505416004,35.135186045451334,35.22196354886696,9066700,BP
2025-11-18,35.37623977661133,35.4533769819504,34.633810726692566,34.65309502802734,8211800,BP
2025-11-19,34.66273498535156,34.69165959493665,34.34454956749974,34.37347785518879,7181100,BP
2025-11-20,34.44097137451172,35.10626314771476,34.3541938668675,34.75915311713787,7073600,BP
2025-11-21,34.69165802001953,34.81700411937111,34.13242808417305,34.25777050542083,8785400,BP
2025-11-24,34.62416458129883,34.682017475555575,34.15170847346151,34.36383207429913,6694700,BP
2025-11-25,34.41204071044922,34.66273290549097,34.23848570714455,34.48917790218629,5403400,BP
2025-11-26,34.64344787597656,34.817002875616204,34.51810178110268,34.54703006644506,3990200,BP
2025-11-28,34.8073616027832,34.913423408402906,34.518104473522904,34.53738877255412,2879500,BP
2025-12-01,35.20268249511719,35.405165807152095,35.03877146139349,35.086980372600216,4773500,BP
2025-12-02,35.05805587768555,35.212326600920846,34.88450085428281,35.17375800058598,3689400,BP
2025-12-03,35.90654373168945,35.92582435216177,35.3762347161041,35.3762347161041,5559300,BP
2025-12-04,35.89690017700195,36.099379797342124,35.64621164869087,35.68477656820525,7953700,BP
2025-12-05,34.54703140258789,35.4148027562444,34.50846280604214,34.90378172537655,12362000,BP
2025-12-08,34.49882125854492,34.807362696531705,34.43132804886682,34.547033846689914,8210400,BP
2025-12-09,34.27705764770508,34.7302294981207,34.248133037033135,34.50846556739292,5700200,BP
2025-12-10,34.595245361328125,34.69166318866905,34.15171379248858,34.2674195990229,6045700,BP
2025-12-11,34.257774353027344,34.60488440369141,34.19028114074313,34.44097336760238,6257900,BP
2025-12-12,33.9974365234375,34.238484723535365,33.775672620719895,34.190275819136524,6524600,BP
2025-12-15,33.98780059814453,34.25777344008683,33.70818376721623,34.25777344008683,6062600,BP
2025-12-16,32.5511474609375,33.31286065922294,32.53186684157908,33.22608315969544,11885400,BP
2025-12-17,33.2357292175293,33.32250672246164,32.89825950807957,33.26465382647211,7160800,BP
2025-12-18,32.11726760864258,32.965754733160004,32.03049009839601,32.965754733160004,15228900,BP
2025-12-19,32.72470474243164,32.869335144432846,32.59936231734143,32.61864661614852,12734800,BP
2025-12-22,32.917545318603516,33.36107317391555,32.888620708332226,33.00432282752144,10096000,BP
2025-12-23,33.34178924560547,33.39963846041052,33.21644315002172,33.27429236482676,6844000,BP
2025-12-24,33.08145523071289,33.32250342297896,33.03324264977686,33.26465053271784,3128600,BP
2025-12-26,33.04289245605469,33.11038566752645,32.90790603311116,33.023608155905016,3381300,BP
2025-12-29,33.21644592285156,33.37071663871599,33.062175206987135,33.37071663871599,7542400,BP
2025-12-30,33.50570297241211,33.61176477895091,33.399641165873305,33.40928515452446,5378900,BP
2025-12-31,33.486419677734375,33.592481487454805,33.3225086467876,33.592481487454805,4010900,BP
2026-01-02,34.54703140258789,34.566312022756954,33.79495848236102,33.8431673889913,7571300,BP
2026-01-05,34.8266487121582,34.932710526336585,33.39000326038992,34.286703008128995,16043800,BP
2026-01-06,33.129669189453125,34.20956422573856,33.110384889756446,34.045653195472916,16255000,BP
2026-01-07,32.46437072753906,32.71506292235846,32.37759690406744,32.44509010772564,12192100,BP
2026-01-08,32.90790557861328,32.98503910004249,32.20404518434021,32.36795621619235,11671400,BP
2026-01-09,33.06217575073242,33.14895325971482,32.90790503233083,32.9850385524796,7757700,BP
2026-01-12,33.17787551879883,33.25501271158519,32.840409495618,33.09109801596607,7163900,BP
2026-01-13,34.0938606262207,34.25777164937372,33.34179136120534,33.409284568162924,9971400,BP
2026-01-14,34.53738784790039,34.99055966774147,33.688897103763,33.717825390587315,15467300,BP
2026-01-15,33.891380310058594,34.05529132984894,33.496061386801095,33.6021195111987,10717100,BP
2026-01-16,34.11314392089844,34.34454814419725,34.02636641763543,34.142068529284835,5279900,BP
2026-01-20,33.891380310058594,34.22884633792334,33.775674519273096,34.01672273292044,6264100,BP
2026-01-21,34.63380432128906,34.80735932309917,34.31562260337301,34.35419119890941,9110100,BP
2026-01-22,34.161354064941406,34.238487582800275,33.90102154572284,34.12278546696,5331100,BP
2026-01-23,35.22196578979492,35.39552080766826,34.826646844217656,35.13518828085825,7875500,BP
2026-01-26,35.443729400634766,35.58835980693758,35.154472266133155,35.540150897537984,5496300,BP
2026-01-27,36.2729377746582,36.29222207504428,35.588361662421434,35.67513917510668,6159300,BP
2026-01-28,36.35007095336914,36.55255056785837,35.93546773621283,36.49469767310267,6356500,BP
2026-01-29,36.67789840698242,37.49746089198693,36.48505909342136,37.246772359030345,12781200,BP
2026-01-30,36.52362823486328,36.86109428003529,35.993322873262684,36.63933035347882,11765800,BP
2026-02-02,36.35007095336914,36.59111916436217,35.95475203446473,36.36935525162104,11537600,BP
2026-02-03,37.42996597290039,37.52638378622133,36.19580030749406,36.26329351243948,9956200,BP
2026-02-04,37.79636001586914,38.09525744190509,37.50710289985534,37.81564431401723,11183300,BP
2026-02-05,36.80323791503906,37.16963221393092,36.610402294878426,36.89001541535283,10755700,BP
2026-02-06,37.613162994384766,37.78671800871243,36.91894661517811,36.95751521349625,6063800,BP
2026-02-09,37.815643310546875,37.95062971589775,37.478173619066006,37.516742214338734,7208400,BP
2026-02-10,35.646209716796875,36.06081292346377,34.8555718989911,35.68477463422118,23286000,BP
2026-02-11,37.16963577270508,37.42996829857167,36.38864187320933,36.58147751183285,13206900,BP
2026-02-12,35.85832977294922,36.78395767863835,35.511223446182484,36.70682048728771,14268000,BP
2026-02-13,36.311500549316406,36.37899375078641,35.646208844210555,35.85832875821472,7463000,BP
2026-02-17,36.215087890625,36.45613612389515,35.72334743501557,36.29222141265729,7289900,BP
2026-02-18,37.15034866333008,37.21784186736422,36.591118733032346,36.783958035174365,10317700,BP
2026-02-19,37.613162994384766,38.0952594390496,37.42996766952956,37.65173159270291,9471400,BP
2026-02-20,37.289878845214844,37.358246580110944,36.86990348756047,37.231276332834426,7349100,BP
2026-02-23,37.5145149230957,37.91495609610562,37.24104399297049,37.41684779826869,6291400,BP
2026-02-24,37.407081604003906,37.543817079132126,37.16291004820001,37.4949835131238,7448800,BP
2026-02-25,37.20198059082031,37.47545155724529,36.908975451684626,37.47545155724529,10813900,BP
2026-02-26,37.10430908203125,37.60241738730703,36.40109385033646,36.586662880583894,8116800,BP
2026-02-27,37.95402526855469,38.071226566069356,37.47544740457985,37.89542275691632,8312300,BP
2026-03-02,38.549808502197266,38.588873121653975,37.9344951051639,38.48144076094494,15552300,BP
2026-03-03,37.95402526855469,38.63770633462072,37.68055433243311,38.12006012955363,14301500,BP
2026-03-04,37.93449401855469,38.10052889233651,37.465685066640724,37.8954256744546,7551100,BP
2026-03-05,38.38376998901367,38.56934276636404,38.02239710928463,38.36423581635771,11974700,BP
2026-03-06,39.497188568115234,39.65345821101111,38.422835238926325,38.76467391846038,23635300,BP
2026-03-09,39.70229721069336,40.23947389841208,39.253018707985355,39.57532695607399,22075400,BP
2026-03-10,39.008846282958984,39.79996346238134,38.5693404645977,39.45812477570873,17491500,BP
2026-03-11,40.59107971191406,40.620379105597,39.458123871773665,39.65345813067615,16385300,BP
2026-03-12,41.17708969116211,41.48962897443087,40.70828076625896,40.78641372419508,15577700,BP
2026-03-13,41.67519760131836,41.831470967184025,41.0598879891518,41.27475641569287,14407500,BP
2026-03-16,41.89984130859375,42.319816691080476,41.54823366504557,41.655669747881106,15163100,BP
2026-03-17,42.82768630981445,43.23789643138515,42.49561286883322,42.65188250425015,18098400,BP
2026-03-18,43.56997299194336,43.67740907256522,43.24766475007779,43.31603248760765,16789100,BP
2026-03-19,44.790828704833984,45.69914714814358,44.57595655349904,44.62479011723096,37659700,BP
2026-03-20,43.73601150512695,44.62479589282284,43.618810191849086,44.29272240040006,28134400,BP
2026-03-23,42.55421829223633,42.93512532177918,41.68496815286679,42.02680683944057,41426800,BP
2026-03-24,43.74577713012695,43.80437591943138,42.856992809974386,43.003493508997735,20145500,BP
2026-03-25,44.351318359375,44.585724677019414,43.736005035600186,43.79460754645179,11676600,BP
2026-03-26,45.09360122680664,45.591713288059985,44.58572766839948,44.66386062901509,18824300,BP
2026-03-27,45.591712951660156,45.66008068885522,44.8494293395963,44.98616853974866,15921300,BP
2026-03-30,46.246089935302734,46.54886399763178,45.72844744316284,46.18749114797349,22732400,BP
2026-03-31,45.90425109863281,47.144643011580946,44.89826551148113,46.978604421274675,32813200,BP
2026-04-01,45.09360122680664,46.314459008244064,44.49782575910549,45.99215449134096,36898300,BP
2026-04-02,46.021453857421875,46.871173555326244,45.56241386540332,46.57816470735245,29980700,BP
2026-04-06,46.37306213378906,46.402361528685525,45.67961579898244,46.12889057428569,7255600,BP
2026-04-07,46.1386604309082,46.65630295499645,45.94332243430961,45.99215600201866,11640000,BP
2026-04-08,44.82012939453125,44.90803130209647,43.14022792806805,43.65787415073532,18874400,BP
2026-04-09,44.829898834228516,46.1093553935433,44.51735954296367,45.22057108542846,13730200,BP
2026-04-10,45.35730743408203,45.44520934430508,44.80059657792353,44.82013074972446,9183900,BP
2026-04-13,45.35730743408203,45.90425306722123,45.13267004701477,45.63078211353279,7117600,BP
2026-04-14,45.09360122680664,45.5135766016821,44.71269419512013,45.4940461558499,9564800,BP
2026-04-15,45.044769287109375,45.308475024512816,44.63456284610118,44.878734411204846,11911700,BP
2026-04-16,46.51956558227539,46.76373713664796,45.12290399320331,45.240105296088714,11785400,BP
2026-04-17,43.550437927246094,43.73600696448395,42.32958017387607,43.56020314993769,17580300,BP
2026-04-20,44.06808090209961,44.341555575349474,43.78484473181408,43.88251186284189,6834100,BP
2026-04-21,44.839664459228516,44.93733159146392,44.25365421429153,44.370855518126476,7274700,BP
2026-04-22,45.2889404296875,45.611248680983294,45.152204950627116,45.50381259721803,6812700,BP
2026-04-23,45.269405364990234,45.49404647703145,44.86896415888219,45.33777310317242,10117200,BP
2026-04-24,45.17173767089844,45.357306711407176,44.829898984234376,45.28893897407436,6155100,BP
2026-04-27,44.89826583862305,45.86518309089354,44.85919749641195,45.640545711823,9243400,BP
2026-04-28,45.269405364990234,45.80658577322493,45.054536927458656,45.415909790101935,12982100,BP
2026-04-29,45.70891189575195,45.76751440707873,45.1033675150901,45.699146673411846,13815400,BP
2026-04-30,46.275394439697266,46.54886539078418,45.42567474037044,45.65031585106301,10959300,BP
2026-05-01,45.328006744384766,46.05075617732339,44.908031377067836,45.98238844085433,11779000,BP
2026-05-04,45.84564971923828,45.99215414220353,44.976399581575485,45.33777243892426,6705800,BP
2026-05-05,45.41590881347656,45.757747497036554,44.93733093073036,45.3377721282273,7368600,BP
2026-05-06,43.589508056640625,44.10715057304817,43.49183719690935,43.92158152820227,11979700,BP
2026-05-07,42.78862762451172,43.159765731454385,42.38818639540647,43.15000050790853,9606800,BP
2026-05-08,42.32958221435547,42.92536142284128,42.21238090759572,42.91559247391658,10272900,BP
2026-05-11,43.18906784057617,43.41370523448686,42.84722541228931,43.01326401477434,6608400,BP
2026-05-12,43.3648681640625,43.50160363402898,43.14999601082252,43.25743208744251,4594800,BP
2026-05-13,43.11092758178711,43.26719722225516,42.87652498396609,43.2183636581893,4760900,BP
2026-05-14,43.09139633178711,43.36487101546418,43.00349442020562,43.11093050388993,4697200,BP
2026-05-15,43.81154251098633,43.851057773024664,43.199071022923356,43.347251371375705,5380500,BP
2026-05-18,45.13527297973633,45.33284551864533,43.801664936770365,44.295594399851495,8687700,BP
2026-05-19,45.579811096191406,45.63908398947909,44.84879758755734,45.37236162225872,4918000,BP
2026-05-20,44.58207702636719,45.6884780338782,44.47341193512912,45.23406380541262,8178800,BP
2026-05-21,44.32522964477539,45.293330955126265,44.08814560913748,45.17478893730731,6417700,BP
2026-05-22,43.8214225769043,44.25607914789119,43.47566969164365,43.94984529248013,5083300,BP
2026-05-26,42.13218688964844,42.24084821171093,41.55922687398451,41.98400653569868,25441100,BP
2026-05-27,41.144325256347656,41.18383674891846,40.660272730624044,40.97638728148664,18143400,BP
2026-05-28,41.085052490234375,41.45055923421236,40.62075759357133,41.31225958883597,10903100,BP
2026-05-29,41.36165237426758,41.76667438512912,40.95663036340604,41.134445272406985,11684100,BP
2026-06-01,42.418663024902344,43.01138067086252,41.95437186920724,42.04327932768212,9969600,BP
2026-06-02,42.87308120727539,42.9718655978483,42.20133679990736,42.22109443169853,7424200,BP
2026-06-03,43.149681091308594,43.57446075952901,43.11016582719902,43.36701127552825,5125300,BP
2026-06-04,43.50531005859375,43.525067690252094,42.784173460787144,42.892834782333686,5679300,BP
2026-06-05,42.448299407958984,43.416400706696386,42.418661077572686,43.29785869029948,6845300,BP
2026-06-08,43.18919372558594,43.49542758283076,42.96198662336525,43.208951356437666,4962400,BP
2026-06-09,42.151939392089844,42.89283360115207,41.4999526388504,42.863199038672086,7780700,BP
2026-06-10,42.42854309082031,43.20895257372681,42.3791508964909,42.4186623909247,7558600,BP
2026-06-11,42.16181945800781,43.62385022303888,42.10254656555609,43.5942156610044,7863500,BP
2026-06-12,42.26060485839844,42.58660012213601,41.69752555592704,41.71728318721866,6972400,BP
2026-06-15,41.085052490234375,41.26286739668479,40.43306575604375,40.5120925098091,7507300,BP
2026-06-16,40.65039825439453,40.956632124320414,40.57136772771499,40.80845553937068,6546000,BP
2026-06-17,39.65265655517578,40.58124635430072,39.494599278275345,40.48245820099874,10587200,BP
2026-06-18,38.625282287597656,38.822854825391595,38.259775542127635,38.77346263303879,14304700,BP
2026-06-22,39.297027587890625,39.36617741250256,38.73394829126043,39.36617741250256,10117500,BP
2026-06-23,38.85249328613281,39.12909257894463,38.69443224066008,38.86237021728349,9215000,BP
2026-06-24,37.40034103393555,37.8942705166481,37.2225261186884,37.58803288074848,12559200,BP
2026-06-25,37.26203918457031,37.6966957471101,36.896528675679576,36.995316827426805,9998600,BP
2026-06-26,36.679203033447266,37.192890127956346,36.59029557923641,37.153374866444246,10661200,BP
2026-06-29,36.89653015136719,37.25215997511538,36.827380326569795,37.00519523844389,17688400,BP
2026-06-30,36.50138854980469,36.955802757333785,36.46187328783273,36.86689530208829,17244000,BP
2026-07-01,35.71110153198242,36.0469737161444,35.60243644763844,35.780251355040825,9446300,BP
2026-07-02,36.945926666259766,37.04471105505342,36.521147011357854,36.63968903158682,21304800,BP
2026-07-06,36.9360466003418,37.173134413252114,36.80762387799942,36.91628896856736,9123900,BP
2026-07-07,38.1412353515625,38.269658072529985,37.28179910468173,37.50900621508088,9847000,BP
2026-07-08,38.73394775390625,38.901885731621725,38.28941048158029,38.54625591376096,9643600,BP
2026-07-09,38.08196258544922,38.50674224452878,37.993055127307386,38.398077154757324,5908200,BP
2026-07-10,38.72407150268555,38.75370606523341,38.062204048181684,38.20050369791546,6980500,BP
2026-07-13,40.33428192138672,40.541731392278265,39.42544974621274,39.50448026943777,10299800,BP
2026-07-14,40.897361755371094,41.094930529302616,40.49233973939898,40.83808886216195,10192500,BP
2026-07-15,40.82821273803711,41.13444660471523,40.45282527705634,41.04553914733513,5345400,BP
2026-07-16,40.58124923706055,40.97639057318982,40.38367668480441,40.84796784896588,6170800,BP
2026-07-17,41.391292572021484,41.46044239882118,40.86772475261717,41.282627481798265,5362600,BP
2026-07-20,41.490074157714844,41.67776599371531,40.97638707308007,41.134444347707486,5300300,BP
2026-07-21,42.240848541259766,42.25072924140441,41.67776922127043,41.77655738080196,5310800,BP
2026-07-22,42.79404830932617,43.02125540976298,42.6557486628327,42.70514085538284,7739200,BP
2026-07-23,43.396644592285156,43.910331705798264,43.278102571746096,43.73251679079823,7586800,BP
2026-07-24,43.28797912597656,43.76215097238254,43.12004491237527,43.406521145482344,5349800,BP
2026-07-27,41.79631423950195,42.50757013305633,41.79631423950195,42.02352134964683,6823300,BP
2026-07-28,41.16408157348633,42.2013365092732,41.11468937854003,41.82594904459207,8434800,BP
2026-07-29,42.79404830932617,43.03113610930264,42.54708357819276,42.813805940022775,8896200,BP
2026-07-30,43.68312454223633,43.77203199962637,42.71502321086863,42.803930668258666,9567500,BP
2026-07-31,44.670982360839844,44.670982360839844,43.49542781341809,43.89057289578188,12519700,BP
2026-08-03,43.72263717651367,44.018997887794406,43.17931548647063,43.4361609337962,10673900,BP
2026-08-04,41.92473220825195,42.78417220238854,41.67776747236088,42.695264746732434,13295400,BP
2026-08-05,40.70966720581055,42.359393643507765,40.66027501103988,42.32975531193904,9935700,BP
2026-08-06,41.717281341552734,41.85558098609259,40.97638715861835,41.43080135307293,6095800,BP
2026-08-07,41.124568939208984,41.48019876238234,41.02578078367038,41.28262621968794,4080400,BP
2026-08-10,42.35939407348633,42.48781302751703,41.37153509451387,41.43080422148713,8415600,BP
2026-08-11,42.63599395751953,42.89283563743255,42.34951394533667,42.40878684149336,4767300,BP
2026-08-12,42.40878677368164,42.5866016934844,41.93461491033528,41.9938840380142,5883900,BP
2026-08-13,42.310001373291016,42.42854339420582,41.73704136350082,41.944490842197446,6208700,BP
2026-08-14,42.529998779296875,42.77000045776367,42.27000045776367,42.52000045776367,6482100,BP
2026-08-17,42.849998474121094,42.970001220703125,42.2599983215332,42.459999084472656,8913100,BP
2026-08-18,43.40999984741211,43.599998474121094,43.16999816894531,43.459999084472656,9672200,BP
2026-08-19,43.72999954223633,44.22999954223633,43.619998931884766,43.779998779296875,9399300,BP
2026-08-20,45.13999938964844,45.439998626708984,44.7400016784668,44.849998474121094,10746500,BP
2026-08-21,44.7599983215332,45.43000030517578,44.68000030517578,45.209999084472656,8914600,BP
2026-08-24,43.7400016784668,44.380001068115234,43.54999923706055,44.119998931884766,7543500,BP
2026-08-25,42.86000061035156,43.54999923706055,42.79999923706055,43.459999084472656,7145200,BP
2026-08-26,42.5,43.029998779296875,42.18000030517578,42.209999084472656,11526000,BP
2026-08-27,42.34000015258789,42.63999938964844,41.869998931884766,42.540000915527344,11738500,BP
2026-08-28,42.150001525878906,42.15999984741211,41.720001220703125,42.0099983215332,12326100,BP
2026-08-31,42.869998931884766,43.349998474121094,42.40999984741211,42.88999938964844,13474300,BP
2026-09-01,44.470001220703125,44.54999923706055,43.59000015258789,43.810001373291016,16492200,BP
2026-09-02,43.93000030517578,44.220001220703125,43.529998779296875,43.61000061035156,7760700,BP
2026-09-03,43.58000183105469,44.04999923706055,43.560001373291016,43.90999984741211,5811000,BP
2026-09-04,43.810001373291016,44.0099983215332,42.939998626708984,43.7599983215332,7058100,BP
