Date,Close,High,Low,Open,Volume,Ticker
,CVX,CVX,CVX,CVX,CVX,
2021-09-07,79.42998504638672,80.1828806639722,79.16811021005786,79.39724991139704,9237800,CVX
2021-09-08,78.88168334960938,80.58387285933858,78.8489482155467,79.79006302818658,10775900,CVX
2021-09-09,78.56253814697266,79.88828322589507,78.03060304621795,78.47251807252542,10219400,CVX
2021-09-10,78.61981201171875,79.9537360051654,78.47250702368996,79.87190128816911,11006000,CVX
2021-09-13,80.1746826171875,80.78026690958191,79.42997246223162,79.55272763809756,11500900,CVX
2021-09-14,78.72620391845703,80.80483839218222,78.54617002158038,80.51022838843602,15294100,CVX
2021-09-15,80.3956527709961,80.63297782611609,79.37270317664552,79.37270317664552,11623400,CVX
2021-09-16,79.64276123046875,80.68207524325551,79.30723701919314,80.4611208839851,10616700,CVX
2021-09-17,79.18449401855469,80.51023286554661,78.86533420401297,79.47091869268321,16006100,CVX
2021-09-20,77.56412506103516,77.94875508773885,76.3611354008644,77.44955521183685,15796100,CVX
2021-09-21,77.62139129638672,78.47248585950128,76.95033680826003,78.21061108958811,10958400,CVX
2021-09-22,79.90463256835938,80.83756203299914,78.75892785492452,78.75892785492452,13292800,CVX
2021-09-23,81.88505554199219,82.056910300291,79.99464695711741,80.39564139314795,10094900,CVX
2021-09-24,82.32698059082031,82.62977591287238,81.54954141084465,81.54954141084465,8225300,CVX
2021-09-27,84.26649475097656,84.92936407418115,83.95551408589692,83.95551408589692,12697500,CVX
2021-09-28,84.58565521240234,85.83774449700748,84.19283982723762,85.03575552419642,15560800,CVX
2021-09-29,84.56111145019531,85.30581554946988,83.75093083120503,84.46290603600549,10268100,CVX
2021-09-30,83.0225830078125,84.65930228834966,83.0225830078125,84.63475249811579,15319800,CVX
2021-10-01,85.37946319580078,85.5513179718883,83.37447832093602,83.6527238466886,10854900,CVX
2021-10-04,85.69862365722656,86.63155315993968,85.19942377059724,85.92776336054716,13305400,CVX
2021-10-05,86.63155364990234,88.19461734558737,86.27147340345422,86.7788586376685,13017300,CVX
2021-10-06,85.87047576904297,86.21418531335412,84.76569152313516,85.25670604980658,10630100,CVX
2021-10-07,86.48424530029297,86.99163051478402,86.10780062254352,86.42696037636563,8830900,CVX
2021-10-08,88.42375946044922,88.73473386843482,87.23713426500075,87.40898903601293,10586700,CVX
2021-10-11,87.67086791992188,89.7167670650636,87.49901314096061,89.65948213874319,9794800,CVX
2021-10-12,87.6872329711914,88.03912785127244,86.88523781068521,87.55629243739925,9085000,CVX
2021-10-13,88.21097564697266,88.66106964823399,87.13892664653461,87.37624541899565,9220700,CVX
2021-10-14,89.04571533203125,89.33214621666887,88.47286604993381,89.10300026024099,7648600,CVX
2021-10-15,89.70040130615234,90.04411085904405,89.55309632011468,89.83133560285883,9968100,CVX
2021-10-18,89.65947723388672,90.35508790005223,89.16846271463159,90.19959757557922,10677400,CVX
2021-10-19,91.4107666015625,91.4107666015625,89.85588832617272,90.15049828739335,10362800,CVX
2021-10-20,92.60557556152344,92.61375466216009,90.65787571281896,90.91156519149698,10811400,CVX
2021-10-21,91.44348907470703,92.3191334927684,90.73152030332245,92.23729879122376,9372600,CVX
2021-10-22,92.31095886230469,92.37642288055729,91.20616848540807,91.8363088293434,8673800,CVX
2021-10-25,93.17022705078125,93.57940679737546,92.7201330756801,92.90835226270447,9579800,CVX
2021-10-26,93.37482452392578,93.78400430382342,92.89199538056877,93.27662537264663,7463000,CVX
2021-10-27,91.71354675292969,92.94927131699954,91.36983726949431,92.65466140445855,9096100,CVX
2021-10-28,92.57283782958984,92.69558677157654,91.3125633286255,91.3125633286255,7538200,CVX
2021-10-29,93.69400024414062,94.34869050115242,92.59740124377326,93.9722457886268,15294200,CVX
2021-11-01,93.72673034667969,94.18500975581736,93.33392120844415,94.1359101744351,11213800,CVX
2021-11-02,93.15388488769531,93.44849487519195,92.64649963287577,93.44030953009789,9189700,CVX
2021-11-03,92.48284149169922,92.69561054142842,91.63174656201333,91.87725075252926,10416000,CVX
2021-11-04,92.8919906616211,93.50576030028783,92.40097619940522,93.47302517032843,9673000,CVX
2021-11-05,93.8985824584961,94.1522781901401,93.23571315430543,93.51395243235487,8102100,CVX
2021-11-08,94.23411560058594,94.92153471443689,93.85767090820252,94.18500977560467,7695900,CVX
2021-11-09,94.9297103881836,95.02791578455273,93.66943589759266,94.33230515321715,10945900,CVX
2021-11-10,93.41575622558594,95.10157512340933,93.01476174130137,94.73331577468107,10305100,CVX
2021-11-11,93.42394256591797,93.8413015006338,92.94110711580308,92.96565690683475,7317500,CVX
2021-11-12,93.4812240600586,93.54668808587616,92.95746814839833,93.12932916648649,8682800,CVX
2021-11-15,95.60078430175781,95.7071688199593,93.51396447333144,94.07044934467251,11050400,CVX
2021-11-16,95.97721099853516,96.63190116307484,95.63350147176648,95.83809136773662,10566300,CVX
2021-11-17,95.5467529296875,96.46563142346311,94.91761579119715,95.09145681491817,11108000,CVX
2021-11-18,94.7437744140625,95.51364546227607,93.88284918976505,95.07490290111951,8368600,CVX
2021-11-19,92.64112854003906,93.66762123709668,91.97059157030498,93.13781814727656,13532600,CVX
2021-11-22,94.2967529296875,95.35635897622657,92.59144352752286,92.73217107400846,9947100,CVX
2021-11-23,96.27523803710938,96.72225420904998,95.24873914726356,95.35635953170319,10366800,CVX
2021-11-24,97.01200103759766,97.68253164906375,96.58981205612797,96.6974261308847,8500900,CVX
2021-11-26,94.79344177246094,95.05834328213375,93.23713987685174,93.83316985255311,11861800,CVX
2021-11-29,95.07489776611328,96.99543530841484,94.95900374926536,96.3083448401377,12003800,CVX
2021-11-30,93.43582916259766,95.91100345866775,93.07986713480824,93.91595885005135,24451200,CVX
2021-12-01,92.79840850830078,96.0765674533094,92.7901285588226,95.15768884950953,12302700,CVX
2021-12-02,95.3149642944336,95.77854035475387,92.657669264526,93.7503887751025,11392400,CVX
2021-12-03,94.71066284179688,96.85470848525216,94.0318460012586,96.6394740313193,10445100,CVX
2021-12-06,96.19245910644531,97.22723171437072,95.24047335975457,95.99378453413385,9833900,CVX
2021-12-07,97.61629486083984,98.22888471447816,97.05337838080058,97.05337838080058,11419600,CVX
2021-12-08,98.05504608154297,98.7255830007561,97.40107537599951,98.00537901928664,8827900,CVX
2021-12-09,97.79840850830078,98.17920399339576,97.33483249440246,97.55834055374643,8334700,CVX
2021-12-10,97.96399688720703,98.67592100181427,96.74710951134473,98.45241288013584,9090700,CVX
2021-12-13,95.92755126953125,97.55835380300701,95.70404317983296,97.23550527580373,8533000,CVX
2021-12-14,96.20901489257812,96.78848500194682,95.58815135436143,95.81165944918922,12245300,CVX
2021-12-15,95.66264343261719,96.29178686375458,94.32985598394781,96.29178686375458,11069500,CVX
2021-12-16,96.55669403076172,97.83981449714102,95.96066404162426,96.18417844542597,11344700,CVX
2021-12-17,94.04013061523438,96.40769077870023,93.98218360350272,95.9606682671629,22727900,CVX
2021-12-20,94.0815200805664,94.1311871411721,91.66429295625097,92.59972505357672,13464400,CVX
2021-12-21,95.58814239501953,96.08483191588877,94.61131693381839,94.72721094482955,11368200,CVX
2021-12-22,96.13450622558594,96.58980867158463,94.71066450921359,95.54675617804698,8345200,CVX
2021-12-23,96.36629486083984,97.61629547338482,96.35801491256305,96.44907539635773,7416600,CVX
2021-12-27,98.33650207519531,98.3613356049524,95.53847947764312,96.08483607954967,7745500,CVX
2021-12-28,98.14611053466797,98.79180763306697,97.71564790765223,98.22889739610439,6516000,CVX
2021-12-29,97.6411361694336,98.22061259209299,97.09477954231241,97.74875655768132,6957400,CVX
2021-12-30,97.21066284179688,98.25371523493942,97.13615594155466,97.79013288479285,6016000,CVX
2021-12-31,97.14442443847656,97.75700788539878,96.96230349907425,97.16925796371342,5706600,CVX
2022-01-03,98.72557067871094,99.0815326505379,97.09476830349793,97.20238236353873,10717700,CVX
2022-01-04,100.52194213867188,100.97724457469218,99.05670702632064,99.2967686935856,16413100,CVX
2022-01-05,101.17591857910156,102.51697971834282,101.0517446139773,101.19247216043469,15487100,CVX
2022-01-06,102.03685760498047,102.91434274268408,100.69579005096588,102.33487261698372,13318500,CVX
2022-01-07,103.5020751953125,103.92426410972715,101.78021237817987,102.27690819078515,14164600,CVX
2022-01-10,103.56832885742188,104.04846489837405,102.53355617386178,103.60144234118594,12626100,CVX
2022-01-11,105.93587493896484,105.96070846949232,103.33652681458264,104.18917838002803,14609000,CVX
2022-01-12,105.40608978271484,106.3166821966948,104.6941656466563,105.95244649425311,12469200,CVX
2022-01-13,104.96732330322266,106.04348921288229,104.67758195510274,105.24877838731055,9691300,CVX
2022-01-14,106.75541687011719,106.954085109739,104.93421344599766,104.93421344599766,13281000,CVX
2022-01-18,107.10308837890625,107.61633145607856,105.85308152973728,107.35970991749241,12905500,CVX
2022-01-19,106.7140121459961,107.74049829271013,106.40771092317088,107.5749372333852,12064300,CVX
2022-01-20,106.33321380615234,108.32825810950055,105.86135782437596,106.18421263735432,11370400,CVX
2022-01-21,105.05838012695312,106.2918208007489,104.49546366263873,105.76202412840865,13055700,CVX
2022-01-24,105.28189086914062,105.73719328409511,101.68915755447685,103.02194500652551,19513700,CVX
2022-01-25,109.7603759765625,109.884556244588,103.70074899984294,105.23221721833012,19984500,CVX
2022-01-26,109.84320068359375,111.51539701036391,108.93259559686162,110.01703543464949,17266500,CVX
2022-01-27,112.06170654296875,113.41105377965302,110.58819167226397,111.30011558081226,20654100,CVX
2022-01-28,108.12129974365234,109.3216332092036,106.01864777095903,107.61633030388951,24817800,CVX
2022-01-31,108.71735382080078,109.15609640825261,107.06171760203857,107.7736416813664,16401800,CVX
2022-02-01,111.58159637451172,112.36803367635797,108.03853590962156,108.30344376529646,16169700,CVX
2022-02-02,112.09485626220703,112.41770482835933,109.9342504328794,111.21737106351115,10906700,CVX
2022-02-03,111.09317016601562,112.04516841999876,110.25707855523906,111.63125943083216,9447700,CVX
2022-02-04,112.4839096069336,113.4110616896155,111.76369938488627,111.76369938488627,13034700,CVX
2022-02-07,114.69416046142578,115.42263154709173,111.61467718805021,112.03685972513492,18422500,CVX
2022-02-08,112.9474868774414,114.59483656859838,111.76370060117041,114.38788207421183,11021600,CVX
2022-02-09,114.0650405883789,114.52034303035094,112.666038730684,113.17928186627027,10140800,CVX
2022-02-10,112.61634826660156,114.89284762721071,112.07827165214829,113.87463508637629,11012700,CVX
2022-02-11,114.90943145751953,115.43096091629563,112.81505262004059,113.29518864642934,12821200,CVX
2022-02-14,113.13788604736328,114.28027894462113,111.7968249116261,114.18921845815129,15945000,CVX
2022-02-15,112.30974578857422,112.79492276509602,110.56980473060236,111.32267083794457,11746800,CVX
2022-02-16,112.34320831298828,113.89911621531708,111.89148611585944,112.88693428510739,11348800,CVX
2022-02-17,111.76599884033203,112.5774138153562,110.79564506919334,112.23444196733199,10073900,CVX
2022-02-18,111.6070556640625,112.0169497661596,110.46104214733447,111.10515780373925,10691800,CVX
2022-02-22,110.75382232666016,114.60177007723668,109.18119357746363,114.60177007723668,19428700,CVX
2022-02-23,113.38885498046875,113.83220395407646,110.88768720752721,111.19719160990067,16134200,CVX
2022-02-24,112.80329895019531,115.63069207403838,110.18502041455746,115.37973669842326,22108900,CVX
2022-02-25,117.42916870117188,117.52954572332179,113.2884378398389,113.73179947060919,28028000,CVX
2022-02-28,120.45731353759766,120.45731353759766,115.9819846303807,116.50062896548883,24394300,CVX
2022-03-01,125.24220275878906,125.4429696329074,121.04292151503094,121.30223741652426,31159900,CVX
2022-03-02,128.93955993652344,130.28634059708057,125.518239513286,125.64371081912772,31329500,CVX
2022-03-03,130.6795196533203,131.43237312383937,126.94032103722257,127.36693630196706,22492900,CVX
2022-03-04,132.7122344970703,133.79969946075863,129.7342625526569,130.31981668260514,29034400,CVX
2022-03-07,135.54795837402344,135.59815965277903,130.26122635166206,133.7578290219672,34824700,CVX
2022-03-08,142.64990234375,145.5525900749956,137.27115471085799,137.44681448200876,57231000,CVX
2022-03-09,139.08642578125,142.01420877111912,134.8536901295843,136.15864279138088,43430000,CVX
2022-03-10,142.89251708984375,146.18835283323722,140.77613693134998,141.15257630745774,34913600,CVX
2022-03-11,142.95941162109375,144.69935222119983,138.76014479037886,138.76850528697182,28423600,CVX
2022-03-14,139.4628448486328,140.82635922249167,137.43849368081572,139.03622965993472,25156200,CVX
2022-03-15,132.40272521972656,134.00046145925967,129.8764629065293,133.09702964995492,28534400,CVX
2022-03-16,131.92588806152344,134.25974340544306,130.67112410446322,132.82930687818205,22299700,CVX
2022-03-17,134.2095489501953,134.66963160024767,132.10154202166723,133.79965481394532,15750700,CVX
2022-03-18,135.2886505126953,135.2886505126953,132.8209505393607,134.58598573812696,23214700,CVX
2022-03-21,137.72288513183594,138.50920588463822,136.11678887178203,136.36774420456638,13180600,CVX
2022-03-22,137.26283264160156,138.24154716679556,135.9997079666838,136.92823396711722,11063900,CVX
2022-03-23,138.74343872070312,139.989842224101,137.97385166471312,138.86054951695988,10755000,CVX
2022-03-24,139.11146545410156,140.03161780279623,138.02400107462978,139.22020295716763,9024800,CVX
2022-03-25,141.62937927246094,141.9472568724214,138.1578709857741,138.2080594985851,10254700,CVX
2022-03-28,139.15335083007812,139.38757245278876,138.1328082893584,138.7769113697521,9992000,CVX
2022-03-29,137.4552001953125,137.5890319688465,134.2597288704968,136.77761700999508,15102600,CVX
2022-03-30,138.4255828857422,139.15335480090158,136.90314229467924,138.22482878290222,9906000,CVX
2022-03-31,136.20880126953125,138.9943785742832,136.1167847424391,136.74416667330797,10395900,CVX
2022-04-01,137.37156677246094,138.81872437710808,135.79056460813828,136.16699126362087,8795300,CVX
2022-04-04,137.49703979492188,138.40047143788837,136.35102605310433,138.0240447776823,8718600,CVX
2022-04-05,136.6521759033203,140.2993573927809,136.43468805470806,138.0491450676708,9538200,CVX
2022-04-06,137.8651123046875,139.70543043363807,137.46359136625404,137.88184606665737,9269000,CVX
2022-04-07,139.7807159423828,140.28261388835176,136.70235493113768,138.10769726091382,8018400,CVX
2022-04-08,142.14801025390625,143.12673730558168,139.71377804521578,139.73887230150302,10801200,CVX
2022-04-11,138.49246215820312,141.18602282372422,137.94873627973382,141.01036303830014,10206100,CVX
2022-04-12,141.37844848632812,144.4484364393315,140.65904989488044,141.34499372668608,9528400,CVX
2022-04-13,143.6035614013672,143.94653330498755,140.7761556583543,142.98453987513432,7330700,CVX
2022-04-14,143.53662109375,144.6659137022363,142.6750175756764,142.78376786417138,9421100,CVX
2022-04-18,145.4606170654297,146.00434306234294,143.770864526593,144.7161242201797,7639000,CVX
2022-04-19,143.73739624023438,145.29330406708783,143.06818623954445,144.78303287752516,6970200,CVX
2022-04-20,144.3229522705078,145.20128961123072,143.42789393351464,143.56172572427337,7495000,CVX
2022-04-21,137.67269897460938,144.24766243268485,137.04531701396905,143.66210848891092,14594800,CVX
2022-04-22,134.63613891601562,138.41716367318745,134.56085615938363,137.50537180522375,12160100,CVX
2022-04-25,131.74183654785156,132.46959545653303,126.61403114343769,130.26957220866683,15449800,CVX
2022-04-26,130.93878173828125,134.15097394606246,130.8216709629179,132.85439492029568,9810600,CVX
2022-04-27,130.69622802734375,132.1015576363969,129.25743089572074,131.39889283187034,10396600,CVX
2022-04-28,135.3388214111328,136.35100318596437,129.6003676376496,131.70837445104203,9366400,CVX
2022-04-29,131.055908203125,135.8825703535122,130.73803059017635,134.91221651912485,14713200,CVX
2022-05-02,133.63235473632812,133.84148205203442,129.78440702168479,130.75476082995044,11559000,CVX
2022-05-03,135.9243927001953,136.7107006737561,133.2224586310868,133.48178722058464,8827200,CVX
2022-05-04,140.19056701660156,140.44152231734543,136.74415336301072,137.99891710261323,9183200,CVX
2022-05-05,139.07801818847656,141.78831265375462,136.0582193966136,141.58754584606513,9807600,CVX
2022-05-06,142.78375244140625,143.0179739881588,138.37534553624775,140.75940177926387,10418100,CVX
2022-05-09,133.21409606933594,140.32442458795043,132.56998038252019,140.32442458795043,14110700,CVX
2022-05-10,134.4939727783203,137.3464727359504,132.0597274972652,135.69018779066704,11636000,CVX
2022-05-11,136.48489379882812,140.08188722050755,135.9411549625047,136.83622625897513,9105500,CVX
2022-05-12,137.78146362304688,137.8985744240051,132.88787871447266,136.53506006961155,8936400,CVX
2022-05-13,140.42483520507812,141.19442235597387,137.9236801556972,139.27882136008742,9229900,CVX
2022-05-16,144.72447204589844,146.36403592010942,141.25296349302886,141.37007428660684,13296300,CVX
2022-05-17,145.57774353027344,146.93288480099943,144.38990160243236,146.25531416563643,12827600,CVX
2022-05-18,141.74029541015625,146.8596851743779,139.82579415563401,146.85124302777973,13107500,CVX
2022-05-19,140.72821044921875,143.0728361943369,137.3293460464351,138.84745228729827,10958700,CVX
2022-05-20,141.53785705566406,144.2535637229755,138.39199995425767,142.4318492876972,9615000,CVX
2022-05-23,144.82711791992188,145.8729274965769,142.6258666767389,142.89574513157226,10216400,CVX
2022-05-24,145.60301208496094,146.39580163153096,143.21621416869414,143.95840231767448,9782700,CVX
2022-05-25,147.93923950195312,148.4284078960275,145.88136310933936,146.02473805549658,10174500,CVX
2022-05-26,148.93441772460938,150.06455860730685,147.60185836342288,148.85008634374992,11213900,CVX
2022-05-27,150.3597412109375,150.4187847560602,148.1753616856459,148.87537773554772,10512300,CVX
2022-05-31,147.30665588378906,152.62002106273093,146.30301866598492,151.7766301730298,20547600,CVX
2022-06-01,148.70672607421875,150.23326191791273,147.54284222913626,149.0525066473448,8824100,CVX
2022-06-02,148.43679809570312,148.8669228209368,146.8343605366377,147.3741301967662,7441900,CVX
2022-06-03,149.78623962402344,150.3344386003017,148.43680894055035,148.43680894055035,8435300,CVX
2022-06-06,149.13685607910156,150.12362216363465,148.0235736027294,150.0392779024086,6734200,CVX
2022-06-07,151.9790496826172,152.3670151898599,149.2127283403318,149.67659594601605,9668300,CVX
2022-06-08,152.76341247558594,153.83450975546808,152.02122429433683,152.61159540709178,8715200,CVX
2022-06-09,149.71875,152.350125381416,149.6091050693999,151.83565643885728,9764600,CVX
2022-06-10,147.93075561523438,150.604316037089,146.4548215711349,148.74884580063653,9529700,CVX
2022-06-13,141.1245880126953,145.0632216133682,138.36669641704032,144.73429970703305,14614900,CVX
2022-06-14,141.31019592285156,145.30786191206093,139.86799133100016,142.84516119088835,10269300,CVX
2022-06-15,138.535400390625,141.56318384724938,136.5787399715599,140.66074930421536,11565300,CVX
2022-06-16,131.13043212890625,135.3979886291801,129.67136926829943,134.89196173887677,18125900,CVX
2022-06-17,125.14237976074219,131.12201977301555,122.95798695746389,130.62442209580783,35575100,CVX
2022-06-21,130.37982177734375,131.58587769341966,127.7231450676446,128.2376141325631,13772000,CVX
2022-06-22,124.71220397949219,127.18334592352267,123.41338770053689,124.88089244899476,13735800,CVX
2022-06-23,120.12417602539062,125.85923749816598,118.20124554174323,125.48814339270322,15713700,CVX
2022-06-24,122.09769439697266,124.0543544359896,120.2675378351532,122.46034627768731,11108300,CVX
2022-06-27,124.459228515625,125.51346737123967,122.79774704964618,123.01702409872843,9242400,CVX
2022-06-28,126.4580078125,128.35563695045678,124.9146012360006,127.25079715586135,9183300,CVX
2022-06-29,123.96158599853516,128.28818526332557,123.21096864185036,127.88336125061731,9082900,CVX
2022-06-30,122.10615539550781,124.75440278221133,120.9507137731785,121.91217905703581,10685000,CVX
2022-07-01,123.5652084350586,123.94474467316515,120.15791452205563,123.64112340415498,7684600,CVX
2022-07-05,120.31816864013672,121.90373504149969,117.57714776503138,121.15311753200511,11513100,CVX
2022-07-06,118.73259735107422,120.82420366378561,115.37590439558042,119.47478563296048,12421200,CVX
2022-07-07,121.04347229003906,122.54470714583725,120.67237821438115,121.53264058348587,12741800,CVX
2022-07-08,120.41094207763672,122.67122388190248,118.99403844209809,122.19049768227171,7915500,CVX
2022-07-11,119.34825134277344,120.47840502131827,118.01569206798915,119.68561545171401,7056800,CVX
2022-07-12,117.16387939453125,117.75425053692535,115.76384720747828,116.80965670909478,8653900,CVX
2022-07-13,116.3795166015625,118.69039946463596,115.66262917857863,116.05902393682278,9414600,CVX
2022-07-14,114.65059661865234,114.83614370381822,111.78305894644288,113.27586490650367,10150200,CVX
2022-07-15,116.09274291992188,117.19759572031208,115.06380507497298,117.19759572031208,7051900,CVX
2022-07-18,117.72050476074219,119.87958343125754,117.29880930574703,118.54702424917798,7943900,CVX
2022-07-19,121.9627456665039,122.30009684318031,117.58554529932229,117.81326442159623,9152100,CVX
2022-07-20,123.57363891601562,124.19773994903218,120.874790595761,121.8699856857733,7856600,CVX
2022-07-21,122.62903594970703,122.68807949192669,119.3398164737,120.7061056607915,6724200,CVX
2022-07-22,121.6085433959961,123.38809881901362,120.95912875977179,122.7639848818127,5889500,CVX
2022-07-25,125.22671508789062,125.33636005615874,121.6001305476564,122.88208870657989,6210900,CVX
2022-07-26,124.24835205078125,127.08213308588289,123.58206604119292,126.08693801319225,6112800,CVX
2022-07-27,125.8844985961914,126.6772879595208,123.69169036968366,125.10858065120053,6223000,CVX
2022-07-28,126.8375473022461,127.74841094935599,124.84714441466286,127.09056712685265,6574300,CVX
2022-07-29,138.1305694580078,138.87275761587023,131.48464462037518,132.024414316332,17143700,CVX
2022-08-01,135.3726806640625,136.51126362711886,134.22566842414736,135.93775107259881,8017800,CVX
2022-08-02,134.21722412109375,136.18232641568108,133.50877887052215,135.69315816101303,5928300,CVX
2022-08-03,131.02920532226562,134.90880844953972,130.17738518136284,134.36059666572746,8751400,CVX
2022-08-04,127.4701156616211,131.09669954786156,127.12432226184721,130.99549674563522,10640000,CVX
2022-08-05,129.5785675048828,130.73400883187492,125.68210596138555,126.20500416149183,7170200,CVX
2022-08-08,129.3845977783203,130.708714765816,129.165307913639,129.53640195929339,5966900,CVX
2022-08-09,131.07138061523438,133.08708431698497,130.38823605698136,131.51837675505732,5842200,CVX
2022-08-10,131.41717529296875,131.96537422647228,128.97976325471424,131.56897947672402,6145800,CVX
2022-08-11,134.6220703125,135.92089968825658,132.93528827477766,133.34855450690486,7888600,CVX
2022-08-12,134.81605529785156,134.86665669834116,132.53046004577712,133.4666245622107,7244700,CVX
2022-08-15,132.25216674804688,133.07868648778756,129.40994263531547,130.87743502865317,8975200,CVX
2022-08-16,131.914794921875,133.18831075231208,131.41719729963063,132.75818595718786,7218400,CVX
2022-08-17,133.00274658203125,134.38590718721304,131.15571839328638,132.10032498230328,6741100,CVX
2022-08-18,135.33465576171875,135.87932998356933,133.69211424225728,133.74317542148424,6477500,CVX
2022-08-19,134.2027587890625,135.9474227551508,134.14317875291476,134.85807425639544,6834200,CVX
2022-08-22,133.53041076660156,134.24530622814856,131.4197997973227,133.3516966407581,9147000,CVX
2022-08-23,137.86228942871094,138.1601506392603,135.0708323899844,135.4027430444044,10354800,CVX
2022-08-24,138.88352966308594,139.0197014445696,136.73886955591365,137.58141784453102,9468100,CVX
2022-08-25,140.10055541992188,140.33884958624392,138.38994094324033,139.5048200041167,8050700,CVX
2022-08-26,139.07077026367188,141.38563873196642,138.26227136899365,139.72607264924267,7765800,CVX
2022-08-29,140.10903930664062,141.9813557116311,139.2664910806702,139.47925460364763,8462600,CVX
2022-08-30,136.69630432128906,138.34735134019246,135.11334318818172,138.1431066688592,8814300,CVX
2022-08-31,134.5176239013672,137.36866064728986,132.89210727326133,134.13465211106353,13582700,CVX
2022-09-01,132.37295532226562,133.513377740134,130.4070223351415,133.17294829224207,8244400,CVX
2022-09-02,134.33888244628906,135.42823055458493,133.37718724675685,134.67079299512838,7526600,CVX
2022-09-06,133.7176055908203,136.16013949753383,132.51762927296087,136.07502889976044,8550000,CVX
2022-09-07,132.0070343017578,132.61128857461665,129.88790439875825,131.1134246806829,9442100,CVX
2022-09-08,132.72189331054688,133.08785335114675,130.5346908777689,132.4155132942993,9232500,CVX
2022-09-09,136.1431427001953,136.72185332836023,134.0665683547911,134.81550021341073,8261100,CVX
2022-09-12,138.2963104248047,140.0239494484577,137.2324926523062,138.56013515461524,8920800,CVX
2022-09-13,135.66656494140625,138.432491332037,135.0963601361262,137.3686734894867,10308300,CVX
2022-09-14,138.95164489746094,139.20696379514678,136.46656779783987,136.96868673878492,11160800,CVX
2022-09-15,136.69630432128906,137.61544430045348,135.8112137780501,136.7473654891224,9665000,CVX
2022-09-16,133.1474609375,137.13890823085154,132.43257834390087,136.61125864787024,43741600,CVX
2022-09-19,133.53041076660156,133.57296607763115,130.0410960251565,130.1517242505642,6813800,CVX
2022-09-20,133.00274658203125,133.48785369928964,131.3516993904628,132.798488903282,8955200,CVX
2022-09-21,131.92190551757812,135.13038345485413,131.8708443438695,134.7303869460612,6877000,CVX
2022-09-22,131.81980895996094,134.70488271345536,131.69215600071473,134.1261719834607,6981100,CVX
2022-09-23,123.20713806152344,127.8113320827149,122.26246724290155,127.4453849568813,13919700,CVX
2022-09-26,119.9646224975586,123.44543154496039,119.9050424619318,122.18587478917345,9444000,CVX
2022-09-27,120.01566314697266,122.35606212339381,119.53907488772496,121.09649259703221,10121000,CVX
2022-09-28,124.06669616699219,124.62839512776661,120.33907413683606,120.91779781989223,8279800,CVX
2022-09-29,123.20713806152344,123.75181230917562,121.07950225256047,122.9858556263139,8197600,CVX
2022-09-30,122.27095794677734,123.5220086861735,121.26672020280319,122.57733798471226,9402700,CVX
2022-10-03,129.13046264648438,129.6496062782471,126.21135269084297,126.78155750178598,9597400,CVX
2022-10-04,134.1516876220703,134.3644511878042,130.7474705703281,131.42830359183054,9520200,CVX
2022-10-05,134.91763305664062,135.93889558851905,131.7432042498155,132.62829498116142,10633100,CVX
2022-10-06,137.37716674804688,137.81971856602422,133.7857170023547,133.90486407034206,9498300,CVX
2022-10-07,136.19419860839844,139.51330469701293,135.3686750196304,138.30480932664418,9972500,CVX
2022-10-10,133.73464965820312,137.4197157148702,133.13891434575189,137.01971922235523,5904500,CVX
2022-10-11,133.76019287109375,136.1090978902355,131.15596898364035,131.70064317587858,7533300,CVX
2022-10-12,134.1602020263672,135.15593401903357,132.35597102967853,132.88362055073463,4942000,CVX
2022-10-13,140.66226196289062,141.26651626540158,133.06235284887399,133.06235284887399,10227500,CVX
2022-10-14,136.28785705566406,140.81547289494,136.1091299099831,139.60696416636623,7327900,CVX
2022-10-17,137.28358459472656,140.34738566058425,137.10487044108635,138.96866868791844,5890400,CVX
2022-10-18,138.48353576660156,138.98565461092005,135.2835767580996,138.17715574554933,5631200,CVX
2022-10-19,142.9770965576172,144.006877788355,139.22394465632638,139.22394465632638,9766800,CVX
2022-10-20,143.7941131591797,146.22812851819103,142.92603430058043,144.08346845002757,8871500,CVX
2022-10-21,147.39410400390625,147.94728413341596,143.70053126537567,143.95583717988248,7971300,CVX
2022-10-24,147.343017578125,148.65363533027286,146.04941155999063,146.44940807226865,7007700,CVX
2022-10-25,148.87490844726562,148.93448847596326,146.52600347542517,147.28344121166066,7280600,CVX
2022-10-26,150.71319580078125,151.8961607028491,149.07917317975597,149.2068391104023,6865300,CVX
2022-10-27,151.40255737304688,154.38124747414943,151.04511611924156,153.0961601340833,9177400,CVX
2022-10-28,153.1727294921875,155.6237697151189,150.23659513366715,154.44080491036783,10773900,CVX
2022-10-31,153.95570373535156,156.4578052285631,151.53871285885674,151.53871285885674,13281000,CVX
2022-11-01,155.07907104492188,157.01947325273804,154.80672751383327,156.4833050421913,9185600,CVX
2022-11-02,151.91319274902344,155.65782647950613,151.71745389586326,153.98124846742496,8087500,CVX
2022-11-03,154.1514434814453,155.0535588093268,150.9855209812216,151.4621092309661,6607800,CVX
2022-11-04,156.1003875732422,157.78547155289377,153.7004210550789,157.30888319388595,7491900,CVX
2022-11-07,157.96420288085938,158.61951838494954,154.98551257179759,155.3174232582221,7578000,CVX
2022-11-08,157.734375,158.50883740275546,156.47481847847914,157.71736326674923,6308200,CVX
2022-11-09,151.42808532714844,156.4322887654133,150.82384404649474,156.2620805026682,8021700,CVX
2022-11-10,154.29615783691406,155.17274278753234,151.52171231634142,155.08763215723468,6981500,CVX
2022-11-11,158.6875762939453,159.2322504777705,156.5003607053296,156.63653249780012,8428300,CVX
2022-11-14,158.76416015625,161.42795091383036,158.44926127857636,158.5599024777095,9722400,CVX
2022-11-15,160.040771484375,160.37268215805148,157.67484145436146,159.2492841941873,7747300,CVX
2022-11-16,157.43655395507812,159.84503940152175,156.32166181235988,158.75567785124156,7941100,CVX
2022-11-17,157.88250732421875,158.00257606831818,154.60633840007105,155.66980068023395,6550500,CVX
2022-11-18,156.93910217285156,157.2993083784904,154.07458277018176,155.19809896900864,7661500,CVX
2022-11-21,155.43826293945312,155.83276895676303,150.7898681315659,154.1432216247517,8432900,CVX
2022-11-22,159.42625427246094,160.0008698988802,157.01629469016882,157.59091031658807,9018000,CVX
2022-11-23,158.01113891601562,158.79157910121927,156.58745751439739,157.12777333120053,5831200,CVX
2022-11-25,157.54800415039062,158.92022936772884,157.2135260530595,158.56859485639086,2796400,CVX
2022-11-28,152.96823120117188,155.63548445735083,152.62518142192147,154.61489369729213,9365500,CVX
2022-11-29,155.2581329345703,155.96140204471425,154.0745888645774,154.5977483215224,6985400,CVX
2022-11-30,157.21351623535156,157.23924431150039,154.0488320039578,156.81901034339697,10936700,CVX
2022-12-01,156.51025390625,158.27698485718878,155.60973201855074,158.0282626826344,5217400,CVX
2022-12-02,155.2581329345703,157.48799591845324,154.31472634450188,155.68695173250848,6852300,CVX
2022-12-05,151.4244842529297,156.90478769274446,149.76925005728398,156.6646502248426,8162200,CVX
2022-12-06,147.52223205566406,152.71094191347075,146.75893515035605,150.52396351711297,8765000,CVX
2022-12-07,147.9595947265625,149.7263255192761,146.52734196658102,146.70743847608682,6936300,CVX
2022-12-08,148.8343963623047,151.28723997706533,147.53936853223686,151.1585995949923,8076600,CVX
2022-12-09,144.0831298828125,148.53427152481993,144.02308896383536,147.7709745149727,10754300,CVX
2022-12-12,145.58396911621094,146.24435367127018,143.8343943323191,144.88070006782138,9364900,CVX
2022-12-13,148.82582092285156,149.62343053099332,147.92529901166256,148.86013374820632,7838800,CVX
2022-12-14,147.7966766357422,150.0179546904726,146.88758295073345,149.649176835294,7045500,CVX
2022-12-15,146.69032287597656,146.97334484187488,144.13456660492452,146.31297334128948,7272900,CVX
2022-12-16,144.7006072998047,145.92702270475212,143.31123866784793,144.53765407279536,23876000,CVX
2022-12-19,145.69549560546875,146.50167713145532,144.29754197693828,145.89274861081248,7131600,CVX
2022-12-20,148.0882568359375,148.61998786694878,145.45531667093664,145.63541320688802,6199100,CVX
2022-12-21,149.82928466796875,150.90991640898807,148.50852853468092,150.2495317990886,5479400,CVX
2022-12-22,147.58226013183594,150.26666965016375,144.36611955997716,150.2237851585704,5755000,CVX
2022-12-23,152.14486694335938,152.29924847772364,148.96303957180248,149.31467404059688,6079100,CVX
2022-12-27,154.0574188232422,154.57199343964024,152.14487789376156,152.96821560111087,5168000,CVX
2022-12-28,151.78468322753906,153.7744085371398,150.88416122253028,153.39704593797347,4494400,CVX
2022-12-29,152.9339141845703,153.68862623098147,151.50164814736763,151.50164814736763,4142100,CVX
2022-12-30,153.93736267089844,154.33186860035852,152.40218418668954,152.68520613774217,5005100,CVX
2023-01-03,149.2203369140625,153.5170956050497,147.09338672585184,152.69375793759585,7565400,CVX
2023-01-04,147.6337127685547,149.47762808453678,146.52736619626728,146.61312209090065,7684500,CVX
2023-01-05,150.29238891601562,151.10714186248146,146.8618391738364,147.0848201959349,6088200,CVX
2023-01-06,151.4244842529297,153.8516000981261,150.6869154339424,151.8190032853459,7191200,CVX
2023-01-09,150.24093627929688,152.94250235169955,149.5548367242519,152.8824614430525,8385600,CVX
2023-01-10,150.97850036621094,151.5531290097155,148.9887881629688,151.28725039094795,8307000,CVX
2023-01-11,150.2581024169922,152.77955901312177,149.48623382436563,152.56514961666872,6962600,CVX
2023-01-12,151.87045288085938,152.9767995182689,150.85843380714616,150.93563112932213,6891400,CVX
2023-01-13,152.2821044921875,152.65089540300679,150.6697418882975,151.879013841215,5726300,CVX
2023-01-17,154.7949981689453,155.50683886930585,152.81384453741887,153.03683866434494,10697700,CVX
2023-01-18,151.99911499023438,156.41595667992544,151.7504058331622,155.07804405785606,8899200,CVX
2023-01-19,153.51712036132812,154.3318734107482,151.0814328773634,151.46736715482444,5907200,CVX
2023-01-20,155.14662170410156,155.5411407202743,152.24781579334942,153.35416243302373,10477900,CVX
2023-01-23,154.94082641601562,156.56176110782263,154.40051048990915,155.41252975733778,8381300,CVX
2023-01-24,155.0865936279297,156.0900279515226,153.25982153070396,155.30957467100257,5989000,CVX
2023-01-25,153.58570861816406,154.40046153858518,151.24436215819358,153.76580514542655,6727500,CVX
2023-01-26,161.0557098388672,161.07286624983792,157.35929500836323,158.6543357632548,14307800,CVX
2023-01-27,153.903076171875,158.0025831584579,152.5908915930092,158.0025831584579,19654700,CVX
2023-01-30,149.40045166015625,152.95107042893855,148.94590482666916,152.65947681623172,11476000,CVX
2023-01-31,149.24606323242188,149.76922256714874,147.0162007694695,148.1568600758906,14481300,CVX
2023-02-01,146.9647674560547,148.93733638956218,145.40386087214117,148.63715801988337,11526400,CVX
2023-02-02,144.9493408203125,147.02482245320965,143.0711252777846,146.76754161622813,10463400,CVX
2023-02-03,145.32664489746094,147.12768854918394,144.50332037807868,145.67827934823185,8404900,CVX
2023-02-06,145.48963928222656,145.90130165848174,143.54279830157512,145.42102670509888,7659500,CVX
2023-02-07,149.3061065673828,149.56340043008908,145.46389430023382,145.85841330125132,10256500,CVX
2023-02-08,145.79835510253906,149.28894553269424,145.34380833649297,147.92529214804802,9784700,CVX
2023-02-09,144.46047973632812,146.364436259183,144.0831170977066,145.99564528543516,10123400,CVX
2023-02-10,147.48793029785156,148.13973012372418,146.46733952105,146.48449593624707,11602400,CVX
2023-02-13,146.66461181640625,147.42790881186,145.60114949126435,146.93049048420392,9442900,CVX
2023-02-14,147.78811645507812,148.8086941990994,145.78123453970272,146.21005333663155,8077300,CVX
2023-02-15,146.23072814941406,146.67199849918404,144.92425158937073,146.56816319219084,8885700,CVX
2023-02-16,144.11959838867188,145.92790372340303,143.97249947621242,145.5212495588386,6727500,CVX
2023-02-17,140.9009552001953,142.622732997884,140.03573598054953,142.52755835563505,9612100,CVX
2023-02-21,139.30029296875,141.67964579896156,139.0407245650147,140.32124530065875,7259700,CVX
2023-02-22,138.73793029785156,139.8713655523361,137.49201230134344,138.67735860531587,6205900,CVX
2023-02-23,140.10494995117188,140.89230265482135,138.9196037768457,140.3818264544238,6445500,CVX
2023-02-24,140.52027893066406,140.68467272083637,137.69965537760157,139.1013197133552,5330200,CVX
2023-02-27,140.875,141.3508600101288,140.0962947792302,141.0393805622604,6386800,CVX
2023-02-28,139.1012725830078,142.17280289992067,138.67731048895777,142.17280289992067,10854200,CVX
2023-03-01,140.2087860107422,141.54121788391166,138.94556006156728,139.23108400628897,7470400,CVX
2023-03-02,140.65005493164062,141.45471578946962,139.81079110890047,140.14822612613213,5582000,CVX
2023-03-03,142.7265625,143.26299416974675,138.79846000870168,139.1878060013307,6007500,CVX
2023-03-06,143.77346801757812,144.31856031984722,141.7315502465442,142.19011535086057,7703600,CVX
2023-03-07,141.9219207763672,144.14554071526152,141.53257473166005,143.36683542364847,7393000,CVX
2023-03-08,141.02207946777344,143.01207302801387,139.62907605428694,141.22972362240193,5435800,CVX
2023-03-09,138.87632751464844,143.1851285889292,138.59946423883036,141.71424540331847,6214700,CVX
2023-03-10,138.14955139160156,142.47564749531125,137.28433217085964,139.24838349855915,7385800,CVX
2023-03-13,137.31895446777344,139.25703715941458,133.07072473560945,135.35490305232807,10106100,CVX
2023-03-14,139.0926513671875,141.91327476403904,136.6008287346707,136.9296030946076,10035200,CVX
2023-03-15,133.07070922851562,136.66136345570274,131.52195954144509,134.61944571338952,14063100,CVX
2023-03-16,133.4946746826172,134.51564028118483,129.7050232767227,129.9213280931262,12849600,CVX
2023-03-17,131.8074951171875,134.4377689853334,130.30202209739923,132.91497468202857,33161800,CVX
2023-03-20,133.74563598632812,134.78389677765426,130.89905635100152,131.28841569967577,8469200,CVX
2023-03-21,137.8380889892578,138.06305446387665,135.3808692670156,135.97787271550527,9753500,CVX
2023-03-22,135.03477478027344,138.48699114081379,134.91363141107746,138.32259737084556,6315000,CVX
2023-03-23,133.6936798095703,137.36220091438926,132.49967304127475,135.8567278957882,7859400,CVX
2023-03-24,135.02609252929688,135.53656863693652,131.36621938153027,131.5998322384248,6600100,CVX
2023-03-27,136.4018096923828,137.1199432552562,134.7059873529934,136.18550487954857,7006800,CVX
2023-03-28,137.99383544921875,138.5994863387024,135.56255804639278,136.08169492434976,5605400,CVX
2023-03-29,139.17916870117188,139.57717536404687,137.85538430848027,138.9715113289504,7569700,CVX
2023-03-30,140.5029296875,141.03936130696056,139.8021043260252,140.38179954109935,6322400,CVX
2023-03-31,141.16917419433594,141.6536948557919,140.29529431359768,140.77116753545548,7041400,CVX
2023-04-03,147.0440216064453,148.03903175126536,146.15284675809468,146.91424398860752,12868200,CVX
2023-04-04,146.25665283203125,148.0736184959327,145.11457031356002,148.0736184959327,7521400,CVX
2023-04-05,146.9834442138672,147.46796486107488,145.1318756250678,146.4469993240037,6478100,CVX
2023-04-06,145.05401611328125,146.57681059104385,144.60411156503258,146.5248995433382,5803200,CVX
2023-04-10,145.60775756835938,146.8104119282296,144.7598463079975,145.7808119988899,5923500,CVX
2023-04-11,146.41241455078125,147.38145596556436,145.41741761254497,146.28263693351533,5469600,CVX
2023-04-12,146.93154907226562,148.0563236097632,146.62871703389388,147.4766282582563,6157900,CVX
2023-04-13,148.89553833007812,149.22432578314618,146.93150065568358,147.30353849809674,6856600,CVX
2023-04-14,149.19839477539062,149.57909331996046,148.142826338973,149.2503058128871,4930700,CVX
2023-04-17,147.88328552246094,149.2849366049939,147.27763463508245,149.15515898705536,7006000,CVX
2023-04-18,147.5371856689453,149.15514139197992,147.19975069991142,147.7967540764016,8045600,CVX
2023-04-19,147.67559814453125,147.7275223833621,146.3085635058383,146.6200429278409,5506800,CVX
2023-04-20,146.95748901367188,147.1391776556717,145.3741362652574,146.01439003523436,5851100,CVX
2023-04-21,146.3258819580078,147.59775536924866,146.08362161321895,146.9401934622787,7179000,CVX
2023-04-24,148.3677978515625,149.1465031218048,145.85866723035582,146.30858495079372,7177600,CVX
2023-04-25,146.21340942382812,147.4333585628076,145.72887554200696,147.36415263903152,5807200,CVX
2023-04-26,143.60910034179688,146.17880280172076,142.96018584590092,145.53854894851094,5927400,CVX
2023-04-27,144.4483642578125,144.82906287471803,142.82176089766966,143.9984465103606,6417200,CVX
2023-04-28,145.85867309570312,146.17015257588574,141.93923067135455,142.32857672103307,10036300,CVX
2023-05-01,144.6992950439453,145.98846348124985,143.9378977586325,145.1059492120374,6099800,CVX
2023-05-02,138.4696807861328,143.08996154223402,137.09398536876796,143.03805050040106,10701700,CVX
2023-05-03,135.69232177734375,138.06302701683376,135.61445522185525,136.83440419776466,7538100,CVX
2023-05-04,135.16456604003906,136.8776966326823,134.47238792919148,135.93461072277967,7500400,CVX
2023-05-05,138.6167755126953,139.40411496052076,137.37950517663117,137.82942286267243,5802000,CVX
2023-05-08,138.0717010498047,140.4250986628566,138.0197900028137,139.79349225413432,5028200,CVX
2023-05-09,137.67369079589844,138.7984785263758,136.62678283609478,136.7998240556608,5019800,CVX
2023-05-10,135.91726684570312,138.81575614560035,134.8703591156454,138.81575614560035,6161200,CVX
2023-05-11,135.16456604003906,135.2510932547198,133.1486033982127,134.43778496463884,6666100,CVX
2023-05-12,135.5106201171875,136.64405510027646,134.59348992330473,135.83940762148382,4898900,CVX
2023-05-15,136.01246643066406,136.84308273777546,135.17320268365503,136.03842195255518,5096700,CVX
2023-05-16,132.81980895996094,135.85673712881155,132.66407582422434,135.38951131720435,7007700,CVX
2023-05-17,134.7233123779297,135.33761073040438,133.20917849766712,133.9272989486559,6169600,CVX
2023-05-18,134.55728149414062,134.75824022498927,132.39052936689524,133.56127328527555,7477700,CVX
2023-05-19,135.62318420410156,136.6803572245212,134.53981482578178,135.32613217014162,8100900,CVX
2023-05-22,133.18557739257812,135.27370021847867,132.87977993626038,134.36505329949247,11661000,CVX
2023-05-23,137.03857421875,137.7637267342617,134.4087531756221,134.67086340115205,10436200,CVX
2023-05-24,137.405517578125,138.5413196212817,136.5492899876725,137.999621622296,7064000,CVX
2023-05-25,135.03781127929688,135.97266796535848,134.11170004395194,135.14265003605902,7037700,CVX
2023-05-26,134.61842346191406,135.9726483107532,134.07673885496953,135.67558299040113,7736200,CVX
2023-05-30,133.77969360351562,133.9020099309,132.1109522795174,132.51284307028897,7814800,CVX
2023-05-31,131.59548950195312,133.1681378247524,131.36833437312526,132.39928457105444,13346400,CVX
2023-06-01,132.9409637451172,134.32139855771024,130.82663093032954,132.1895881719711,9887700,CVX
2023-06-02,136.52305603027344,136.95116974939592,134.20777842930187,135.05526041867114,9464300,CVX
2023-06-05,135.86781311035156,138.43646925055484,135.63192591244027,138.43646925055484,6443800,CVX
2023-06-06,136.11245727539062,136.435732348643,133.84959842002706,133.96318263480333,6176400,CVX
2023-06-07,139.64218139648438,139.97418859268865,136.73278569845834,136.77647296082426,9900000,CVX
2023-06-08,139.126708984375,140.2188239067017,137.2482633190845,139.93050396742973,7142200,CVX
2023-06-09,138.79470825195312,140.1314559126762,138.5850173777583,139.16165728318282,6669500,CVX
2023-06-12,137.45794677734375,139.20533055891835,136.4968803648856,137.22204623401672,7159600,CVX
2023-06-13,138.48887634277344,140.29742468853723,138.27919885211907,138.49762179253622,7660800,CVX
2023-06-14,137.24822998046875,140.46342246317448,136.4269576253353,139.77319853429518,7721100,CVX
2023-06-15,138.28794860839844,139.60721853745284,137.4492118758473,137.4492118758473,7705400,CVX
2023-06-16,137.39678955078125,139.12670918895682,137.39678955078125,138.54133718950666,22908100,CVX
2023-06-20,134.26895141601562,136.7939335536793,133.01084640380097,136.42697126053605,10438700,CVX
2023-06-21,135.31741333007812,136.26100223479597,133.23802222533985,133.38654825689528,7328200,CVX
2023-06-22,133.36033630371094,134.190340974909,132.77496430757165,133.9806634428477,7088600,CVX
2023-06-23,132.23324584960938,132.53902994970505,131.16734089521034,131.93618053581804,15172700,CVX
2023-06-26,134.55728149414062,135.396031563886,132.39926148635297,132.46915843645507,7371800,CVX
2023-06-27,134.13790893554688,135.1688722530035,133.51759518641964,134.1116992465122,6581700,CVX
2023-06-28,135.3523406982422,135.43971521641245,132.96716566476684,134.05928048449655,5773800,CVX
2023-06-29,136.505615234375,136.53182492254848,134.93296728656944,135.79791365925308,5633500,CVX
2023-06-30,137.4754180908203,137.97341551353313,136.8201492025542,137.57152472769187,6346600,CVX
2023-07-03,137.3531036376953,138.13068886244733,136.9075122554519,137.32688061684584,3272600,CVX
2023-07-05,136.5667724609375,137.78120361269924,135.52707701482524,137.78120361269924,6318700,CVX
2023-07-06,133.5700225830078,136.14741103415648,132.47790770273463,135.59698086842505,9203000,CVX
2023-07-07,134.74075317382812,136.28719142376028,132.76621446542802,132.9234725934826,6602200,CVX
2023-07-10,135.64065551757812,136.11244323613624,134.47864379323778,134.48737591213506,5167900,CVX
2023-07-11,138.14813232421875,138.40151039199145,135.9988581302706,136.29591011943776,5060500,CVX
2023-07-12,139.4761505126953,140.08773207173274,138.33161645260853,139.10920157727284,6464000,CVX
2023-07-13,137.61521911621094,140.31493746919617,136.79395985258574,139.6509230315447,8143900,CVX
2023-07-14,134.1815948486328,137.18709692161005,133.9369621991095,137.17835147103307,7065700,CVX
2023-07-17,134.0592803955078,134.67086202785453,133.36032424504882,133.9806513280946,4351700,CVX
2023-07-18,134.3301239013672,136.35709542211114,133.12442486466674,133.38653508979465,6798300,CVX
2023-07-19,135.1513671875,136.1036879126295,133.91945872757452,134.399991814582,5653100,CVX
2023-07-20,136.6453857421875,137.33560969725954,136.04254962706403,136.43570825222395,5866600,CVX
2023-07-21,138.64613342285156,138.76844972354908,137.22201173285558,137.6326478847995,8760100,CVX
2023-07-24,141.3808135986328,143.32039713136683,139.7994202408089,140.20132433501075,9722100,CVX
2023-07-25,142.02737426757812,142.85737902980395,140.3673647431265,141.45947978065584,6767600,CVX
2023-07-26,140.96142578125,141.61669460321357,140.27121515463216,140.55953503607353,6056400,CVX
2023-07-27,139.49366760253906,141.9487399839225,139.1092409903756,141.6167327586028,6470100,CVX
2023-07-28,138.8034210205078,138.9170052279627,136.74150770524867,138.40153023201785,6542300,CVX
2023-07-31,142.98841857910156,143.26799305282648,140.33238775557317,140.77797915368396,13056300,CVX
2023-08-01,141.8002166748047,142.9709607751344,140.27125564883494,142.9709607751344,7531400,CVX
2023-08-02,139.5548095703125,140.85661535769836,138.09574563314524,140.81292809448766,7067100,CVX
2023-08-03,139.50238037109375,141.27597381450752,138.785959964476,139.7120712208619,6680700,CVX
2023-08-04,139.1878662109375,142.4292692995384,138.95196564520023,140.36735570814227,10185400,CVX
2023-08-07,139.69459533691406,140.99640104841507,138.98690704118837,140.67312598468487,13927400,CVX
2023-08-08,139.4849090576172,139.60722539259868,136.4881521848305,137.99090334687767,6451300,CVX
2023-08-09,139.6683807373047,141.048815470589,139.1878475498513,140.54207259395454,10531500,CVX
2023-08-10,140.515869140625,141.95745543548045,139.45869608131207,140.0790231929136,8647100,CVX
2023-08-11,143.41651916503906,143.43399673574544,139.94796127698183,140.22754908236251,6682600,CVX
2023-08-14,143.3116912841797,143.5039045821019,142.07105029944248,143.0845361736722,6060100,CVX
2023-08-15,139.126708984375,142.77000276547912,139.00439264633363,142.76125731395268,7876500,CVX
2023-08-16,138.59373474121094,141.38954583977954,138.45394085341277,140.2450117128248,7920500,CVX
2023-08-17,140.91363525390625,143.0218261913083,140.22560731347224,140.41083835764948,8270500,CVX
2023-08-18,141.9280242919922,142.29851328040567,139.5111105859893,139.70517111911963,5999200,CVX
2023-08-21,141.4517059326172,142.9600831208942,140.64900220400426,142.19265700844372,6802300,CVX
2023-08-22,140.287353515625,142.23677508396221,140.22561431768278,141.56639264840334,6080800,CVX
2023-08-23,140.47259521484375,140.61373260674569,138.22326682246577,139.49347643037817,4975600,CVX
2023-08-24,139.31704711914062,141.03711684511916,138.98184921268287,139.13180262883472,5989600,CVX
2023-08-25,140.35792541503906,141.0547829051598,139.06125417304014,140.31383175533273,5291800,CVX
2023-08-28,141.3193817138672,142.72189897235106,140.44610939426016,140.71955463161987,4386100,CVX
2023-08-29,141.09886169433594,141.97212056715338,140.34026515717713,141.9368429545508,5374800,CVX
2023-08-30,141.29293823242188,142.23677944656833,141.07241609374503,141.65459777015667,5534900,CVX
2023-08-31,142.10446166992188,142.22795352061323,141.0724062881987,142.02506347621852,7003700,CVX
2023-09-01,144.92715454101562,145.27116854445222,143.46288428655075,143.46288428655075,6663000,CVX
2023-09-05,146.83245849609375,147.8027477760409,145.72101836540924,145.7915870609767,9755800,CVX
2023-09-06,146.98239135742188,147.6968807931001,146.05619586466838,146.67365503997053,7195500,CVX
2023-09-07,146.99124145507812,148.10266822815035,146.67368902568555,147.4322857481454,7925900,CVX
2023-09-08,147.49400329589844,148.62307534058428,147.05295910783053,147.67923431751072,7434400,CVX
2023-09-11,144.45083618164062,148.71132608551383,143.6657778013993,148.261465707939,7155100,CVX
2023-09-12,147.14114379882812,147.47634165222135,145.63278037775657,145.8091953417955,7521100,CVX
2023-09-13,146.60308837890625,147.97032808141472,146.05619788174315,147.6704212577834,5759500,CVX
2023-09-14,147.5116424560547,148.6318985162303,147.4146121916363,147.92622508951493,8822800,CVX
2023-09-15,146.86773681640625,148.51723802192612,146.3208462476462,146.61193707090308,17439700,CVX
2023-09-18,147.50283813476562,148.50841847334672,146.7795191135325,148.0761902684926,7027600,CVX
2023-09-19,147.4851837158203,149.03766797636246,146.80597185183314,148.79950033010178,6615100,CVX
2023-09-20,147.0353240966797,148.64071805717174,146.95593936744908,147.37052201067755,5939100,CVX
2023-09-21,145.71217346191406,148.07616372693397,145.58868163403392,147.41459747909036,7150000,CVX
2023-09-22,146.6736602783203,147.67924053104045,146.3737534481198,146.62955316573763,5963000,CVX
2023-09-25,148.81715393066406,148.8788931254982,146.41787217946666,146.71777903346583,5510000,CVX
2023-09-26,148.01443481445312,148.55250927175697,147.29111587267388,147.69688245506725,5659200,CVX
2023-09-27,150.87237548828125,151.03997441723806,148.9053223665023,149.39928965631233,9124400,CVX
2023-09-28,150.47544860839844,151.4545672166632,149.45222289065146,150.44017099657273,7151800,CVX
2023-09-29,148.73776245117188,150.39609318159606,148.03210240040667,150.38727714182244,7396100,CVX
2023-10-02,146.9029998779297,148.6936517574261,145.74746619864374,148.49076172945288,6839600,CVX
2023-10-03,147.2470245361328,147.62632958418,145.9944605009204,146.35612001055557,6168600,CVX
2023-10-04,143.8157196044922,145.52697364420297,142.44849304043825,145.27998991265747,9664700,CVX
2023-10-05,144.5742950439453,145.32407562829627,142.36025782671902,142.3867194040865,8073000,CVX
2023-10-06,143.10122680664062,144.9888958326478,140.2432684167552,144.9359726712949,10190400,CVX
2023-10-09,147.06178283691406,148.3584538944128,145.50048256081536,146.76187600364798,8183500,CVX
2023-10-10,146.9029998779297,147.66159645923517,146.14440329662423,147.10588990590293,6512900,CVX
2023-10-11,142.10446166992188,145.61517010494896,141.5575576514869,145.6063540654718,12570700,CVX
2023-10-12,142.21913146972656,144.00977012833005,141.92804063650885,144.00977012833005,7397000,CVX
2023-10-13,144.71542358398438,145.40345147268786,143.16295281504338,144.1420714965985,8042800,CVX
2023-10-16,145.89744567871094,146.25910522664364,144.5302191480446,145.84452251747268,5446000,CVX
2023-10-17,147.8292236328125,148.3672982113333,145.2358810235353,145.39466396879908,7538300,CVX
2023-10-18,149.00238037109375,149.69040828999974,147.82038507036825,148.60544325781748,6893500,CVX
2023-10-19,149.16116333007812,150.10499097923707,147.75863245539634,148.80831987183043,6580200,CVX
2023-10-20,147.1588134765625,149.1611579688941,146.51489269535676,148.5525148024443,7458300,CVX
2023-10-23,141.7339630126953,145.0417946378191,141.35467144695644,144.04504386064406,16232400,CVX
2023-10-24,138.1791534423828,142.08681236349625,138.0203839783909,141.91921340065906,17689900,CVX
2023-10-25,137.49110412597656,138.84952769585962,136.87364498493872,138.43494510267712,10502400,CVX
2023-10-26,136.50318908691406,136.8824806638327,135.5152543194965,136.73252724089264,10830400,CVX
2023-10-27,127.32947540283203,133.41588043209168,126.98546143960608,132.94837462205646,24524300,CVX
2023-10-30,128.8643035888672,129.1730399425671,127.30301666077918,128.4850120007922,13857100,CVX
2023-10-31,128.5467529296875,129.24361037986048,127.22362018387288,128.87313482618467,14261300,CVX
2023-11-01,127.00309753417969,128.7937360993397,126.8619736045077,128.76727452130106,10819600,CVX
2023-11-02,131.219482421875,131.43118851057042,126.87079251095999,127.49706781816313,11099100,CVX
2023-11-03,130.20506286621094,131.04304411312592,128.91720794325096,130.81370598584817,13160000,CVX
2023-11-06,129.6669921875,131.72225973324305,129.39354694254544,131.19300132006612,10634200,CVX
2023-11-07,127.38243103027344,128.4409347669928,126.35038887750166,128.04399754817368,15054600,CVX
2023-11-08,125.60938262939453,127.59408152707556,125.47707475338945,126.91488315078175,12654100,CVX
2023-11-09,125.20362091064453,126.94133601412454,125.06248354619136,126.1827395046886,10359500,CVX
2023-11-10,126.09452819824219,126.52675633950923,125.0183793237407,126.39443500992942,11988200,CVX
2023-11-13,127.02073669433594,127.28536592103612,126.00634036152042,126.27095612861902,8747700,CVX
2023-11-14,127.94694519042969,128.34388234080023,126.89725767616777,127.44414826291818,11224400,CVX
2023-11-15,128.3968048095703,129.34946204110184,127.38240837967436,127.77934552791179,10052100,CVX
2023-11-16,126.36454772949219,127.91546169150327,125.44647390579645,127.47871631171427,14031300,CVX
2023-11-17,128.7622528076172,129.41292351265213,126.9260913868015,127.4163283292355,11075600,CVX
2023-11-20,128.69093322753906,129.85857973425627,128.59288584754879,128.91376694563596,8062400,CVX
2023-11-21,128.38787841796875,128.61963420617013,127.19349286584038,128.2007056974742,6783300,CVX
2023-11-22,128.64639282226562,128.69987075057787,125.42867266210429,126.33783824549421,7216100,CVX
2023-11-24,129.15443420410156,130.0814302071709,128.53050243320442,128.61964137220082,3861000,CVX
2023-11-27,128.673095703125,129.08311570636175,127.32718501548428,128.931576817714,9850800,CVX
2023-11-28,129.69815063476562,130.59840768699485,128.40571760808282,129.04747989455987,9746500,CVX
2023-11-29,128.27203369140625,130.5716798131169,127.51439343865455,130.48254086548945,16417100,CVX
2023-11-30,127.99569702148438,130.14380379297236,126.59629470079538,129.22572993444936,16276000,CVX
2023-12-01,129.07421875,130.5894855248852,127.10437602285704,127.89766362622412,11906500,CVX
2023-12-04,129.12770080566406,129.86751050899073,127.68374241642266,128.3522436856186,11842800,CVX
2023-12-05,127.33610534667969,129.30596147527802,127.13110212628156,129.02963622955195,9597600,CVX
2023-12-06,127.04195404052734,128.3789563045621,125.9901854544847,126.48040873741184,18079700,CVX
2023-12-07,126.94393157958984,128.36115099346424,125.66932903270347,127.91548348464642,14786700,CVX
2023-12-08,128.6285400390625,128.9494211540656,127.56784930889424,127.91546938342327,10821700,CVX
2023-12-11,128.66421508789062,129.60010597477643,128.19180861714293,129.10096054158586,9849600,CVX
2023-12-12,127.01522827148438,127.9867800867283,126.34672707005551,127.61242104601115,9863900,CVX
2023-12-13,128.8959197998047,128.95830616045865,126.2575629338398,126.72106081583817,10641300,CVX
2023-12-14,133.63784790039062,133.63784790039062,130.00121312672573,130.00121312672573,14960500,CVX
2023-12-15,133.12086486816406,133.53979333439878,131.31145621642276,131.31145621642276,30850900,CVX
2023-12-18,133.4149932861328,135.58985248754587,133.09412579807884,134.44003651994788,11561700,CVX
2023-12-19,135.16201782226562,135.33137362202157,133.24565331076445,133.66458178362686,8738100,CVX
2023-12-20,133.92303466796875,136.42768292391855,133.75367890392582,135.61656510702235,9370000,CVX
2023-12-21,134.33309936523438,134.4133162483994,133.00500536316878,134.39548574079865,7264700,CVX
2023-12-22,134.6361541748047,135.83053980801847,134.36875095525272,135.25117749956644,6396100,CVX
2023-12-26,135.8483428955078,136.38313562597241,135.39375343381943,135.5452923215089,5165600,CVX
2023-12-27,135.40269470214844,136.34750756734022,134.89462725538007,135.7235758262411,5337200,CVX
2023-12-28,133.4952392578125,135.500742895134,133.1654360778713,134.75201120067473,8148000,CVX
2023-12-29,132.95152282714844,133.9052441399616,132.51476381058654,133.72697987221719,7658600,CVX
2024-01-02,133.23672485351562,135.019394490413,133.02281320152952,133.69131431536604,8879700,CVX
2024-01-03,135.7770538330078,136.54360242989964,132.523673122646,133.15652691803595,10255300,CVX
2024-01-04,134.2884979248047,137.57752535843358,134.22609796340447,136.9625021992101,8220300,CVX
2024-01-05,134.05674743652344,135.50962750143816,133.54869367683565,135.46505804164704,7455400,CVX
2024-01-08,133.25454711914062,133.43281135167055,130.65185124227423,132.2919039426521,10038200,CVX
2024-01-09,129.8674774169922,133.65565031049118,129.76943004513288,133.65565031049118,11784700,CVX
2024-01-10,128.7978973388672,130.15273024017557,128.45027726031935,130.15273024017557,8490400,CVX
2024-01-11,129.49313354492188,130.2864210641056,128.90484924511608,129.7427062295623,8612500,CVX
2024-01-12,131.2668914794922,132.3632295728109,130.2864176720098,131.7660368357774,9386900,CVX
2024-01-16,128.07589721679688,130.6518541970757,127.97784984658463,130.58945423389994,9380400,CVX
2024-01-17,127.56782531738281,128.3700347543658,126.6051821534166,126.9438937112998,8167000,CVX
2024-01-18,126.40911865234375,127.63024308033631,124.44817104444071,127.46088727777278,11187800,CVX
2024-01-19,126.78347778320312,126.79238623572317,125.68712609214724,126.3288882915538,11192500,CVX
2024-01-22,127.00629425048828,127.15781952689196,125.60689215554827,126.48931846004038,9184600,CVX
2024-01-23,126.64976501464844,127.75502512003014,126.4804092177837,126.56063969045518,6767200,CVX
2024-01-24,129.17222595214844,129.22570385922248,126.76562492899725,127.19346178627806,8100000,CVX
2024-01-25,132.4256591796875,132.5326150369166,129.44858968010212,130.3310163043242,9773600,CVX
2024-01-26,132.9336700439453,133.04062586653058,131.00838363327304,131.94428788296287,9151900,CVX
2024-01-29,132.88021850585938,133.0050048572055,131.12428753290098,132.8891269592797,10494800,CVX
2024-01-30,133.8071746826172,133.9765304692832,131.65906816946128,132.0779830092541,9902900,CVX
2024-01-31,131.40948486328125,134.03893344040276,131.32926799433113,134.03001138783728,10428000,CVX
2024-02-01,131.8195037841797,132.82671646617845,130.59837945339518,132.08690694585164,8641100,CVX
2024-02-02,135.6968231201172,136.71294431003076,133.29913018584716,134.46677666891475,12839100,CVX
2024-02-05,135.7770538330078,136.8288225400009,134.4043904010264,135.14420003761785,8277800,CVX
2024-02-06,135.7948760986328,136.8555531944556,135.31354764105438,135.92857089202067,6198200,CVX
2024-02-07,135.5987548828125,137.0694517259492,134.74306756997893,136.39204223711025,6252000,CVX
2024-02-08,137.31906127929688,137.53298656519485,135.17094076907384,135.43834397627327,9237000,CVX
2024-02-09,134.62721252441406,138.442138273393,134.57373460842632,137.63992873150445,9194500,CVX
2024-02-12,135.55419921875,136.02660557888612,134.93917602518303,135.14417922280873,6713000,CVX
2024-02-13,134.23504638671875,136.43664475988507,133.34371145347544,136.0355331593722,6987100,CVX
2024-02-14,134.6005096435547,135.66120059724585,133.77157452218256,134.84117393069585,5995100,CVX
2024-02-15,139.17787170410156,139.7455307178013,134.86178232336198,135.07804188754642,8950300,CVX
2024-02-16,139.3310546875,140.35826358801836,138.84447409040794,139.99783096996896,7570200,CVX
2024-02-20,138.7633819580078,140.2140905920782,138.61020325119276,140.08794261298942,6977900,CVX
2024-02-21,140.0609130859375,140.1780554064879,138.85349474015152,139.27699447695832,6628900,CVX
2024-02-22,140.0518798828125,141.1331638910259,138.61019078702347,139.50224596907032,8874900,CVX
2024-02-23,139.35809326171875,139.5923641648175,138.0875939911194,139.54730836638714,6561600,CVX
2024-02-26,139.16885375976562,140.16002625299862,138.61020039945154,139.24994594127608,6900800,CVX
2024-02-27,137.10543823242188,138.65526417517407,135.06903167440385,138.04253557615388,15093800,CVX
2024-02-28,137.2676239013672,138.63724041585007,136.76303196158378,137.28564897038777,6715900,CVX
2024-02-29,136.9702606201172,138.07857541158566,136.49269944945763,137.78122366868666,9334400,CVX
2024-03-01,137.6911163330078,139.07875784272878,137.18652442005416,137.9073759024587,7459100,CVX
2024-03-04,134.14996337890625,137.4928919221081,133.0596735412529,137.41179973352465,12503200,CVX
2024-03-05,134.78968811035156,135.71777967806491,133.62732567329704,134.10488681982537,6985500,CVX
2024-03-06,133.6543731689453,137.33070351699496,133.4831693875576,135.90702555752236,14692100,CVX
2024-03-07,134.59146118164062,135.83492961363606,133.7624868100097,133.8075426044773,8739300,CVX
2024-03-08,135.05099487304688,135.15011210937362,133.70840935354784,134.59144507321548,7528400,CVX
2024-03-11,136.96127319335938,137.03335972387944,134.78971286465438,135.6096816815828,7577100,CVX
2024-03-12,136.86215209960938,137.4748807173201,135.87097951909178,136.8080906405083,6432900,CVX
2024-03-13,138.6642608642578,139.55631610180163,137.9974708509232,138.0785767809531,8065600,CVX
2024-03-14,140.29519653320312,140.32222726358015,137.64607496345576,138.55615538314848,9047200,CVX
2024-03-15,140.16004943847656,141.50262160701172,139.14184604964075,139.8356669096767,20387200,CVX
2024-03-18,140.03387451171875,141.1692062696366,139.61037479864112,140.59252785701355,7242700,CVX
2024-03-19,141.12416076660156,141.32239527437386,139.67345209559454,139.93476746906663,7736700,CVX
2024-03-20,139.2589569091797,140.95294195526154,138.97061083804388,140.34923283655556,8449100,CVX
2024-03-21,139.53831481933594,140.28619714108373,139.13284009646318,139.6194070140904,7899100,CVX
2024-03-22,139.35809326171875,139.91674666477692,138.90756277561397,139.73653722015487,5974700,CVX
2024-03-25,140.989013671875,141.74590160082784,139.9077432377853,140.09695834547375,6058700,CVX
2024-03-26,139.9077606201172,141.34044446701213,139.3490933896333,141.0340869932927,6677900,CVX
2024-03-27,140.88088989257812,140.9619820810921,139.52929842094775,139.5473097412179,7416900,CVX
2024-03-28,142.13336181640625,142.53883650154285,140.89889894281805,141.6017253968146,8331600,CVX
2024-04-01,143.34080505371094,143.80034127662645,141.41253480103376,142.61094774415625,6285700,CVX
2024-04-02,143.97149658203125,145.2690263614463,143.28669530916085,144.21478685294582,8815400,CVX
2024-04-03,144.56622314453125,145.02575928611574,143.91745815105952,144.25986571680826,7819700,CVX
2024-04-04,144.79148864746094,145.92682051354217,144.00757000772145,144.8906059035624,9269700,CVX
2024-04-05,145.61146545410156,146.1250630828743,144.0436143390743,145.36817513041976,7432800,CVX
2024-04-08,145.31411743164062,146.42241865850772,144.46711785615997,145.65651127665384,7253200,CVX
2024-04-09,145.97186279296875,146.4494239602031,144.5842350851572,145.83670916039222,6576200,CVX
2024-04-10,146.5755615234375,146.6656731048205,145.07979726670013,146.16108124690837,7525800,CVX
2024-04-11,145.87277221679688,147.43160397694743,143.989557930056,147.43160397694743,7682500,CVX
2024-04-12,143.23265075683594,147.65684945140947,142.40366260622847,146.2331715393295,11071000,CVX
2024-04-15,141.99819946289062,144.61128460816715,141.7909592829703,144.1156983091406,7236900,CVX
2024-04-16,140.8177947998047,142.19641686167998,140.0428818843828,141.7368807574209,5541900,CVX
2024-04-17,140.92593383789062,142.1063352882351,140.2411324327294,140.5565092799916,6733900,CVX
2024-04-18,141.9801788330078,142.40366482539125,140.91691977489322,141.59271547950118,4979200,CVX
2024-04-19,144.16976928710938,144.8455650806427,142.50280083008693,143.04344296455383,7734700,CVX
2024-04-22,145.89979553222656,146.6026220125978,142.76410710063942,144.1247042615428,6779200,CVX
2024-04-23,146.73776245117188,146.73776245117188,144.71037557281173,145.35012106604427,5597600,CVX
2024-04-24,147.3865509033203,147.6298274682471,145.4762922788581,145.86375564927758,7610300,CVX
2024-04-25,148.92733764648438,149.21568372087486,146.57556825499012,147.50365983965094,9702600,CVX
2024-04-26,149.4770050048828,150.4591581705567,147.1432603729827,148.88230145995942,9736400,CVX
2024-04-29,149.87347412109375,150.57630058400795,148.39573466713315,149.4950301602245,6364000,CVX
2024-04-30,145.31411743164062,149.6842552159882,145.02577129994495,149.54910155994355,8457300,CVX
2024-05-01,143.8363800048828,145.47630396855865,143.17859553814478,144.87259471413785,7713700,CVX
2024-05-02,144.82749938964844,145.7736159850558,144.07061161296122,144.5391670814757,8597100,CVX
2024-05-03,144.39501953125,144.76445782640238,141.50260778619977,144.76445782640238,11664500,CVX
2024-05-06,146.24220275878906,147.79202877563282,144.8275303920365,144.8275303920365,8430300,CVX
2024-05-07,146.5755615234375,147.00806686606265,145.98987749173884,146.25117907919443,6869900,CVX
2024-05-08,146.45843505859375,146.94501565213605,145.5573741436916,145.92681241858511,6706400,CVX
2024-05-09,149.08055114746094,149.13461261175613,146.62966393933942,146.8909793489006,6683300,CVX
2024-05-10,149.41392517089844,149.95455346192193,148.69307370043552,149.61214591990498,5490900,CVX
2024-05-13,148.25155639648438,150.39608584841423,146.85490917988383,150.00862249196942,6848300,CVX
2024-05-14,147.42259216308594,148.85527586693783,146.89096946781007,148.08036284959846,4924000,CVX
2024-05-15,146.9180145263672,147.5938103487064,144.32295416887217,146.99010106397552,7603100,CVX
2024-05-16,146.6176300048828,147.44587870602737,146.06243200485503,147.01810251479603,6409400,CVX
2024-05-17,148.05567932128906,148.3287300136505,146.70864683035717,147.21833404919977,5497900,CVX
2024-05-20,146.66314697265625,148.35604472565663,146.59944300953154,148.1012010972855,4913800,CVX
2024-05-21,145.59825134277344,146.95439432358464,145.38891849604929,146.1534493268172,4783300,CVX
2024-05-22,143.41387939453125,145.18868814083967,142.458208873308,145.18868814083967,6260500,CVX
2024-05-23,142.84046936035156,144.35133783586426,142.28527137298533,143.73242200158515,6718400,CVX
2024-05-24,143.5776824951172,144.68807836142318,143.16811343674325,143.87803684137378,4477700,CVX
2024-05-28,144.75180053710938,145.09766568626742,143.75972974266045,143.91445523361654,6928300,CVX
2024-05-29,142.80404663085938,144.2512110606149,142.38538096001102,143.8234349047909,5909600,CVX
2024-05-30,144.0418701171875,144.2239131687927,142.7221413206596,142.75855548615462,6369600,CVX
2024-05-31,147.71893310546875,147.97377672944194,144.26941980793708,144.3786484238798,10334200,CVX
2024-06-03,143.31375122070312,147.1546123442493,142.40359152865426,146.9816936686252,9009900,CVX
2024-06-04,142.10324096679688,142.30347721544126,140.2647144510325,141.73007214996548,6360500,CVX
2024-06-05,141.05653381347656,142.91326721281436,140.64696476266,142.1305293852374,7058500,CVX
2024-06-06,141.9212188720703,142.00314381347633,139.6094189616812,140.61969695160832,5215100,CVX
2024-06-07,142.05772399902344,143.52308163395702,141.19307508378714,141.72096936279976,5887700,CVX
2024-06-10,142.658447265625,143.9872727518,142.27618182900196,142.3580928751492,7074700,CVX
2024-06-11,142.43092346191406,142.66756002913104,140.60149322971984,142.13966563647392,5132000,CVX
2024-06-12,140.3648681640625,143.46851691702787,138.708370393997,143.34109507994117,10017400,CVX
2024-06-13,139.1088409423828,140.24654085957962,138.55364282727322,139.95529690250524,6163000,CVX
2024-06-14,138.86309814453125,139.5184004745593,138.31699666691415,139.37278545007388,6159100,CVX
2024-06-17,139.4273681640625,140.10087746102514,138.28055804145475,138.79935574224112,6321400,CVX
2024-06-18,139.5548095703125,141.93942390076245,139.10882625021665,139.755045845626,6942900,CVX
2024-06-20,142.56744384765625,143.26827084781127,139.48200239266075,139.90068205050258,8336000,CVX
2024-06-21,141.32962036132812,143.50490184676215,141.27501299241186,142.7130672216017,21289800,CVX
2024-06-24,144.99754333496094,145.2068761827531,142.1578494416579,142.23066388609325,7971600,CVX
2024-06-25,144.2239227294922,145.04306096427695,143.50488873661732,144.82461762063093,5985400,CVX
2024-06-26,141.93943786621094,144.22394817171454,141.79380894475685,144.22394817171454,8637800,CVX
2024-06-27,142.27618408203125,142.84047870389608,141.65726820726735,142.62203535610834,5568700,CVX
2024-06-28,142.36720275878906,144.3331513773993,142.1396627951889,143.3683841538046,11283400,CVX
2024-07-01,142.4582061767578,144.4423477407311,141.96671214066146,143.04070785395447,5584100,CVX
2024-07-02,142.6675567626953,143.55041292993326,141.48434617782556,143.5139987586182,7216800,CVX
2024-07-03,142.6311492919922,143.5686127810258,142.49461698834654,142.84048215872508,3264200,CVX
2024-07-05,140.44674682617188,142.48550963716983,139.87334174759283,142.48550963716983,6183100,CVX
2024-07-08,140.4649658203125,141.32961486638922,139.54570940744264,139.54570940744264,4990700,CVX
2024-07-09,139.23623657226562,140.85631983840673,138.6628453657132,139.25444365613683,5301600,CVX
2024-07-10,141.1930694580078,141.4752167244596,138.61731600914896,138.79934515964038,5416600,CVX
2024-07-11,141.3114013671875,142.60382657839455,140.36484131388656,141.07476482584624,8322500,CVX
2024-07-12,141.61175537109375,142.38539673125925,140.6742919184335,142.13055310653235,6446300,CVX
2024-07-15,143.8416290283203,145.18867534758846,142.3216640365445,142.84955831497103,5661200,CVX
2024-07-16,143.5959014892578,144.08738162249327,142.12143331368137,142.90417122063786,6924200,CVX
2024-07-17,146.7450714111328,146.97261137779498,144.06919918111592,144.26033886380458,7296600,CVX
2024-07-18,147.41856384277344,149.5210304724068,145.84399149180808,146.74504068283125,6577700,CVX
2024-07-19,144.85191345214844,148.08298322612876,144.17840414962944,147.8827469772893,6427700,CVX
2024-07-22,142.885986328125,144.69719536992855,142.75856451670194,144.00547894905142,5577300,CVX
2024-07-23,140.2465057373047,142.53101548720113,140.01896581084873,142.30347556074514,6238700,CVX
2024-07-24,141.13848876953125,141.71188000752383,139.6367167463683,140.79262359669312,5971700,CVX
2024-07-25,143.38658142089844,144.04189764569978,140.72891623717643,141.4115361473497,5432100,CVX
2024-07-26,143.65960693359375,144.7517958204773,142.94968346272267,143.5594888088332,5232500,CVX
2024-07-29,142.53103637695312,144.03279455649056,140.94735325705383,144.03279455649056,5072000,CVX
2024-07-30,145.23419189453125,145.70746494540745,142.38538755213642,142.4035946349963,5740900,CVX
2024-07-31,146.05332946777344,147.1637254226745,145.67106405692905,147.1637254226745,6209200,CVX
2024-08-01,138.90858459472656,145.17048847922396,138.37159364442854,144.45146834603773,16689900,CVX
2024-08-02,135.20423889160156,138.3806876542003,133.81169553104814,137.55245280436162,13278600,CVX
2024-08-05,131.66371154785156,132.67398941650578,130.5260118708957,132.4464494811146,13037200,CVX
2024-08-06,130.3621826171875,132.05508037930136,130.26206448493585,131.5089928389675,9692700,CVX
2024-08-07,129.61587524414062,132.63759890328248,129.49755001249656,131.59092056899982,8867900,CVX
2024-08-08,131.5089874267578,131.80934181115177,129.8889041809497,130.21656224683986,7531100,CVX
2024-08-09,131.9640655517578,132.9834400152559,130.3257752440391,131.25414206640227,7653100,CVX
2024-08-12,131.9913787841797,133.55685475951165,127.1402253579161,132.7377026024083,8442200,CVX
2024-08-13,131.19952392578125,131.56359616275628,130.1983565219555,131.1358199642705,7794800,CVX
2024-08-14,131.6728057861328,132.19160349573727,130.54420272715956,131.41796217409615,5874200,CVX
2024-08-15,133.6114501953125,134.2667663073062,132.41003269401233,132.51015081912067,6304200,CVX
2024-08-16,134.0392303466797,134.35777792659786,132.555665509204,132.9288343400189,6874400,CVX
2024-08-19,135.13446044921875,135.96276657257454,134.26933260643264,134.37976967798107,5967400,CVX
2024-08-20,133.1649169921875,134.83994006378867,133.04526747158351,134.67428445991018,7497600,CVX
2024-08-21,133.74472045898438,134.95957017616814,133.03604993199528,133.84594506232816,5985000,CVX
2024-08-22,134.12205505371094,134.67426842094895,133.5698557298422,133.77233302827153,4027000,CVX
2024-08-23,135.8615264892578,136.29409040612998,134.66508744433082,134.85835231752068,4824100,CVX
2024-08-26,136.6714324951172,138.13477981607008,135.7971062743613,137.10399640156803,5780300,CVX
2024-08-27,135.24490356445312,137.63780987299026,135.05163868060694,136.82790052978595,5100000,CVX
2024-08-28,134.3705596923828,135.41975391180773,133.8919756846225,134.7755143109977,5614400,CVX
2024-08-29,135.67742919921875,136.37688722508886,133.85514773486767,134.79390475005312,4466700,CVX
2024-08-30,136.16522216796875,136.28487167196488,134.09444314669506,134.57302711931052,6414800,CVX
2024-09-03,133.1372833251953,134.1588681586694,132.7875472788301,133.95639087323357,7944700,CVX
2024-09-04,130.75360107421875,133.93799129815287,130.3854541408882,133.1188836811256,9820700,CVX
2024-09-05,129.70437622070312,131.76595665298342,129.40067434926837,131.76595665298342,9371100,CVX
2024-09-06,127.5231704711914,130.7904023730332,126.88812933008732,129.8332484797508,7836400,CVX
2024-09-09,129.1245880126953,130.7075847637552,127.50476954554382,127.59680979240288,9892300,CVX
2024-09-10,127.21946716308594,129.84245977762282,126.17027292594524,129.67679013840572,8202500,CVX
2024-09-11,126.89735412597656,127.44955348773551,124.58727589266864,127.2010700944606,9534000,CVX
2024-09-12,128.1214141845703,128.36069916617734,126.4739864486516,127.21946470228308,6591500,CVX
2024-09-13,129.40989685058594,130.25661378131025,128.58159077843857,128.72883551694295,5900700,CVX
2024-09-16,130.77198791503906,131.76596349417167,129.83324490422092,130.40385505315373,6864300,CVX
2024-09-17,131.98683166503906,132.65868035583128,130.4498554320223,130.50507394861256,7338800,CVX
2024-09-18,132.49302673339844,134.0023937300764,131.78435632565962,131.9040058089233,6180300,CVX
2024-09-19,133.44100952148438,135.08842315062245,133.38577694935947,134.1956861534244,7247400,CVX
2024-09-20,134.07601928710938,134.28770901109095,132.0144529158411,133.66186633169335,23162900,CVX
2024-09-23,135.78785705566406,136.59776611539874,134.32451013094374,134.60061676888662,6960600,CVX
2024-09-24,135.70506286621094,137.2236427290834,135.2080820295975,137.02116541403373,6014200,CVX
2024-09-25,132.5022735595703,135.66826745185386,132.06970962409136,135.2449019248464,7888400,CVX
2024-09-26,130.6799774169922,131.8119994444548,129.4283058755301,129.6767892676318,8046200,CVX
2024-09-27,133.90118408203125,134.15887991455452,131.4622580367916,131.59110595305324,8049200,CVX
2024-09-30,135.53939819335938,135.73266304445818,132.78755780915915,133.79073186622875,7491700,CVX
2024-10-01,137.77581787109375,138.5305084660013,133.86434667611036,134.6926666493041,9489100,CVX
2024-10-02,138.92626953125,140.15033178095985,137.37088205572869,139.59811839015077,8105400,CVX
2024-10-03,139.202392578125,140.04910957835432,138.07037044169982,139.2576111150182,6553300,CVX
2024-10-04,138.73300170898438,140.35280608756221,138.18078832998057,140.3343952300302,7892400,CVX
2024-10-07,139.08270263671875,140.5828713221188,138.68696054173472,139.4324386599083,5895900,CVX
2024-10-08,136.9014892578125,137.68378909948996,135.96273225647312,137.31564221496092,5892700,CVX
2024-10-09,137.7298126220703,138.3924630548107,135.62222585916646,135.7602721812501,4973500,CVX
2024-10-10,138.62252807617188,139.47845727017253,137.91387167512082,138.67774659642342,4420900,CVX
2024-10-11,139.35885620117188,140.1963748316301,138.28205255202798,138.4017020830569,5051300,CVX
2024-10-14,139.6901397705078,139.80057681640656,138.21758028947394,138.53050865846703,4214700,CVX
2024-10-15,135.9627685546875,138.0151511200247,135.8063113532559,136.9475459349217,6704600,CVX
2024-10-16,136.88308715820312,137.1591938284186,136.40451724275616,136.53336514974092,4303700,CVX
2024-10-17,139.15635681152344,139.27600632359378,137.10398850852786,137.37088275464254,6593100,CVX
2024-10-18,138.7421875,139.04590342649772,137.48131771941684,138.80661847381845,5208200,CVX
2024-10-21,138.86184692382812,140.33439250024503,138.5029124474685,139.89263023165688,5074000,CVX
2024-10-22,138.89865112304688,139.5981092011093,138.2544115717566,139.2023670636628,4416400,CVX
2024-10-23,138.4936981201172,138.9722820965666,137.3984838487085,138.38326106530928,5248600,CVX
2024-10-24,138.466064453125,139.38641052997312,137.48130145344817,139.09190708793238,5474300,CVX
2024-10-25,138.79742431640625,140.00307573167763,138.4753115349675,139.33122685968866,6839900,CVX
2024-10-28,138.54891967773438,138.6961784496117,136.3585051303794,136.44133292329687,8892000,CVX
2024-10-29,136.68983459472656,138.43848692417976,136.09160108164107,138.08875084094117,6014700,CVX
2024-10-30,136.25726318359375,137.72980873663255,135.89832871293257,137.20521868414426,5784000,CVX
2024-10-31,136.96595764160156,137.65621743985173,136.11002818921818,136.91072506130945,8400900,CVX
2024-11-01,140.87742614746094,143.50960329431481,139.6165420661393,140.33441111407603,11728000,CVX
2024-11-04,141.70570373535156,142.11985671141093,140.4632307638051,142.11985671141093,6130000,CVX
2024-11-05,141.19032287597656,142.3499541059839,140.39882453199297,142.22110619153864,5978900,CVX
2024-11-06,145.15699768066406,145.9761052024692,143.68443820526775,144.58638755454777,12118900,CVX
2024-11-07,144.2826690673828,145.4238892992977,143.94213144428153,145.35947237170623,8143200,CVX
2024-11-08,144.429931640625,145.0281651348168,143.27030041024668,144.12622973341144,6041500,CVX
2024-11-11,144.03419494628906,145.35949585599283,143.48198155278916,144.62321601244963,7771700,CVX
2024-11-12,142.92056274414062,144.9269248683336,142.76410556710687,144.77046769129987,5681900,CVX
2024-11-13,146.0773468017578,146.35345346441008,142.2210940609175,143.63843504229396,8824000,CVX
2024-11-14,148.9120330810547,148.93964234638713,146.9608893895517,147.10814816690475,10111200,CVX
2024-11-15,148.56227111816406,149.44580958501206,147.95483929991653,148.65431134882004,9022800,CVX
2024-11-18,149.464111328125,150.17071861912615,147.89287195864952,149.2781672676698,6075400,CVX
2024-11-19,148.38565063476562,149.15731788309816,147.59537053520296,148.73894014252798,4657400,CVX
2024-11-20,149.9940948486328,150.09636622900356,148.55300328399937,148.67387332988076,6391300,CVX
2024-11-21,150.2729949951172,151.22131399107167,149.95687447650943,150.63559089042283,7945200,CVX
2024-11-22,150.95172119140625,151.18415485829456,149.82673600155178,150.16144104933593,7005900,CVX
2024-11-25,149.09222412109375,151.70477578105266,148.59946597388696,150.75644262430907,10702400,CVX
2024-11-26,151.10975646972656,151.49095104302606,150.05915188021154,150.90521373218164,7369500,CVX
2024-11-27,150.71923828125,153.10864821914427,150.25437109935567,151.32355994306445,7674500,CVX
2024-11-29,150.55189514160156,151.314284212651,149.37114258515493,150.84941698004684,5077000,CVX
2024-12-02,150.812255859375,151.5002503846256,148.85980752276708,150.88662214322034,6229600,CVX
2024-12-03,150.54261779785156,151.7326768961252,150.0498596174706,151.52813415861348,5900100,CVX
2024-12-04,147.19558715820312,150.46824270196393,146.76790300451475,150.45895046324478,7862700,CVX
2024-12-05,148.1345977783203,149.38043858831622,147.53956827305194,148.0974004542659,6358400,CVX
2024-12-06,144.3319854736328,147.66972884490346,144.26689725059333,147.59534838426788,9701700,CVX
2024-12-09,146.04269409179688,148.83189753697263,145.80096823373236,145.96831363086417,9404500,CVX
2024-12-10,145.96832275390625,148.31125776654193,145.68939955463145,147.88357363610416,9126200,CVX
2024-12-11,145.2338409423828,146.12637816983616,144.85264637040086,145.83816272791634,13764700,CVX
2024-12-12,143.83924865722656,145.5313582809931,143.4301631564013,144.91773002975523,7621500,CVX
2024-12-13,143.0582733154297,144.07169491719182,142.31449690698588,143.9880080126101,5816200,CVX
2024-12-16,138.86517333984375,143.0768703346598,138.76290195686613,143.0768703346598,11961200,CVX
2024-12-17,137.7030029296875,138.20505341078893,136.58732415986472,137.60073154823394,11909300,CVX
2024-12-18,133.95614624023438,138.22362411965298,133.86316711712774,137.37756233389862,10174500,CVX
2024-12-19,131.23204040527344,134.58838306518282,131.0460963122691,134.41174539813488,16544300,CVX
2024-12-20,132.81259155273438,132.81259155273438,130.67419916329482,130.92523147427602,32209200,CVX
2024-12-23,132.92416381835938,133.2774675244758,131.5946358940856,132.46858873345263,8156500,CVX
2024-12-24,133.73301696777344,133.91896104420366,132.26403464671446,133.04502246631927,3556100,CVX
2024-12-26,133.86317443847656,134.16998853756215,132.85905943782097,133.574959002354,4492600,CVX
2024-12-27,133.88177490234375,135.47162722142338,133.31463626063973,134.15139167913003,5296500,CVX
2024-12-30,133.0171356201172,133.86318332166576,132.34772557525795,133.68653147835232,6194800,CVX
2024-12-31,134.66273498535156,135.1276022126028,133.24954882887556,133.43549288245165,6137800,CVX
2025-01-02,136.40138244628906,137.6658221906178,135.25779856460812,135.25779856460812,7170300,CVX
2025-01-03,137.4612579345703,138.06557971321115,136.94990109830783,137.17302830931453,5809000,CVX
2025-01-06,136.9126739501953,139.76696518667885,136.55007812466556,137.9725705314838,5888700,CVX
2025-01-07,139.07899475097656,139.9250566377621,137.25672288811055,138.07487968533394,7736000,CVX
2025-01-08,139.73910522460938,140.5572619789085,137.62860383106982,137.63789606935364,7640900,CVX
2025-01-10,142.37954711914062,143.49522573162614,140.2690457376619,142.6305794176024,11074700,CVX
2025-01-13,144.43426513671875,146.29373419963565,143.17911784460063,143.2720969723957,11774100,CVX
2025-01-14,145.87533569335938,145.88464211769056,143.6067954562794,144.3040963232393,6830200,CVX
2025-01-15,147.20486450195312,147.5395694880869,145.39188507148796,145.85675231963916,7900000,CVX
2025-01-16,148.18109130859375,148.66454304126896,146.92594404065827,146.92594404065827,5578900,CVX
2025-01-17,150.12423706054688,150.4031602594104,147.6418475452455,147.94866164533306,9260400,CVX
2025-01-21,147.12120056152344,150.05915096292847,146.42389964778005,149.82671732501402,10131400,CVX
2025-01-22,145.4197998046875,147.30716000657608,145.28963752133743,146.60055259414005,7232200,CVX
2025-01-23,145.04788208007812,146.84227713913893,144.68528617293867,146.5540616984157,5979800,CVX
2025-01-24,144.71319580078125,146.4053197108129,144.35990627286685,145.46629280071443,8003800,CVX
2025-01-27,146.1821746826172,146.79580295487656,144.59233637959272,145.3454191743543,7141000,CVX
2025-01-28,145.2338409423828,147.7534136395594,144.27620129993784,146.62844277357416,6425400,CVX
2025-01-29,144.75038146972656,145.57784469240792,143.93221048581725,144.77827237266675,5630600,CVX
2025-01-30,145.3361358642578,146.38672643377876,144.59234526309092,145.55926311396985,6931900,CVX
2025-01-31,138.7071075439453,143.52312597278492,138.2050429143496,142.95598729809296,16726800,CVX
2025-02-03,138.8465576171875,140.25975813928414,137.41477261801464,138.53045126740727,7605000,CVX
2025-02-04,142.45394897460938,142.61200216800302,138.2701429096142,138.2701429096142,8458100,CVX
2025-02-05,142.24008178710938,142.9931644385567,141.58925630828716,142.24008178710938,6533700,CVX
2025-02-06,141.2266845703125,144.35059349342643,140.44571088619017,143.38367572069754,6420500,CVX
2025-02-07,141.8960723876953,143.00245869335376,141.24526108631457,141.76591012741918,4724900,CVX
2025-02-10,144.8247528076172,144.85264370879867,143.23490050715753,143.4487354784232,5653800,CVX
2025-02-11,146.37741088867188,147.55817774803197,145.1501544641483,145.36400362657568,6011800,CVX
2025-02-12,144.01589965820312,146.4053246518082,143.70909969078855,145.73591453147043,6693500,CVX
2025-02-13,144.92703247070312,145.4290829073333,142.54691418947675,143.9043187467587,7836400,CVX
2025-02-14,146.02688598632812,148.01038557318716,145.59447243316137,145.78247894949376,5828800,CVX
2025-02-18,146.7977294921875,147.87877770539743,145.5004601611535,146.0268841378115,5981500,CVX
2025-02-19,147.80357360839844,148.86583122089658,146.6473199100369,147.13614832605077,4945800,CVX
2025-02-20,149.27001953125,149.42043045623254,147.6531522916013,148.05736551551962,6256200,CVX
2025-02-21,147.5121612548828,149.4204553587131,147.41816516908477,148.64962434166733,6689800,CVX
2025-02-24,148.42401123046875,148.83763418035264,147.35235828939588,147.6719708074051,5925000,CVX
2025-02-25,147.04214477539062,149.45807236435166,146.13970772019854,148.5180253978725,6810900,CVX
2025-02-26,145.8388671875,147.29594266832282,145.1432273572811,147.23013250396124,6005200,CVX
2025-02-27,147.2771453857422,148.80001676626608,145.5286575864833,146.35590344453442,7517200,CVX
2025-02-28,149.11024475097656,149.1572499679443,145.63207385503964,147.30535630244677,8828500,CVX
2025-03-03,143.91177368164062,150.49210185375745,142.66150960766117,149.89988207217135,9059800,CVX
2025-03-04,142.88711547851562,144.90821038749633,141.05402706321144,142.14448480810174,8826300,CVX
2025-03-05,141.7684783935547,142.29490239110893,138.88254171268474,141.1480439633037,9288300,CVX
2025-03-06,143.78016662597656,144.13738902845856,140.50880751812008,141.4864499565222,7314700,CVX
2025-03-07,146.96693420410156,148.01038687449488,144.49462052183725,144.72022260582852,8562600,CVX
2025-03-10,148.1232147216797,150.75533488286374,146.8071402971086,147.76599226667082,11750300,CVX
2025-03-11,144.84242248535156,149.31704039289187,144.5698008622418,148.93161773620668,10466300,CVX
2025-03-12,143.5169677734375,145.50986274011296,143.09394950990446,144.42881447286427,9710200,CVX
2025-03-13,144.4005889892578,145.17141990354781,142.8119076080802,143.13152007634739,9022800,CVX
2025-03-14,147.60617065429688,147.8129821231777,143.8365733438601,144.75782964850285,6671500,CVX
2025-03-17,149.20423889160156,149.89046908366245,147.36174073310963,147.79416860042133,7615200,CVX
2025-03-18,151.16891479492188,151.43212673605,149.29823095218782,150.16307223646248,9289500,CVX
2025-03-19,154.21469116210938,154.6753049460832,151.25353492924393,151.3193450949412,11503900,CVX
2025-03-20,154.8915252685547,155.3991442620311,152.67301410333303,153.34984899061942,9545900,CVX
2025-03-21,154.8727264404297,155.0043324323863,153.33105010151925,154.62831941078954,21625500,CVX
2025-03-24,155.1265411376953,156.45199634547853,154.46851118631764,154.81632394405074,8068000,CVX
2025-03-25,155.99139404296875,157.75868690884093,155.21115334886514,156.12300004293937,7869200,CVX
2025-03-26,157.89968872070312,158.8303403731788,157.2228537632623,157.33565480817634,10076100,CVX
2025-03-27,156.65879821777344,158.13467862349364,155.90677223022243,157.22283205241297,6862700,CVX
2025-03-28,156.1323699951172,157.11002670240907,155.38973933244188,156.7057991184396,4923000,CVX
2025-03-31,157.26043701171875,158.79271802367322,156.1699935270169,156.22639404505597,10675300,CVX
2025-04-01,158.4073028564453,158.49191798148618,156.19820117947995,157.2604444554422,6378600,CVX
2025-04-02,156.48960876464844,157.90907442139607,155.90678427607267,157.36384549751207,7044900,CVX
2025-04-03,146.76011657714844,151.6765721629761,146.45930902978097,150.52030415509415,15501000,CVX
2025-04-04,134.68992614746094,143.3195646264853,134.19170241037324,142.66152028484208,20374700,CVX
2025-04-07,131.74757385253906,137.42546544367116,129.05903901101132,130.41270890939984,17817000,CVX
2025-04-08,128.72061157226562,135.8273779886769,126.78411730685359,135.50775115009301,12904400,CVX
2025-04-09,137.27505493164062,138.62872483438778,125.85349022917312,126.92514317818494,16846800,CVX
2025-04-10,126.88752746582031,135.01894181617226,125.44925684590878,134.63351914182277,20991200,CVX
2025-04-11,127.49858093261719,128.8992418015039,124.12380125533427,126.91574203079152,17224400,CVX
2025-04-14,127.20713806152344,130.2340755182439,126.06027983422983,130.17767500607795,9628200,CVX
2025-04-15,126.47390747070312,128.43861645302778,126.20130017274165,126.26711034285726,9334800,CVX
2025-04-16,127.24476623535156,129.30347152092375,126.71834219490884,127.28236180510633,8637200,CVX
2025-04-17,129.60426330566406,131.83218424338614,128.26939841047698,128.49501483342965,8434400,CVX
2025-04-21,125.71246337890625,128.11898106092644,124.39640350404423,127.86517873475958,9967500,CVX
2025-04-22,129.06845092773438,129.95209736825817,126.84993952062422,127.15074709000648,7984700,CVX
2025-04-23,128.485595703125,130.24349305462923,127.04732517987931,128.9838337267107,10002000,CVX
2025-04-24,130.73233032226562,131.04253317906685,128.99323780565155,129.6512677721621,7745800,CVX
2025-04-25,130.4127197265625,130.71354165959093,129.02145414625406,130.0367066542562,6878500,CVX
2025-04-28,131.7005615234375,132.03897894289892,130.36568245380164,130.6383040565772,6715500,CVX
2025-04-29,130.94854736328125,131.61597268737316,130.26231708324943,130.37511813093175,7343800,CVX
2025-04-30,127.90276336669922,129.86745770624876,126.09787525944084,129.72645642598465,13858000,CVX
2025-05-01,128.09078979492188,129.67947140509332,127.01913686616389,127.30115381456922,10199800,CVX
2025-05-02,130.19650268554688,131.39976163505028,127.17894566213435,129.613678166125,12393200,CVX
2025-05-05,127.37635803222656,128.78642841634715,127.0755361318382,128.57022164042908,9665000,CVX
2025-05-06,127.4703598022461,129.07783189831056,126.94392151233066,128.175394946409,9916200,CVX
2025-05-07,127.64894104003906,128.12837405956157,126.54908807097713,127.91216732478229,8422100,CVX
2025-05-08,128.8240203857422,130.563112881868,128.28820111360236,128.4950125783517,8669300,CVX
2025-05-09,130.18710327148438,131.01433480817624,129.44445817116213,130.5725116077257,5965700,CVX
2025-05-12,133.12942504882812,135.0941337891519,132.1423873704936,133.90966562478883,8028200,CVX
2025-05-13,133.81568908691406,134.64292064911294,132.47141448937643,133.04484370270765,8536800,CVX
2025-05-14,133.1764373779297,133.70286132624454,132.292791031554,133.2610381530567,6453600,CVX
2025-05-15,133.7310791015625,133.9190999739975,131.14594988934658,131.60657807644645,7545400,CVX
2025-05-16,133.58067321777344,134.4267097091209,132.2645989219269,134.14469276401252,8200100,CVX
2025-05-19,131.7728271484375,132.7528679147301,130.469266362067,132.70529016012816,7713600,CVX
2025-05-20,130.61199951171875,132.0202110308136,130.38363500104435,131.58251601502738,6503900,CVX
2025-05-21,128.98492431640625,130.47878149800607,128.91832707957542,129.99350876117722,9073200,CVX
2025-05-22,128.72801208496094,129.39407154477448,127.28174721814898,128.44257462354463,8877600,CVX
2025-05-23,129.91738891601562,130.1552631567221,127.55768051344116,127.87167625341667,7025900,CVX
2025-05-27,131.14483642578125,131.27804542825706,129.7937123953288,130.71666566915846,8348900,CVX
2025-05-28,129.42262268066406,132.05825884950238,129.08008318871543,132.04874910647578,6876300,CVX
2025-05-29,131.220947265625,131.24949101250064,129.49874011690315,129.87933308770567,7554300,CVX
2025-05-30,130.06964111328125,130.78326388586916,128.65191983036982,130.24091812842244,12858900,CVX
2025-06-02,131.1543426513672,131.96312090672177,129.81272840040148,131.77282441095952,9076600,CVX
2025-06-03,132.78140258789062,133.77095302998904,129.97448948254075,130.97354966743265,9001300,CVX
2025-06-04,130.70712280273438,133.80901194825088,130.66906931545438,132.65769432603906,8735600,CVX
2025-06-05,130.2599334716797,131.58251372072039,130.06963697544853,131.44930472148937,6342600,CVX
2025-06-06,133.40939331054688,133.7899862818232,131.39220991044706,131.39220991044706,6563500,CVX
2025-06-09,133.93270874023438,135.24577920942122,132.91461452848304,133.73290250630083,7159500,CVX
2025-06-10,136.3970947265625,137.90997140518328,135.0269367841545,135.32189851812177,9841500,CVX
2025-06-11,137.75772094726562,138.08122641095628,135.69297440261795,137.19634125697468,9256700,CVX
2025-06-12,137.93853759765625,138.15737786835575,136.47322391354433,137.49133279316567,6999400,CVX
2025-06-13,138.83291625976562,140.44094834487126,137.52935563315208,139.94616589129478,14148000,CVX
2025-06-16,138.94711303710938,139.74636707454894,136.7681911810364,138.6616610183973,10105100,CVX
2025-06-17,141.63034057617188,142.70552236142944,139.39431671893712,140.1840610064138,11330300,CVX
2025-06-18,141.00233459472656,142.88629448048863,140.5360958649736,142.19170577591066,9841900,CVX
2025-06-20,142.29635620117188,142.6293713860069,140.72637769429934,141.31631561143766,23705900,CVX
2025-06-23,139.73684692382812,144.77025955477097,139.2230449433662,144.74171580689486,10540600,CVX
2025-06-24,136.58740234375,139.28965043996482,136.21631908066905,137.5293751168903,10778400,CVX
2025-06-25,136.28292846679688,137.20588183492558,135.59784937872828,136.45420549816095,7386100,CVX
2025-06-26,137.43423461914062,138.04319214327754,136.44466956823524,136.73012158363844,7415700,CVX
2025-06-27,136.81573486328125,137.65305679350544,135.65492198550322,137.53888180981696,9213500,CVX
2025-06-30,136.24485778808594,137.11072354279506,135.4931670274248,136.10212452683396,6980300,CVX
2025-07-01,138.50942993164062,139.17547495037152,135.59783681771563,136.387581096601,8508200,CVX
2025-07-02,140.80252075195312,140.83106450020583,138.4142685297625,139.87956750860434,8228700,CVX
2025-07-03,141.17359924316406,141.75401296924014,140.2125925407426,140.66930701609533,5173300,CVX
2025-07-07,140.2506561279297,140.98331290476645,138.51893908658843,140.2506561279297,9460900,CVX
2025-07-08,145.80740356445312,145.80740356445312,140.1174411267899,140.17454314173057,14082100,CVX
2025-07-09,145.5980682373047,146.49247769872,145.08425175072122,145.52194673860006,9495900,CVX
2025-07-10,146.69229125976562,147.7484535141997,144.32305849476703,145.3792207492011,8395100,CVX
2025-07-11,147.77699279785156,148.32886278534656,146.1213973540582,146.80646181855403,8333200,CVX
2025-07-14,144.2945098876953,147.38687504436732,143.8092516590696,147.38687504436732,10706300,CVX
2025-07-15,143.38107299804688,144.92249336031847,142.96241203083957,144.24693867852642,7346300,CVX
2025-07-16,142.64842224121094,144.13275517311752,141.98237727416202,143.44767620166965,7923400,CVX
2025-07-17,144.03762817382812,144.47530868666053,141.39246753450828,141.9253035598831,8359600,CVX
2025-07-18,142.76260375976562,148.34790103296075,139.42285451022545,147.5010692821188,45782600,CVX
2025-07-21,142.42007446289062,144.31355885884386,141.89676268936617,143.86635407446644,17982200,CVX
2025-07-22,142.76260375976562,143.61895977258837,141.27827075996998,142.0204372598678,26196500,CVX
2025-07-23,145.69320678710938,145.71224079114032,143.17174570392692,143.59040668046086,13162800,CVX
2025-07-24,148.27178955078125,148.4335423097731,144.817850554899,145.28408934401173,15701000,CVX
2025-07-25,147.3297882080078,148.6238246754888,146.4924807422436,148.27177544052063,7875500,CVX
2025-07-28,148.69993591308594,148.95684414398437,147.43444328071513,147.86261398641878,8755400,CVX
2025-07-29,149.41357421875,149.58485123015524,147.91020720171366,149.08054445799615,6446000,CVX
2025-07-30,146.1118621826172,148.72847866731647,145.29357426483634,148.56672593595974,9191700,CVX
2025-07-31,144.28500366210938,146.46392539124275,143.80925516486968,144.62754316086964,10237100,CVX
2025-08-01,144.056640625,147.14900588857694,143.05758038556726,145.1413466290147,10706500,CVX
2025-08-04,143.71409606933594,144.7036610493521,142.5532831222537,143.91391682141145,10116600,CVX
2025-08-05,145.61708068847656,145.67418269876507,142.62938097243355,143.70457712649528,8604100,CVX
2025-08-06,145.3697052001953,147.63427262363976,144.8368692226064,146.98724713750215,7840900,CVX
2025-08-07,145.7312774658203,147.6247471189013,145.41728172766562,146.33071067621438,6510400,CVX
2025-08-08,147.49154663085938,148.1956596465997,146.05479136920098,146.52103013189702,6332800,CVX
2025-08-11,146.00721740722656,148.366925993483,145.56953690072444,147.80554622620338,6169700,CVX
2025-08-12,146.94920349121094,148.48111428874725,145.92158495758167,146.6161737235625,6641600,CVX
2025-08-13,148.30982971191406,148.44303870844303,146.72083149664323,147.07289525215606,6581900,CVX
2025-08-14,147.63426208496094,148.14806402133277,146.62567769670815,148.14806402133277,7337300,CVX
2025-08-15,148.9568634033203,150.8503332068165,147.75796784991044,147.93875460915115,11617000,CVX
2025-08-18,147.78651428222656,148.89976397931213,147.2441540479408,148.5572244941557,8174300,CVX
2025-08-19,146.23753356933594,148.10398864926844,146.09322608596537,147.6421900221689,8567500,CVX
2025-08-20,147.41128540039062,147.67105355435203,146.17018230504144,146.64161122440635,8076300,CVX
2025-08-21,149.65298461914062,149.76843063054866,146.93988590851734,147.02648509739018,7533600,CVX
2025-08-22,152.18325805664062,152.77013303829594,149.43169712006153,149.43169712006153,9084300,CVX
2025-08-25,152.20249938964844,152.31796006934934,151.21154874741447,151.9138697108691,7030000,CVX
2025-08-26,151.39434814453125,153.93426289508758,150.6150582874753,151.53865564386928,10270000,CVX
2025-08-27,153.2030792236328,153.92464607526583,151.25003945297138,151.43282405725364,7483000,CVX
2025-08-28,153.28004455566406,153.47245944223368,151.86577238488942,152.9817845991191,6502000,CVX
2025-08-29,154.5115203857422,154.99256495147574,153.40510907636596,153.64563135923274,6934800,CVX
2025-09-02,155.69488525390625,155.723746753304,153.33776982776166,154.39605905974747,8947300,CVX
2025-09-03,152.06781005859375,155.71413619064356,151.06724379299433,153.93426537511755,9556100,CVX
2025-09-04,151.7118377685547,153.5975242487173,151.52903848438976,152.0678060501505,7243000,CVX
2025-09-05,147.83462524414062,150.77861575267553,147.67107184703485,150.14363337780685,11011700,CVX
2025-09-08,148.16171264648438,149.15266318651302,147.08417761584673,148.07512815587538,9462000,CVX
2025-09-09,148.97950744628906,151.03837759442493,148.7389851641222,149.0372304451587,7769200,CVX
2025-09-10,151.8080291748047,151.93310545265888,149.12380710623083,149.17191449619892,7440800,CVX
2025-09-11,152.2506103515625,152.8952083304336,150.09552533718602,150.56695431291962,6417400,CVX
2025-09-12,151.15382385253906,153.72260006886842,151.14420824614925,152.82786422421762,5546300,CVX
2025-09-15,151.3462371826172,152.3179565896314,150.56694734393668,151.41359046759698,5030500,CVX
2025-09-16,153.49168395996094,154.03046617129704,152.12551924049419,152.25059551745076,8011000,CVX
2025-09-17,154.02084350585938,154.57885695640277,152.59695572051945,153.16458477733752,5736800,CVX
2025-09-18,152.8182373046875,154.21326363833322,152.09667044104503,153.96312574385072,6244200,CVX
2025-09-19,150.28794860839844,152.97217080660977,149.65296626290672,152.97217080660977,16734000,CVX
2025-09-22,150.13401794433594,151.1634457226759,149.2681288829748,149.72031196738973,5244000,CVX
2025-09-23,151.45205688476562,153.77069502459435,151.03836563873622,151.16342723294932,7181400,CVX
2025-09-24,153.14532470703125,154.4056736674505,152.25058895592608,152.3179422345582,6285200,CVX
2025-09-25,154.626953125,154.9059524898634,153.30889582561053,153.39548031674258,6311000,CVX
2025-09-26,154.0881805419922,155.18496143455823,153.4628138725269,154.48264056238074,7015200,CVX
2025-09-29,150.18211364746094,153.09724243177547,149.66257731502623,153.09724243177547,8315100,CVX
2025-09-30,149.40281677246094,149.8261383448415,148.09437494888252,149.01798698683243,7755700,CVX
2025-10-01,148.71974182128906,149.21040200040986,147.38243849672193,148.9602641075804,6768400,CVX
2025-10-02,147.55560302734375,150.66316144193732,147.5075103157943,148.12324676283893,7562400,CVX
2025-10-03,147.72879028320312,148.4311112444401,146.45882557271025,147.7576517829584,7249300,CVX
2025-10-06,148.18096923828125,148.7870753966262,147.12266534225859,148.13286184658662,4778900,CVX
2025-10-07,149.03721618652344,149.08532357441732,145.54482828588206,147.82497460497788,5479600,CVX
2025-10-08,147.9115753173828,148.81592668977325,147.0456863672066,148.5080658286074,5678000,CVX
2025-10-09,145.8911895751953,149.0949480187166,145.81422068606486,148.28679670331874,6178600,CVX
2025-10-10,143.2550506591797,145.61218052634322,143.24543505379498,144.9868138488109,7796600,CVX
2025-10-13,146.17984008789062,146.21831719778626,143.7649867229935,144.31338463114383,5978800,CVX
2025-10-14,146.61276245117188,147.64220487045804,143.98626322748603,144.13057072536952,6419400,CVX
2025-10-15,146.3433837890625,148.36377691201963,145.31394133375431,147.10342777170285,5824900,CVX
2025-10-16,145.95855712890625,146.93987753055697,144.53465456124763,146.37224843307578,5276800,CVX
2025-10-17,147.276611328125,148.3445308898529,146.4299681641416,146.4876911652649,7735500,CVX
2025-10-20,148.62351989746094,148.85442656612554,147.37280113274488,147.61332340748586,5676500,CVX
2025-10-21,147.9596710205078,149.40280461970002,147.40167228082993,148.87366737758083,6304900,CVX
2025-10-22,149.67222595214844,150.06667137254126,147.78652463483553,148.7870909572783,6036700,CVX
2025-10-23,150.62466430664062,152.57770396838467,150.20134276177336,152.2024898136731,9810900,CVX
2025-10-24,149.66258239746094,151.65411393890074,149.5375061131246,151.45206876268935,4979900,CVX
2025-10-27,149.39320373535156,150.56695368611585,148.998743656093,149.89349420952541,4884400,CVX
2025-10-28,148.28680419921875,150.3071825898435,148.0558975201551,149.02760226895685,5066500,CVX
2025-10-29,149.22003173828125,150.23021359273608,148.02703591775182,148.02703591775182,7344400,CVX
2025-10-30,147.69992065429688,149.34508477106124,147.4305368845306,149.34508477106124,8971200,CVX
2025-10-31,151.74069213867188,153.145333986221,149.2296390316984,149.82612956857702,11136100,CVX
2025-11-03,148.20021057128906,151.74070638132383,147.74804216336247,151.4424610848907,8512200,CVX
2025-11-04,147.57485961914062,147.93082792017708,146.38186374386325,147.6133367272327,6976800,CVX
2025-11-05,146.87254333496094,148.54656917650544,146.87254333496094,147.7095562557332,5894700,CVX
2025-11-06,147.1419219970703,148.9217781774332,146.8917694140878,147.11306049600555,6466300,CVX
2025-11-07,149.14306640625,150.24946307340983,147.61333347750156,147.61333347750156,9835900,CVX
2025-11-10,149.74916076660156,150.06665192747334,146.59350973045798,149.52788438671436,8436800,CVX
2025-11-11,150.3168182373047,152.00047429635924,149.9896967602198,150.80747843245834,6361400,CVX
2025-11-12,147.5075225830078,149.8838693913294,146.31452669500763,149.68183888113856,11670900,CVX
2025-11-13,149.68182373046875,150.2783142739345,148.09436790949832,148.1617211929552,7998700,CVX
2025-11-14,151.64447021484375,151.96196136057694,148.94100235366827,150.30716703268416,8484800,CVX
2025-11-17,148.95065307617188,151.90425920878755,148.58505449207854,151.74070581072363,8745000,CVX
2025-11-18,149.44679260253906,150.0888667695961,147.63732030536994,148.3572229936708,10813400,CVX
2025-11-19,147.57894897460938,147.8318953734624,146.16834231710902,147.05362502455012,7539900,CVX
2025-11-20,146.2266845703125,148.8825173865797,145.97375305971028,148.3961003586195,7623400,CVX
2025-11-21,145.90567016601562,146.90768821138548,144.70908824815808,146.35318043258204,9248400,CVX
2025-11-24,145.68191528320312,146.0418591717995,143.7265239679138,145.75002079957068,14181100,CVX
2025-11-25,144.49505615234375,145.8278341972732,144.2421246154602,144.85500004026866,11447900,CVX
2025-11-26,145.4484405517578,146.37264494674568,144.1740300840659,144.2323977628499,7578900,CVX
2025-11-28,147.02442932128906,147.40383404468054,145.20521937309888,145.3997980778297,3848600,CVX
2025-12-01,148.3961181640625,149.76781791011962,147.38437715598926,147.62758569915096,8209000,CVX
2025-12-02,146.1683349609375,148.3183050216261,145.20522378264818,147.89025560905304,9196300,CVX
2025-12-03,147.471923828125,148.35720645879925,146.87849440851897,146.93686208187842,8060200,CVX
2025-12-04,148.12371826171875,148.78525318454777,147.1119773050205,147.6275782028,7254700,CVX
2025-12-05,145.9251251220703,148.48368373271077,145.7597450949112,147.87079345703125,12659800,CVX
2025-12-08,144.67018127441406,145.99323638805848,143.64870238948086,145.19550521406066,10237200,CVX
2025-12-09,144.45614624023438,146.02240979341687,144.1934768670428,145.00093098146814,8916700,CVX
2025-12-10,147.29681396484375,147.67621866832454,144.66042703451396,145.12738324396642,10976300,CVX
2025-12-11,146.62554931640625,147.8124080458614,146.02239695510823,146.7325616557594,8414200,CVX
2025-12-12,145.91542053222656,147.43303964986723,145.56519959398076,147.0438970272201,5848100,CVX
2025-12-15,145.73056030273438,146.02241351992083,144.39776740791288,145.76946713769934,7503000,CVX
2025-12-16,142.76341247558594,144.77718630492103,142.51048093881724,144.50477908435397,11290500,CVX
2025-12-17,145.45816040039062,145.79864343260172,143.34711216130802,143.49303134021702,8805300,CVX
2025-12-18,143.67788696289062,145.21496679721116,143.0844575005534,144.80637821000272,6998800,CVX
2025-12-19,143.7362518310547,144.9620175687218,143.1914670587582,143.94055354280172,21701400,CVX
2025-12-22,145.73056030273438,146.40181824898184,144.6604367878078,144.76744913930045,8143600,CVX
2025-12-23,146.42124938964844,146.9757719304726,145.77919019010173,145.96401619277336,4663700,CVX
2025-12-24,146.4115447998047,146.88823889425348,146.02241706362682,146.29480944780565,2227600,CVX
2025-12-26,145.94459533691406,147.03416492431646,145.58463657771898,146.29481625347518,3706900,CVX
2025-12-29,146.8882293701172,147.52056561147387,146.01266975408024,146.89795236739613,5589100,CVX
2025-12-30,148.17237854003906,148.522599455059,147.35520135308326,147.38438519231224,5150500,CVX
2025-12-31,148.2696533203125,148.4058495047457,147.54975072015372,148.2501924813161,4953100,CVX
2026-01-02,151.6648406982422,151.6648406982422,147.14116775938132,148.0361734117126,6862100,CVX
2026-01-05,159.39889526367188,161.2472743715493,154.9822195261624,161.2472743715493,35094900,CVX
2026-01-06,152.28746032714844,160.56628893420873,151.86914874312845,160.40090890022836,20564900,CVX
2026-01-07,150.98387145996094,153.71753330617227,150.69201821837032,153.16302550699535,13537900,CVX
2026-01-08,154.92384338378906,156.08151843470742,150.99359982251812,151.27571520363705,12929600,CVX
2026-01-09,157.70616149902344,158.2801301462191,155.59511294929922,156.1982654365711,12549600,CVX
2026-01-12,157.92990112304688,159.1167600395311,156.34419146454832,158.28012203027617,9796800,CVX
2026-01-13,159.4183349609375,161.616949744405,158.86382718819505,159.02920722021548,12068600,CVX
2026-01-14,162.69677734375,164.7689038459128,159.64207891767262,159.64207891767262,16414900,CVX
2026-01-15,161.64613342285156,162.7843476498229,160.61493155111367,161.26672868052776,8097400,CVX
2026-01-16,161.743408203125,162.7454262382073,161.30563578345428,162.064445269356,9745800,CVX
2026-01-20,160.8094940185547,163.0956454505688,160.66355998399743,162.18119378432615,11142500,CVX
2026-01-21,162.2006378173828,163.9030976233812,161.5488407015417,162.46330720099002,10918500,CVX
2026-01-22,162.13253784179688,163.00808261122444,161.22779439206914,161.74339528761857,8957400,CVX
2026-01-23,162.19091796875,163.86419396953357,161.91852558204306,163.38749987066055,8368700,CVX
2026-01-26,162.94973754882812,163.83502028261438,162.2395726997878,163.75719176097982,8912600,CVX
2026-01-27,164.45762634277344,164.7494795749356,162.1228153297482,163.21239974020213,9784900,CVX
2026-01-28,165.31370544433594,165.79039953751808,163.6307064656447,165.34290412652973,9200200,CVX
2026-01-29,166.53948974609375,170.1681571703616,166.3935557089409,167.95981937104128,16786600,CVX
2026-01-30,172.0943603515625,172.4835029297801,166.61731401712788,167.93063125239942,22946600,CVX
2026-02-02,169.30230712890625,171.48146072675834,167.9597914008816,168.72833860679435,14235300,CVX
2026-02-03,173.20338439941406,173.96220868817042,169.0299324547445,169.1564056435824,18425400,CVX
2026-02-04,176.30673217773438,177.62978724049168,174.02058078862206,174.02058078862206,16170500,CVX
2026-02-05,174.36105346679688,175.5576501105748,172.590503104725,174.75991901472284,10474100,CVX
2026-02-06,175.94679260253906,177.15311234485614,174.63346050530458,175.4020078299674,9901800,CVX
2026-02-09,177.6395263671875,177.85355107331895,175.0615068957937,176.09270874664264,12021300,CVX
2026-02-10,177.30874633789062,177.98000427459178,175.94678446941796,177.76597957465023,7458200,CVX
2026-02-11,180.7720489501953,181.45302988661211,178.56371127242053,178.94311599730068,10502100,CVX
2026-02-12,177.4449462890625,180.75259136651906,177.14337007209383,180.75259136651906,9673700,CVX
2026-02-13,178.74856567382812,179.81867441373743,176.78343638481854,177.58115272953114,9034700,CVX
2026-02-17,177.36343383789062,180.55607382808714,175.58538134936003,180.06489844497997,9849000,CVX
2026-02-18,180.62484741210938,180.6739679528922,178.76820489060034,179.99614346274876,10313400,CVX
2026-02-19,181.51876831054688,184.58369781887117,181.4794808763685,182.0197617911052,10773300,CVX
2026-02-20,180.68377685546875,181.62684022618225,179.1022064450623,181.33213198599154,9566200,CVX
2026-02-23,181.646484375,183.3361288975989,180.80166211370053,181.41071479411997,7047200,CVX
2026-02-24,182.0688934326172,182.67796112065682,180.60520033583146,182.01977289478572,7451800,CVX
2026-02-25,180.96865844726562,182.6975903909533,179.2888320500569,182.56006188394954,9440700,CVX
2026-02-26,180.90972900390625,182.97265671391656,178.55207806312956,179.67195738841625,7133800,CVX
2026-02-27,183.46383666992188,184.23990222419712,180.52661726459598,182.7172554310416,12035500,CVX
2026-03-02,186.2537078857422,188.06122966525737,183.91570830799967,186.97081973499323,15809100,CVX
2026-03-03,185.43836975097656,188.1791219620635,184.11219013915394,187.15748369768082,14004200,CVX
2026-03-04,182.74671936035156,185.13383961502186,180.89989504723084,184.14165570704438,11054400,CVX
2026-03-05,186.5484161376953,186.61718789056943,183.1986112080855,183.3066703986848,13567200,CVX
2026-03-06,186.58770751953125,189.01411511886573,184.79982192444976,187.5111196409924,13073100,CVX
2026-03-09,186.09652709960938,188.26751384691508,184.78999881305094,187.62899185993876,15987500,CVX
2026-03-10,183.0021209716797,185.8411141381038,182.36359895781828,185.30083319844417,11999600,CVX
2026-03-11,188.40505981445312,188.47383156776982,183.19861238702967,183.29683847671672,11371700,CVX
2026-03-12,193.49363708496094,195.36993069889576,188.38541595427884,189.18111769906702,27151800,CVX
2026-03-13,193.34629821777344,194.1419999944813,191.2538861460719,192.54076333946207,13017000,CVX
2026-03-16,193.3659210205078,194.34827178568756,192.12816445259523,193.13016643013384,12683900,CVX
2026-03-17,194.4759979248047,197.03993422905617,192.9926535455191,194.00447371640337,14018600,CVX
2026-03-18,195.1046905517578,197.1872694251227,195.00644947719087,195.7039251318559,13305000,CVX
2026-03-19,197.88475036621094,198.86710118018976,195.4878119817852,196.26386252945557,16918400,CVX
2026-03-20,198.16961669921875,201.46049777557772,197.45250483394182,197.8454391462758,35849500,CVX
2026-03-23,201.5882110595703,201.7355576814351,193.88656951796344,195.1243410995613,15735700,CVX
2026-03-24,203.14031982421875,206.08737228932236,202.17762021600709,202.41338980942962,16695500,CVX
2026-03-25,201.5292510986328,203.58237556559646,201.00860639840053,202.3642552349586,8865000,CVX
2026-03-26,204.12266540527344,205.51761672702105,201.53909300337904,202.39373339968216,11085600,CVX
2026-03-27,207.42335510253906,208.71024717766784,202.60984241785945,204.4763028491884,13907800,CVX
2026-03-30,206.99114990234375,210.92055322078087,206.57854936316187,209.49613252626014,10409000,CVX
2026-03-31,203.2483673095703,209.33895404496178,198.3955671209947,207.17777037008966,17403900,CVX
2026-04-01,193.92587280273438,201.16579331911703,191.4699958308832,198.4250412139038,23051900,CVX
2026-04-02,195.45834350585938,201.85344193643624,194.54474945035759,198.93585880708252,11528000,CVX
2026-04-06,195.35028076171875,196.2442235875341,192.88458564899707,194.99663387400517,8245700,CVX
2026-04-07,197.98297119140625,201.0086134167756,195.7235763708982,196.44068824898596,11672600,CVX
2026-04-08,189.4856414794922,189.7606984989148,185.27136322588763,188.0317665211894,17195400,CVX
2026-04-09,187.0002899169922,193.1989207693204,185.9295311938336,190.88057239295452,11634000,CVX
2026-04-10,185.2222442626953,187.58971326164664,183.17895282285,186.36177477540426,11151400,CVX
2026-04-13,188.39523315429688,189.2105861080738,186.37159292685493,188.0710555951217,12000200,CVX
2026-04-14,183.71925354003906,185.83130179559518,181.34196636749053,185.27136962581548,12111000,CVX
2026-04-15,181.646484375,183.9353634665379,180.79182901273688,183.0708899927943,8661600,CVX
2026-04-16,184.8292999267578,184.90788979073002,182.06889653372593,182.34395356288672,8013200,CVX
2026-04-17,180.7427215576172,181.04724789461181,174.60302931342582,178.6797789677757,15720600,CVX
2026-04-20,180.01577758789062,182.9824810936249,179.60319206555403,181.24371604346968,9661100,CVX
2026-04-21,182.69760131835938,183.0807175386048,179.1218449329075,180.7230815662459,9799000,CVX
2026-04-22,183.03160095214844,186.07687931702083,182.8351188083967,183.964831177037,8708300,CVX
2026-04-23,184.2890167236328,185.094536587933,182.2260740405874,183.81747754554698,6684700,CVX
2026-04-24,181.94119262695312,183.12982866401913,179.9666579868534,181.9608288499166,9626700,CVX
2026-04-27,181.51876831054688,185.04540386525113,180.42835839093416,182.90388644968678,10836600,CVX
2026-04-28,185.0355987548828,186.60736604314013,183.25754619110052,184.95700889152155,10754900,CVX
2026-04-29,188.8274688720703,189.2204031898196,186.15547354082176,186.7743593312861,8644600,CVX
2026-04-30,189.8982391357422,190.7037740222674,185.1731339773951,186.89224795331256,11748600,CVX
2026-05-01,187.2655487060547,190.66447427788046,186.40107515507725,187.9237219816454,10435900,CVX
2026-05-04,188.8863983154297,190.2911676624147,184.65246904166517,187.48164395792733,8229500,CVX
2026-05-05,189.24005126953125,190.25187136099336,187.08870069018533,187.8451149782872,5642800,CVX
2026-05-06,181.89207458496094,183.4834780568493,179.907721806167,182.31447822671564,11082900,CVX
2026-05-07,179.2790069580078,180.20241903599913,176.36142411136822,178.37524609153274,12194000,CVX
2026-05-08,178.41455078125,179.50496078888713,177.5500922541974,178.82713632610137,13053000,CVX
2026-05-11,181.4794921875,181.9313651613874,179.77019639929262,179.77019639929262,12042100,CVX
2026-05-12,182.66812133789062,183.5915334532052,181.40089544929887,183.20841725530693,8995100,CVX
2026-05-13,182.71725463867188,182.7270727507715,180.71326553800785,182.53060558239017,7554700,CVX
2026-05-14,183.345947265625,184.25954127701567,181.9804802937693,182.90389241665417,6222400,CVX
2026-05-15,187.72723388671875,188.12016819001704,184.58369950240112,185.27135701739738,11210800,CVX
2026-05-18,192.65863037109375,192.73722023231093,185.69376693135175,187.7959970030907,9869700,CVX
2026-05-19,195.54345703125,197.14943647656602,191.79616157432926,193.24352165728013,11819200,CVX
2026-05-20,189.6746826171875,196.47533293898638,189.6152041361591,194.55211470959853,14564900,CVX
2026-05-21,189.35743713378906,192.48019341746198,187.36483245647818,192.11338425290108,9051200,CVX
2026-05-22,189.7738037109375,190.3388795203656,188.1579162178831,188.72297690053614,7209600,CVX
2026-05-26,183.11195373535156,188.84194578014933,182.30894889451795,188.3561796606487,14264600,CVX
2026-05-27,180.82192993164062,182.13051699236496,179.10690155063838,180.2767004497806,9442800,CVX
2026-05-28,181.4464874267578,183.6571900134226,180.51461755677323,182.12061217118776,8725400,CVX
2026-05-29,180.8814239501953,181.3870061556587,178.83923367258456,181.13916907178498,13886500,CVX
2026-06-01,184.22225952148438,186.3140050749503,182.42792148840587,182.7848074875158,8850500,CVX
2026-06-02,185.92738342285156,186.81959087444886,183.28048518121938,183.28048518121938,6549800,CVX
2026-06-03,188.06869506835938,189.82337069065628,186.33383552103973,187.25578219104912,7983700,CVX
2026-06-04,186.720458984375,188.45531851521605,186.04633427218252,187.36482933083468,5163200,CVX
2026-06-05,185.689453125,187.9695573075498,184.97568111782311,187.42431270112647,6310900,CVX
2026-06-08,187.60276794433594,189.37727484209876,186.86916471678475,187.0674313622167,6113000,CVX
2026-06-09,185.1442108154297,187.7415537564023,183.86537811065833,186.86916237530232,8469900,CVX
2026-06-10,188.1579132080078,191.02290923322064,186.60148909264186,187.5531901308008,10041800,CVX
2026-06-11,184.2123565673828,190.58671915929676,183.9446882789702,190.1505234675948,9274100,CVX
2026-06-12,185.60023498535156,186.77001875032343,182.76497816514808,183.47875017070805,8703400,CVX
2026-06-15,178.8392333984375,180.09825001808318,176.22207440181367,177.35221089747452,10184900,CVX
2026-06-16,178.55174255371094,178.69053071035674,176.78714379345382,177.07462814408635,6663500,CVX
2026-06-17,176.04364013671875,178.5220109881872,175.56779716873388,177.4612610029066,8430000,CVX
2026-06-18,172.1278076171875,174.1204122250015,170.73991094170302,174.1204122250015,19146100,CVX
2026-06-22,173.54544067382812,173.93206592735817,171.364477317331,172.57392352104563,11108900,CVX
2026-06-23,174.4574737548828,174.87383823558957,173.18854911079316,174.2592071155141,6555300,CVX
2026-06-24,169.9666748046875,172.48470813242324,169.38178289752412,172.3855672448334,10634600,CVX
2026-06-25,170.74984741210938,171.27526083412147,167.80554156517903,168.74731948425116,7954200,CVX
2026-06-26,169.58004760742188,170.75975457308752,168.45981912291998,170.74984653515205,13102200,CVX
2026-06-29,167.012451171875,170.11537622601344,166.91331029006062,169.8873552231953,8813700,CVX
2026-06-30,164.32589721679688,168.98524656793634,163.77074456051866,168.231812140037,19428800,CVX
2026-07-01,164.25650024414062,166.021098986479,163.3543696717164,163.3543696717164,9175500,CVX
2026-07-02,167.7361297607422,168.08310771733343,165.9516997908543,166.8240911376383,9561800,CVX
2026-07-06,166.64566040039062,167.79561296737074,165.71379054947784,167.3990796858983,9974300,CVX
2026-07-07,172.5045166015625,173.09933164732058,168.52921526362996,168.6680034240702,9748900,CVX
2026-07-08,174.44757080078125,177.03499060589527,173.4363912457271,175.270391748575,9921800,CVX
2026-07-09,172.54417419433594,174.07084391660874,172.3954628736556,173.11915802206258,6582400,CVX
2026-07-10,174.87384033203125,174.89367153423836,172.0088442474984,173.45621947311395,5996600,CVX
2026-07-13,180.6236572265625,180.8021077864773,177.4711768935554,177.4711768935554,7685100,CVX
2026-07-14,180.18746948242188,181.77363288285085,179.06725614039013,181.1689097881995,6823300,CVX
2026-07-15,180.02886962890625,180.8219362216628,177.0349933228906,180.59393033258408,6665700,CVX
2026-07-16,182.26930236816406,183.2309114468484,180.3758234501959,180.99046969361547,6257600,CVX
2026-07-17,185.75885009765625,186.5221774006786,183.8951104450309,185.84806781461606,7058300,CVX
2026-07-20,188.06869506835938,188.703157383451,184.3213845295161,184.67827052717857,7767000,CVX
2026-07-21,189.41693115234375,189.60527462703973,187.68207158878008,188.85185534793104,6892400,CVX
2026-07-22,191.31039428710938,192.0241662866403,190.27939869155074,191.7267587657066,6142400,CVX
2026-07-23,192.73794555664062,195.9796589162297,192.34141226495422,194.60168530647266,8150000,CVX
2026-07-24,193.104736328125,195.16674268877938,192.12331115349815,192.77760468776617,6700400,CVX
2026-07-27,188.35618591308594,190.82464874253338,187.0376907964813,187.0376907964813,7369200,CVX
2026-07-28,185.95712280273438,190.30914139552678,185.11447066587763,189.8134672272052,7406800,CVX
2026-07-29,190.20008850097656,191.88537761271655,189.12943050455033,190.83455081810604,8101200,CVX
2026-07-30,190.6461944580078,191.44918418306943,187.67214947524624,188.26696452250857,6645000,CVX
2026-07-31,195.12709045410156,195.84086245030258,189.8828494022017,193.42197014392966,9958100,CVX
2026-08-03,191.5086669921875,194.16548843611125,190.15052459325534,193.68964546360823,9544100,CVX
2026-08-04,188.75271606445312,189.81346603887252,184.7278442631638,188.50487898184394,9455900,CVX
2026-08-05,184.7972412109375,189.72424349814156,184.65845305327434,189.53588489986126,8260600,CVX
2026-08-06,187.59283447265625,188.13807906271805,185.4019632018278,187.33508936043367,7182100,CVX
2026-08-07,184.94593811035156,186.12564501836846,184.2619053568443,184.59897527825967,7098800,CVX
2026-08-10,193.2237091064453,193.30301878907449,187.24587981009512,187.24587981009512,13667300,CVX
2026-08-11,194.9585723876953,195.7516541021881,192.56941920624195,192.56941920624195,6049800,CVX
2026-08-12,194.8990936279297,195.69216021451425,192.89656570522,193.53102805055298,7366200,CVX
2026-08-13,195.98956298828125,196.3861113987189,192.07374008670726,193.31292550662153,5908900,CVX
2026-08-14,198.26966857910156,199.88557121858932,196.64385790182394,197.14944011106155,7910500,CVX
2026-08-17,200.94630432128906,201.91782145332886,198.07140020275753,198.99334689273124,8357800,CVX
2026-08-18,203.9600067138672,204.43584966709753,201.94757085501675,203.2561427580939,7701600,CVX
2026-08-19,205.75999450683594,207.67999267578125,204.25999450683594,205.0500030517578,8689900,CVX
2026-08-20,205.77000427246094,208.97999572753906,205.52000427246094,208.89999389648438,8200600,CVX
2026-08-21,205.27000427246094,207.82000732421875,205.00999450683594,205.92999267578125,7359100,CVX
2026-08-24,203.08999633789062,205.3000030517578,201.75,203.6699981689453,5853900,CVX
2026-08-25,199.88999938964844,202.05999755859375,199.7899932861328,201.02999877929688,8176800,CVX
2026-08-26,200.2100067138672,202.38999938964844,198.1199951171875,198.72999572753906,6863100,CVX
2026-08-27,199.77000427246094,200.8800048828125,197.82000732421875,199.57000732421875,8112300,CVX
2026-08-28,201.86000061035156,202.24000549316406,199.55999755859375,199.97999572753906,5301000,CVX
2026-08-31,206.13999938964844,208.4199981689453,203.83999633789062,206.0800018310547,12067400,CVX
2026-09-01,211.0500030517578,211.0800018310547,207.8000030517578,209.0,8551500,CVX
2026-09-02,211.77999877929688,212.7899932861328,209.4600067138672,210.49000549316406,7595300,CVX
2026-09-03,211.32000732421875,213.1999969482422,211.1699981689453,212.3800048828125,6668200,CVX
2026-09-04,208.60000610351562,209.86000061035156,207.1199951171875,209.50999450683594,5458400,CVX
