Date,Close,High,Low,Open,Volume,Ticker
,SHEL,SHEL,SHEL,SHEL,SHEL,
2021-09-07,33.31736755371094,33.61655120571871,33.188553603085964,33.242571640708995,3110304,SHEL
2021-09-08,32.85197067260742,33.48358131418525,32.82703975815996,33.300746154213975,3965063,SHEL
2021-09-09,32.70237731933594,33.03480429099656,32.55278549911451,32.68575882398561,3886487,SHEL
2021-09-10,32.80210494995117,33.092976151506164,32.77717086820479,33.00987099970712,3928830,SHEL
2021-09-13,33.508514404296875,33.75368003656379,33.242574065394436,33.242574065394436,6071641,SHEL
2021-09-14,33.333980560302734,34.10271419573712,33.26334087477942,34.09024874185158,5310356,SHEL
2021-09-15,34.480857849121094,34.49747634464143,33.90742147565323,33.92404314143216,5699571,SHEL
2021-09-16,33.95729446411133,34.40607003497625,33.72875046869141,34.40607003497625,3981661,SHEL
2021-09-17,33.54175567626953,33.990531159412974,33.325677182789185,33.87417949432271,4509557,SHEL
2021-09-20,32.8187255859375,33.101287531561404,32.41981199307933,32.94338330972973,5523782,SHEL
2021-09-21,34.0486946105957,34.48084829026946,33.77859816451739,34.39773998441429,10815922,SHEL
2021-09-22,34.27309036254883,34.87145445451065,34.260621736037194,34.72186263895558,6229359,SHEL
2021-09-23,35.14570999145508,35.237127571653794,34.572273595757196,34.713556175225776,8434533,SHEL
2021-09-24,34.8880729675293,35.09583900700024,34.730171918824325,34.78003373933212,5378687,SHEL
2021-09-27,36.708106994628906,36.811990027559496,36.076499549324694,36.10143046274529,7267952,SHEL
2021-09-28,36.95743179321289,37.7386311226192,36.91587604047926,37.697078540144396,9512505,SHEL
2021-09-29,37.0405387878418,37.21148866313507,36.52943597466317,36.849394362808745,5864205,SHEL
2021-09-30,37.0405387878418,37.53502310341667,36.89925936639697,37.29816988432582,6267877,SHEL
2021-10-01,37.72200393676758,37.82921256391102,37.19012335028418,37.45606364352588,5399585,SHEL
2021-10-04,37.9630126953125,38.6320196261565,37.87159512658724,38.09598283975153,8077445,SHEL
2021-10-05,38.6694221496582,38.91874398415114,38.21233740351917,38.46996848637443,6626148,SHEL
2021-10-06,37.780189514160156,38.07106397672617,37.46438730258698,37.82589831298826,7143435,SHEL
2021-10-07,38.2538948059082,38.415952116592834,37.63890890132529,37.74694499494223,7115014,SHEL
2021-10-08,38.70265197753906,39.16804897988937,38.70265197753906,38.71927363872204,8666390,SHEL
2021-10-11,39.15974426269531,39.566967116091156,39.096085475327456,39.44230621784022,6026507,SHEL
2021-10-12,39.06833267211914,39.51710817019032,39.00184917440053,39.27609875416037,5994923,SHEL
2021-10-13,39.45061492919922,39.6376030887516,38.75252093914133,38.89380031831281,7010357,SHEL
2021-10-14,39.965885162353516,40.265068838919035,39.74980982386671,40.231825503687546,5560309,SHEL
2021-10-15,40.481143951416016,40.71384412647843,40.35648620038226,40.46452228389306,5178507,SHEL
2021-10-18,40.38972854614258,40.67229056877277,40.290001705878716,40.481146137325744,5068382,SHEL
2021-10-19,40.96315383911133,41.0171718690516,40.66397022965516,40.85511460897255,4475344,SHEL
2021-10-20,41.08781433105469,41.362067048285915,40.614107974253876,40.755390541685905,6833117,SHEL
2021-10-21,40.59749221801758,41.054580146596585,40.279277480667616,40.904988310017806,4566315,SHEL
2021-10-22,40.46451187133789,40.6057944237979,40.03235813772211,40.42295929835251,4391622,SHEL
2021-10-25,40.772010803222656,40.95484277149152,40.54346688006366,40.788632467657706,4869868,SHEL
2021-10-26,40.605796813964844,40.97977633336291,40.410496222153725,40.89666801224207,3395254,SHEL
2021-10-27,41.528282165527344,42.17651127507531,40.198577444847665,40.38972184457953,16960466,SHEL
2021-10-28,39.42568588256836,39.94161057115013,38.90328118573128,39.8910829921026,14544797,SHEL
2021-10-29,38.162471771240234,38.819013340060565,38.09183206542329,38.51982967982554,7518569,SHEL
2021-11-01,38.36192321777344,38.644485171645265,38.15000095980499,38.536445938331774,4981495,SHEL
2021-11-02,37.73032760620117,37.854985372563526,37.47685269326061,37.688771847154406,4611937,SHEL
2021-11-03,37.22336196899414,37.372953761294475,36.940800046899945,37.00728352666789,6074660,SHEL
2021-11-04,37.289852142333984,37.846666840347005,37.094551535648634,37.76355851289657,6636011,SHEL
2021-11-05,38.02949142456055,38.1873956308792,37.63473724927975,37.96300794578789,3898494,SHEL
2021-11-08,38.0544319152832,38.370234040617625,37.888218434957565,38.137537070316796,3702953,SHEL
2021-11-09,38.26218795776367,38.27049720298866,37.64304298487211,38.220635391123515,3490425,SHEL
2021-11-10,37.32999038696289,38.28738443704806,37.191419352435226,38.161410186812326,4319005,SHEL
2021-11-11,37.16202926635742,37.67431989990275,37.15363247726293,37.371984233963964,3845773,SHEL
2021-11-12,37.094844818115234,37.21242229954004,36.926883394825964,36.994067323409915,2812039,SHEL
2021-11-15,38.02705001831055,38.24960181417301,37.4223817738459,37.69532072127924,5912843,SHEL
2021-11-16,38.287391662597656,38.56453058029603,38.24120130903812,38.37977236971674,4814834,SHEL
2021-11-17,38.07743453979492,38.44695414389123,37.87587635341413,37.97665704843387,4750703,SHEL
2021-11-18,37.85068893432617,37.90107929002727,37.33420140394155,37.548353207438,4410293,SHEL
2021-11-19,36.28861999511719,36.842901045036946,36.14585213852311,36.6413460470619,4642181,SHEL
2021-11-22,36.221439361572266,36.59095902727653,35.8687132775125,35.88551006281622,5072671,SHEL
2021-11-23,37.019264221191406,37.136838499342865,36.44818640989108,36.49857355557953,4515299,SHEL
2021-11-24,37.15363311767578,37.194364433352064,36.616145700265236,36.616145700265236,3031828,SHEL
2021-11-26,35.33122253417969,35.39840966317039,34.81893188843081,35.07927720778183,7174453,SHEL
2021-11-29,35.650360107421875,36.523773687733694,35.608369747604,36.28862190616722,4648172,SHEL
2021-11-30,35.306026458740234,35.52437820515728,34.93230689029483,35.19684898370251,6551435,SHEL
2021-12-01,34.9281120300293,36.20883874189371,34.9029184565693,36.129054821058546,6006255,SHEL
2021-12-02,36.842899322509766,37.01086394874202,35.86031154508807,36.213034376882895,8238228,SHEL
2021-12-03,36.599361419677734,37.304807226698266,36.37680640256643,37.162039347751566,5333061,SHEL
2021-12-06,37.36359405517578,37.6491329897841,37.31320370071815,37.632336204964886,4270646,SHEL
2021-12-07,37.32159423828125,37.88007522622801,37.20401996790479,37.50635563667773,5092649,SHEL
2021-12-08,37.45596694946289,37.89267368995758,37.413976594420056,37.70371549043546,5591581,SHEL
2021-12-09,36.97726821899414,37.10324248221149,36.700129325038,37.061252129025235,3996704,SHEL
2021-12-10,37.07805633544922,37.24601778182641,36.725330250006806,37.187230634862544,4575450,SHEL
2021-12-13,35.9694938659668,36.40200067416181,35.86031636369666,36.297023169118006,4141180,SHEL
2021-12-14,35.8435173034668,36.401998363731344,35.76793337648619,35.85191409372731,4931628,SHEL
2021-12-15,35.9694938659668,36.08286816180406,35.30183526798539,35.759538855879185,4013304,SHEL
2021-12-16,35.99468231201172,36.55736012109676,35.965288742935016,36.20463729217636,4744518,SHEL
2021-12-17,35.36481475830078,35.90229895522047,35.35221797300712,35.84351182141104,5935715,SHEL
2021-12-20,35.21364974975586,35.23044653271314,34.62577516088616,35.01209155792727,4125955,SHEL
2021-12-21,36.15424346923828,36.259220949232386,35.59996250301574,35.59996250301574,4630759,SHEL
2021-12-22,36.5489616394043,36.64134233898522,35.91069673520443,36.11225491644086,3264642,SHEL
2021-12-23,36.81770324707031,37.31319709876057,36.76731290152843,36.95207429819012,3037950,SHEL
2021-12-27,37.22922134399414,37.23761813420513,36.376801371094935,36.66654029008833,2860791,SHEL
2021-12-28,36.968875885009766,37.3299987325166,36.82610482258059,37.111643743779965,3656423,SHEL
2021-12-29,36.6833381652832,37.128441743861494,36.6833381652832,36.92688673621283,3319381,SHEL
2021-12-30,36.44819259643555,37.01087050985489,36.43979260162249,36.884896216933875,3539821,SHEL
2021-12-31,36.44819259643555,36.784118704792675,36.32221830351453,36.70013797861823,2348383,SHEL
2022-01-03,37.48955535888672,37.56513926903198,36.9184776386021,36.98566476035713,7286049,SHEL
2022-01-04,38.60653305053711,38.858478453042295,38.48475874520002,38.589736263215485,6062476,SHEL
2022-01-05,38.62332534790039,39.42535182640001,38.60652856253139,39.2363935974024,5352739,SHEL
2022-01-06,39.25318908691406,39.521931236627694,38.91305980082405,39.471540882184215,5412441,SHEL
2022-01-07,39.69829177856445,39.740282137826426,39.04323320383229,39.32037213788857,4616054,SHEL
2022-01-10,39.47993850708008,40.01742602152504,39.223796343308685,39.82426459390591,4283586,SHEL
2022-01-11,40.72287368774414,40.74806726286904,39.62270832150965,39.76547618542956,5288449,SHEL
2022-01-12,41.40312194824219,41.587883358191384,41.16797339278597,41.40312194824219,5405231,SHEL
2022-01-13,41.35273742675781,41.755850634687356,41.22256315073399,41.56269242278314,4097965,SHEL
2022-01-14,42.03298568725586,42.083376034972176,41.47030788755446,41.49550145958327,5490115,SHEL
2022-01-18,42.788822174072266,43.05756427088398,42.25553477308197,42.830812526013126,6091297,SHEL
2022-01-19,42.66284942626953,43.06596258577066,42.318523402300315,42.99877866101645,4590968,SHEL
2022-01-20,41.562686920166016,42.33531966549157,41.55428692738806,41.613074062199416,5513072,SHEL
2022-01-21,40.85723876953125,41.20156479493286,40.622087022766735,41.05039695903375,6755567,SHEL
2022-01-24,40.311363220214844,40.34495679177659,38.942455613837105,39.68149816989899,6992372,SHEL
2022-01-25,41.77265930175781,41.991011150128124,40.05942527795421,40.51292896725397,5846684,SHEL
2022-01-26,42.75523376464844,43.41029230412855,42.482291638645435,43.05756946091891,6747433,SHEL
2022-01-27,42.92320251464844,43.746225764762684,42.53688606730773,43.50267718565951,6007013,SHEL
2022-01-28,42.864418029785156,42.99878911562281,42.247149752960496,42.74684373013463,6757736,SHEL
2022-01-31,43.16675567626953,43.16675567626953,42.25974840414739,42.49489701381185,752914,SHEL
2022-02-01,44.24171447753906,44.28370483360043,43.228051199850306,43.32631061930238,2426093,SHEL
2022-02-02,44.72041702270508,44.75401059310269,43.95618091628503,44.30890379448234,4255632,SHEL
2022-02-03,45.274696350097656,45.34188348826691,44.24171812818838,44.58604420215814,5748489,SHEL
2022-02-04,46.274078369140625,46.425246217758364,45.879365167668894,45.996939449114045,6047876,SHEL
2022-02-07,46.78636932373047,47.13909537374539,46.45044326105697,46.80316610741298,4494406,SHEL
2022-02-08,45.89617156982422,46.5764238275072,45.333490414567144,46.50923988274103,4771449,SHEL
2022-02-09,45.98854064941406,46.41685063283676,45.58542744385439,45.70300172835192,3097417,SHEL
2022-02-10,45.78697967529297,46.40004779566545,45.37546652957685,45.38386652232169,5972711,SHEL
2022-02-11,46.366455078125,46.8031618027278,45.959897984782415,46.0641194069647,4016099,SHEL
2022-02-14,45.669410705566406,45.837375339709524,45.10672966173579,45.669410705566406,4360596,SHEL
2022-02-15,44.905174255371094,45.12352603521044,44.16613179405679,44.36768999392756,3848897,SHEL
2022-02-16,45.383872985839844,46.20689619082753,45.32928263619936,45.753392627775426,4217901,SHEL
2022-02-17,45.03954315185547,45.35027562485316,44.61963319236609,45.199107783144285,2709933,SHEL
2022-02-18,44.71201705932617,44.92197205392476,44.367690996330836,44.71201705932617,2874787,SHEL
2022-02-22,44.23331069946289,45.26629195141032,43.746216844241594,45.05633698540871,3382529,SHEL
2022-02-23,44.19972229003906,44.6477667711008,44.006564097233316,44.47686119148777,3805490,SHEL
2022-02-24,43.32631301879883,45.10673048440628,42.56207696298524,44.92197226677221,7017532,SHEL
2022-02-25,45.52664566040039,45.63582316756717,44.32570269254394,44.392889836541755,5797722,SHEL
2022-02-28,43.9981689453125,44.78760178951616,43.3599071598852,43.813407521578185,8833744,SHEL
2022-03-01,43.477481842041016,44.46846969964667,43.07705649589894,43.83860469881218,10689738,SHEL
2022-03-02,45.870967864990234,46.29087786830417,45.48465143081959,45.761793570763146,9763061,SHEL
2022-03-03,43.12474822998047,44.67841688238338,42.984248582747185,44.384478011230044,6765820,SHEL
2022-03-04,41.47871017456055,42.301733407724264,40.53811265146759,42.1589655424271,8464598,SHEL
2022-03-07,43.301124572753906,44.0989510875701,42.57887878978991,43.83860891254311,8597885,SHEL
2022-03-08,44.46006774902344,45.182313430781754,43.032376372887875,44.5356516739437,8842615,SHEL
2022-03-09,43.427085876464844,44.5104543067719,43.2171309033197,44.300499333626746,6690657,SHEL
2022-03-10,43.41028594970703,43.64543768108403,42.906395332121946,43.35149881777738,4356648,SHEL
2022-03-11,42.772037506103516,43.45229293337234,42.6376664196422,43.09956682912426,3223905,SHEL
2022-03-14,41.957401275634766,43.8469960434521,41.70545594732419,42.49068870415651,4286894,SHEL
2022-03-15,42.284934997558594,42.55367713668369,41.218366434964054,41.71385715100301,5137068,SHEL
2022-03-16,42.18415069580078,42.318521743701396,41.59627615986368,42.1589571254627,4438390,SHEL
2022-03-17,43.561458587646484,43.57825537057587,42.520083675294934,42.74683543935344,4129320,SHEL
2022-03-18,42.96519088745117,43.200339461271035,42.31013231543352,42.72164231961828,4219642,SHEL
2022-03-21,44.879974365234375,44.93876150202362,44.241712649954614,44.25850943241707,6035040,SHEL
2022-03-22,44.569244384765625,45.089931855509306,44.47686367789876,45.089931855509306,3774836,SHEL
2022-03-23,45.97174072265625,46.31606673843298,45.62044354590547,45.75338576416845,6422804,SHEL
2022-03-24,46.20689010620117,46.60160647432409,45.93814800133494,46.35805794064576,3481585,SHEL
2022-03-25,46.685585021972656,46.97112389564698,46.14810083709356,46.16489761832833,3382397,SHEL
2022-03-28,45.3334846496582,45.9633496695836,45.21591035852426,45.88776573904619,4470739,SHEL
2022-03-29,44.88838577270508,45.00176007858258,44.27531747339603,44.82959862096719,4367057,SHEL
2022-03-30,46.70238494873047,46.73597851346263,46.14810394528437,46.18169751001654,6248280,SHEL
2022-03-31,46.131317138671875,46.82836613747636,46.122917143843026,46.54282718282336,4847557,SHEL
2022-04-01,46.79476547241211,46.80316226173397,46.030529497776875,46.14810377023481,2749935,SHEL
2022-04-04,46.87874984741211,47.02152090632136,46.31607201273051,46.87874984741211,4195180,SHEL
2022-04-05,46.11451721191406,46.92074366296772,46.01373970644714,46.60161436171261,4109512,SHEL
2022-04-06,46.442047119140625,46.97953142692258,46.156508180174065,46.794773198409516,4454857,SHEL
2022-04-07,46.542823791503906,46.568020570495136,45.509845555318854,46.20689770699234,4027549,SHEL
2022-04-08,47.105499267578125,47.42882852597829,46.69398609868282,46.702386091900806,5355716,SHEL
2022-04-11,46.45884323120117,47.139098600441635,46.21529465662209,47.10550503077711,3854997,SHEL
2022-04-12,47.02151870727539,47.642983653720734,46.7947669445479,47.2314736871721,4915839,SHEL
2022-04-13,47.903343200683594,48.04611109163323,47.508626696148035,47.869749625050844,5328023,SHEL
2022-04-14,47.96211242675781,48.26864487975288,47.768784450665756,47.90332529320647,4069957,SHEL
2022-04-18,48.146888732910156,48.51640843020965,47.72697867539094,48.079701585950524,3278359,SHEL
2022-04-19,48.78513717651367,49.28063103608602,48.48280150577005,48.61717255902737,5836152,SHEL
2022-04-20,48.600379943847656,48.70116064517541,48.23086031662254,48.499602446178784,3312228,SHEL
2022-04-21,47.62619400024414,48.85955474907266,47.51701970098942,48.60878511915123,4190512,SHEL
2022-04-22,46.60160446166992,47.852934232724266,46.37904951237379,47.48341465540684,4946514,SHEL
2022-04-25,45.16551208496094,45.42585740086897,43.87219190558002,45.098328160517354,6266597,SHEL
2022-04-26,44.55244064331055,45.42585402171549,44.384476039208316,44.61962776641479,6852016,SHEL
2022-04-27,45.18231201171875,45.39226699616322,44.34249207394085,44.72880847644057,4166169,SHEL
2022-04-28,46.16489791870117,46.2656754031071,45.098326330791465,45.711394433386786,3690420,SHEL
2022-04-29,44.87158203125,46.08932164959153,44.74141095881432,45.8373762949558,4846395,SHEL
2022-05-02,45.1235237121582,45.16971406384105,43.930980968932296,44.3256941510511,5134073,SHEL
2022-05-03,46.727577209472656,46.836754689959804,45.845766983774446,45.92135090047192,5157360,SHEL
2022-05-04,47.84454345703125,47.936924163885664,46.60161031857838,47.24826885924155,4293698,SHEL
2022-05-05,47.81935119628906,48.34004191979679,46.912347232799924,48.2056708435888,5112479,SHEL
2022-05-06,48.45761489868164,48.47441168321014,47.382643114471186,48.1552791844868,4531795,SHEL
2022-05-09,45.64421081542969,47.029914948040805,45.51823975115695,46.99632138277126,6491645,SHEL
2022-05-10,46.13970947265625,46.81996482340777,45.392270188060834,46.156506257031985,5537659,SHEL
2022-05-11,46.920738220214844,48.14687774307801,46.78636716062613,47.33225139226335,4008574,SHEL
2022-05-12,46.3748664855957,46.425253640752146,45.66941748047075,46.27408576796399,4931857,SHEL
2022-05-13,47.617794036865234,47.718571538562685,46.635202983423284,46.635202983423284,3838356,SHEL
2022-05-16,48.75995635986328,48.90272423969394,47.64299408451277,47.743771599902615,5929102,SHEL
2022-05-17,49.16305923461914,49.43180135463387,48.87752033164614,49.23864315610196,5860757,SHEL
2022-05-18,49.06228256225586,50.15329505497459,48.82713398886456,49.92729933545494,7162156,SHEL
2022-05-19,49.59593963623047,50.15500561434671,48.82510619320179,48.892873333005014,6387759,SHEL
2022-05-20,49.418052673339844,50.22276963631319,48.638746770557646,49.93476577265899,4415066,SHEL
2022-05-23,50.83265686035156,50.97666040545717,50.282063433644964,50.40912196381657,7815063,SHEL
2022-05-24,50.77336120605469,50.89195368898948,49.866996804313274,50.078764248296125,5028530,SHEL
2022-05-25,51.12913131713867,51.38189767844535,50.307472614527434,50.6801853775996,5567944,SHEL
2022-05-26,50.92583084106445,51.451016395861366,50.62512147716267,51.21383467613179,6775039,SHEL
2022-05-27,50.841129302978516,51.04866049724784,50.35829978004958,50.570067228047,3907640,SHEL
2022-05-31,50.16347122192383,51.54419257667217,50.09994034492648,51.45101761923263,5117038,SHEL
2022-06-01,50.59547805786133,50.84112907193756,49.90604796246405,50.51077237157322,4058887,SHEL
2022-06-02,50.18041229248047,50.53618002851387,49.71452135532066,49.833113831979716,3395874,SHEL
2022-06-03,50.53617858886719,50.58700393455889,49.91781809053328,49.91781809053328,2645475,SHEL
2022-06-06,50.92583084106445,51.315485369436416,50.72363779534792,51.17995111169691,4211713,SHEL
2022-06-07,52.13714599609375,52.24302972201242,50.968188757183384,50.993603048697985,5188308,SHEL
2022-06-08,51.916900634765625,52.23878478148598,51.459482239344894,51.527249363695084,5538815,SHEL
2022-06-09,50.426063537597656,51.55266790872372,50.40912175404898,51.451020438746454,3478023,SHEL
2022-06-10,49.11311340332031,49.333353391292206,48.68110916739898,49.079229831122284,6548299,SHEL
2022-06-13,47.36814498901367,48.181334509878276,46.61789825452635,47.43591212880034,9485021,SHEL
2022-06-14,46.53800582885742,47.74931569782392,46.0043542710746,47.359664430813325,6042633,SHEL
2022-06-15,46.554954528808594,47.02931477087416,45.60623727599226,46.78366375812691,4413440,SHEL
2022-06-16,44.38645935058594,45.19066576885135,44.32292846855284,44.6236378634403,8441172,SHEL
2022-06-17,42.294193267822266,44.03915813226105,41.94774140080598,43.85280175151394,10816456,SHEL
2022-06-21,44.428810119628906,44.852260990797156,44.242453736053555,44.505046528244755,5114772,SHEL
2022-06-22,43.05656051635742,43.564801116005285,42.66690594322481,42.95490981137591,5231164,SHEL
2022-06-23,41.65041732788086,43.11585081330303,41.20147140225493,43.06502546591883,7500100,SHEL
2022-06-24,43.12431716918945,43.50549917047686,42.55678203607272,42.75160767421642,4831652,SHEL
2022-06-27,43.91209411621094,44.25939256980274,43.5478538805763,43.751152033775796,4882931,SHEL
2022-06-28,45.021759033203125,45.453763188992774,44.55586808018575,45.267406807785825,5403257,SHEL
2022-06-29,44.555870056152344,45.99588935817108,44.517753466295815,45.84341653611528,5708927,SHEL
2022-06-30,44.293270111083984,44.38644828399236,43.38690589858015,44.13232481921895,6278638,SHEL
2022-07-01,43.962921142578125,44.08151039009586,42.539843709736,43.683386575159474,5051171,SHEL
2022-07-05,41.1675910949707,42.43836705797599,40.44758305561656,42.353490110593256,9624618,SHEL
2022-07-06,40.66781997680664,41.22688591968623,39.42186696858705,40.72711783605459,8138051,SHEL
2022-07-07,41.46406936645508,41.68854235732723,41.214182083056734,41.40477473608564,6000652,SHEL
2022-07-08,41.548770904541016,42.150189656060576,41.10406122122642,41.96383650694932,3199816,SHEL
2022-07-11,40.947349548339844,41.23916632752806,40.540756478895226,40.921938491285324,3112642,SHEL
2022-07-12,40.39676284790039,40.506882840977596,39.85887487678552,40.05793682266209,5053400,SHEL
2022-07-13,40.47299575805664,40.794883200727504,39.83769338061717,39.83769338061717,3826933,SHEL
2022-07-14,39.083797454833984,39.12191727358168,38.03343278224866,38.39767303052178,6488544,SHEL
2022-07-15,40.21039962768555,40.40946152387242,39.74450870839097,40.13416322555684,3387771,SHEL
2022-07-18,41.13370895385742,41.951299434743675,40.99394166710947,41.667360579289166,3784553,SHEL
2022-07-19,41.95536422729492,42.001953322653975,41.2014726570335,41.26923978894292,4083954,SHEL
2022-07-20,41.76054382324219,41.89607487279528,41.413245306805194,41.71819097612843,3487714,SHEL
2022-07-21,41.489479064941406,41.51150370730237,40.447583582408875,40.74405672451837,2829536,SHEL
2022-07-22,41.32853698730469,41.836777583015525,41.02782759118904,41.33700626366341,3076278,SHEL
2022-07-25,42.51443099975586,42.55678707371286,41.353946308521806,41.5826555363676,3860029,SHEL
2022-07-26,42.40431213378906,42.98031981258889,42.302661438955255,42.849021806257205,3320831,SHEL
2022-07-27,43.55632400512695,43.780800198085075,42.63725412275775,43.01419989444493,4372980,SHEL
2022-07-28,43.615623474121094,44.428809670255376,43.32761962574253,44.26786434740827,5117847,SHEL
2022-07-29,45.21657943725586,45.31822689187149,43.92903316397207,43.96291672594872,6104532,SHEL
2022-08-01,44.352577209472656,44.81422871988897,44.16622081119782,44.72528677470734,4318655,SHEL
2022-08-02,44.65751266479492,45.11069479507316,44.40338918654867,44.91163291172692,4492498,SHEL
2022-08-03,44.352577209472656,45.38600344526588,44.12386796558489,45.36906166075771,3641379,SHEL
2022-08-04,43.27679443359375,44.22551166585562,43.141263400413486,44.17468954798472,5002827,SHEL
2022-08-05,43.9544563293457,44.20434362862508,43.039622523137716,43.09891715727549,5334488,SHEL
2022-08-08,44.02220916748047,44.776100611962974,43.98832560717888,44.6320970963383,3552307,SHEL
2022-08-09,44.488101959228516,45.2843463305551,44.369512715766525,45.064109625742056,4099243,SHEL
2022-08-10,45.00482177734375,45.13696317385626,44.373752416163605,45.03870211535015,4137914,SHEL
2022-08-11,46.1164665222168,46.458514674871076,46.03522935200849,46.1164665222168,5705225,SHEL
2022-08-12,46.4243049621582,46.43285469728695,45.552085188457326,45.76586444881501,3993983,SHEL
2022-08-15,45.346866607666016,45.4238272904497,44.26086731150221,44.594365778240466,4377917,SHEL
2022-08-16,45.098880767822266,45.43237594062313,44.78248506776898,45.15873870847816,3075603,SHEL
2022-08-17,45.24424743652344,45.406718517684126,44.65421778829599,44.816688869456684,3311105,SHEL
2022-08-18,45.91123580932617,46.001022713159045,45.10742691167032,45.1245296450689,8550633,SHEL
2022-08-19,45.20148849487305,45.73166016083657,45.15018029674262,45.534983627689016,4321446,SHEL
2022-08-22,45.192935943603516,45.47512614308723,44.701246236887606,45.18438620817041,4490994,SHEL
2022-08-23,47.074195861816406,47.15115653155723,45.99674974745783,46.03950495019986,5418352,SHEL
2022-08-24,46.55257797241211,46.668020618111,46.11646964713883,46.31314620653762,6480483,SHEL
2022-08-25,46.809112548828125,47.11695197170538,46.63808847255436,46.98868636100976,3636080,SHEL
2022-08-26,46.9288330078125,47.52741570223618,46.78944718139889,47.185367516276,3475573,SHEL
2022-08-29,47.5958137512207,48.040474998186546,46.92027051475262,46.94592624381683,4905028,SHEL
2022-08-30,46.518375396728516,46.774909895568115,46.223358928955754,46.73215468943037,7494213,SHEL
2022-08-31,45.30411148071289,45.88986797086305,44.7653867002397,44.85945011959365,6568531,SHEL
2022-09-01,44.80813980102539,45.2014929057045,44.564431544646695,45.15018470256734,6334794,SHEL
2022-09-02,45.51788330078125,46.210529333093874,45.37251495808083,46.00529979173769,5595494,SHEL
2022-09-06,45.150184631347656,45.82572795919599,45.06895072069159,45.71456181691401,5131494,SHEL
2022-09-07,44.628562927246094,44.731179333994525,44.0727387364175,44.50029731183014,5655508,SHEL
2022-09-08,44.602909088134766,44.79958563534892,44.25231119753338,44.312169135293644,6255961,SHEL
2022-09-09,45.87703323364258,45.95399390230754,45.462300922615476,45.663253960908015,5154250,SHEL
2022-09-12,46.15068054199219,46.659473104282455,46.07799309422483,46.39866207350601,4736263,SHEL
2022-09-13,45.46657180786133,46.360170817920974,45.312653740504985,45.919786060786805,4747975,SHEL
2022-09-14,46.35589599609375,46.58677799849864,45.945440190267085,46.048053326220554,4348513,SHEL
2022-09-15,45.40672302246094,45.78724992394118,45.227149189360595,45.552094645932634,5740218,SHEL
2022-09-16,44.927852630615234,45.158734636043974,44.46181212094995,44.85089196213899,4879017,SHEL
2022-09-19,44.885101318359375,45.2271462263302,44.36347932703978,44.41478426912819,4662563,SHEL
2022-09-20,45.192935943603516,45.2057654397723,44.641388302817624,44.919298741565655,6354990,SHEL
2022-09-21,44.74827575683594,45.82572177961934,44.72262002776097,45.70600591731147,5108911,SHEL
2022-09-22,44.756832122802734,45.65470448514865,44.756832122802734,45.36396452132099,3480027,SHEL
2022-09-23,41.13968276977539,42.40525564224621,40.994311171592884,42.37960317398396,9922917,SHEL
2022-09-26,40.01948165893555,41.23374969881694,39.96903136543313,40.37863255541228,6456265,SHEL
2022-09-27,41.1054801940918,41.90073938626147,40.716403596037544,41.0456222559296,7080110,SHEL
2022-09-28,42.422359466552734,42.58483053974837,40.977209493026464,41.07982589274113,4654751,SHEL
2022-09-29,42.82426452636719,42.86701972755949,41.618546323460194,41.90073652295232,5373180,SHEL
2022-09-30,42.55063247680664,43.102183488692376,42.32830342943289,42.47367179463623,5161419,SHEL
2022-10-03,44.74827575683594,44.94495228234352,43.91881119368486,43.99577185688457,5853257,SHEL
2022-10-04,45.90269088745117,46.129296420223916,45.03047096473127,45.158739847665714,6284299,SHEL
2022-10-05,46.19343185424805,46.47989533534191,45.287006441667536,45.62050163004705,8350326,SHEL
2022-10-06,44.183895111083984,44.491737761971855,43.50835514053846,43.645173734042785,12213514,SHEL
2022-10-07,44.44044494628906,45.00482220614167,44.15825468535603,44.58581331439629,6085787,SHEL
2022-10-10,43.747798919677734,44.49175002299961,43.71359344637217,44.28652370719318,3820625,SHEL
2022-10-11,42.90978240966797,43.824757575154024,42.80716925651427,43.380096228803545,4254453,SHEL
2022-10-12,43.02948760986328,43.375808954486764,42.52001018530957,42.76440016288465,4001576,SHEL
2022-10-13,44.628562927246094,44.88937391920884,43.029494768566494,43.029494768566494,9291623,SHEL
2022-10-14,43.20906066894531,44.11548585703502,43.157755736986196,43.97866726845662,5436625,SHEL
2022-10-17,43.96157455444336,44.42333861937008,43.87606414035169,43.92736908400141,4588346,SHEL
2022-10-18,43.987220764160156,44.209553028367964,43.4484993604523,44.12403936443699,3773047,SHEL
2022-10-19,44.24375915527344,44.40195372738807,43.5083579445383,43.610971080776544,5001210,SHEL
2022-10-20,44.48320007324219,45.09033254245581,44.24376828527365,44.78248980820286,4362973,SHEL
2022-10-21,45.31266403198242,45.31266403198242,44.11549858987993,44.260866955071,3219369,SHEL
2022-10-24,45.26990509033203,45.723119441486915,44.885104945520816,44.987718100002915,3832212,SHEL
2022-10-25,45.15874099731445,45.32976182956329,44.87655075247997,45.0903300548043,3074376,SHEL
2022-10-26,45.586299896240234,45.954000559572776,44.97061445772745,44.97061445772745,5667610,SHEL
2022-10-27,47.89510726928711,48.5113928346433,47.75828866395738,47.77539139737521,7316421,SHEL
2022-10-28,48.04047775268555,48.46803629212774,47.74118807988113,48.29701222394831,5940751,SHEL
2022-10-31,47.570167541503906,47.88228347172918,46.924553185676736,47.11695323789708,5838825,SHEL
2022-11-01,47.749752044677734,48.69893280701467,47.71554656844616,48.67327706883411,4792770,SHEL
2022-11-02,46.95448684692383,47.92504346516834,46.89462890194029,47.84380954669832,3919461,SHEL
2022-11-03,47.65567398071289,47.775389848744226,46.6885361296701,46.843312110769574,3795150,SHEL
2022-11-04,48.79298400878906,49.310329474600415,48.45093585621337,48.98110755689405,6535189,SHEL
2022-11-07,48.62196350097656,49.11792977039717,48.604860765891274,48.98111115172805,4806178,SHEL
2022-11-08,48.066131591796875,48.331219068134516,47.749739176951415,47.98917092202227,4022750,SHEL
2022-11-09,45.8228759765625,47.03941236128143,45.758165929135906,46.849597099840686,5612875,SHEL
2022-11-10,46.487220764160156,47.22922220139443,46.211127665369176,47.013524262258386,5155983,SHEL
2022-11-11,48.11790466308594,48.31203152409068,47.60454242931843,47.96260185776619,5480342,SHEL
2022-11-14,47.16020202636719,47.80729590888666,47.16020202636719,47.42766868267285,3393581,SHEL
2022-11-15,48.557926177978516,48.89441448612987,48.273206567731165,48.549299707306105,4948655,SHEL
2022-11-16,48.16103744506836,48.946177842163074,48.03066946870724,48.85127021867533,4272507,SHEL
2022-11-17,48.91167449951172,48.9634432014173,47.89357973439931,48.06613878279448,4534539,SHEL
2022-11-18,48.26457977294922,48.441453699860894,47.574346881578144,48.20418460065988,3367940,SHEL
2022-11-21,47.18608474731445,47.306878370116365,46.168078973261956,47.2033409791433,4371219,SHEL
2022-11-22,49.02383041381836,49.13599427075476,48.07476073869684,48.31634139244641,3419207,SHEL
2022-11-23,49.03245544433594,49.17912845816426,48.411244347441304,48.59242982027249,3203577,SHEL
2022-11-25,49.02383041381836,49.64504157064818,48.98931795148569,49.17913320302581,1500910,SHEL
2022-11-28,48.73912048339844,49.22659676808441,48.53636384113827,48.73912048339844,3806189,SHEL
2022-11-29,49.71406555175781,50.067810079149275,49.412089720310114,49.412089720310114,4289617,SHEL
2022-11-30,50.44744110107422,50.68039529819972,49.91785941534425,50.44744110107422,5377406,SHEL
2022-12-01,50.0850715637207,50.706282815035586,49.964281218473936,50.63725787987168,4084642,SHEL
2022-12-02,49.80035400390625,50.223120229838486,49.597597362549074,49.80035400390625,3510813,SHEL
2022-12-05,49.524253845214844,50.878836795675724,49.26972853625348,50.70627776623765,5917006,SHEL
2022-12-06,48.90304183959961,50.06780950911056,48.756365515073746,49.62778711811233,6428901,SHEL
2022-12-07,48.618316650390625,49.45522575023857,48.618316650390625,49.14462017539647,5444943,SHEL
2022-12-08,48.82539749145508,49.554457755995614,48.63558220570721,49.36032758885616,4571387,SHEL
2022-12-09,47.979854583740234,48.9893194532441,47.979854583740234,48.54929706452721,4283357,SHEL
2022-12-12,48.626956939697266,48.80382758565508,48.21281718067261,48.36812000171813,4491861,SHEL
2022-12-13,49.506996154785156,49.82191332978995,49.30855442872838,49.49836639335811,5091499,SHEL
2022-12-14,48.97207260131836,49.59328389617378,48.78226059889387,49.507006012461765,4325588,SHEL
2022-12-15,48.445762634277344,49.09285650762233,48.12652728703194,48.972062886581305,6087661,SHEL
2022-12-16,47.41904067993164,47.67787758428198,46.93587933615495,47.401784447469645,6956962,SHEL
2022-12-19,47.9022102355957,48.609699382763054,47.70376847883317,48.52342150288026,5096775,SHEL
2022-12-20,48.42850875854492,48.773623533010195,48.12652962818679,48.299088661064324,4430725,SHEL
2022-12-21,49.69681167602539,49.83485824713085,48.93755718059027,49.3862093595055,4917419,SHEL
2022-12-22,48.954811096191406,49.6968093237058,48.29046097566423,49.576018991117174,3748871,SHEL
2022-12-23,49.852108001708984,49.852108001708984,49.14030741614742,49.31717801960005,2572147,SHEL
2022-12-27,49.92976379394531,50.076440120961784,49.688183127435515,49.91250756186751,2395120,SHEL
2022-12-28,48.79951095581055,49.98153493499542,48.65283462161949,49.98153493499542,4140448,SHEL
2022-12-29,48.894412994384766,49.22227482186079,48.894412994384766,49.08422825628506,3415063,SHEL
2022-12-30,49.13599395751953,49.15325018857586,48.71322452486332,48.73048075591965,2035233,SHEL
2023-01-03,48.29909133911133,49.865057490748,48.26457887236424,49.58465274947539,7766476,SHEL
2023-01-04,47.82455062866211,48.29045899925524,47.56571374209578,48.1524124403339,5712988,SHEL
2023-01-05,47.86769485473633,47.94508624651669,47.42767242804192,47.4449286612266,4266050,SHEL
2023-01-06,49.394832611083984,49.42503019369245,48.35085527943173,48.419876914841225,5845518,SHEL
2023-01-09,50.10232162475586,50.560465853542865,49.7830895671783,50.17997302160333,4939246,SHEL
2023-01-10,50.361167907714844,50.453399734935125,49.77446908686652,49.99879684905043,3475500,SHEL
2023-01-11,50.844329833984375,50.87021253924975,50.31802621832119,50.67177078587168,3113956,SHEL
2023-01-12,51.43964385986328,51.57337882087062,50.63724725897669,51.016877740172546,3942425,SHEL
2023-01-13,51.431026458740234,51.724375840801585,51.25846741788827,51.41377022552604,3619767,SHEL
2023-01-17,51.24983596801758,51.87104384692853,51.116100996422404,51.448277693767295,3301583,SHEL
2023-01-18,50.37841033935547,51.88829591934233,50.322330059820125,51.78476182970426,4893268,SHEL
2023-01-19,51.01688766479492,51.08590930761903,50.17566355955156,50.34390772234223,3563568,SHEL
2023-01-20,50.81843948364258,50.89609087904699,50.17565720840457,50.46469496930907,4272295,SHEL
2023-01-23,50.585487365722656,50.75804639493118,50.34390340831483,50.356848050819494,3219155,SHEL
2023-01-24,50.033294677734375,50.3870391610875,48.54066206442874,44.22670334485924,3125185,SHEL
2023-01-25,49.90388107299805,50.0333011678888,49.420716448867594,49.85211237678379,4033854,SHEL
2023-01-26,50.490577697753906,50.616545224473974,49.731319974646965,50.240367280062245,3815540,SHEL
2023-01-27,50.48195266723633,51.06002495223845,50.387048322832605,50.852953447880545,2599115,SHEL
2023-01-30,50.39567565917969,50.82051536738225,50.30508290299534,50.66314233788344,3953046,SHEL
2023-01-31,50.74079132080078,50.79687160777518,49.85211345204841,50.19723151834115,3360666,SHEL
2023-02-01,50.31801986694336,50.8098109526498,49.61053082114499,50.62862545608209,5282193,SHEL
2023-02-02,49.72269821166992,51.45690848574978,49.101486989293896,51.44828201490118,9676816,SHEL
2023-02-03,50.30076217651367,51.01688096307127,50.00741282764387,50.17997184897133,5750011,SHEL
2023-02-06,49.912506103515625,50.205855457687704,49.35600826889251,50.041926194672875,5409777,SHEL
2023-02-07,51.431026458740234,51.52593409577331,50.2490024595327,50.30939763013739,4831599,SHEL
2023-02-08,51.31023025512695,51.66397476737624,50.766670490498676,51.44827681377815,5212568,SHEL
2023-02-09,51.58632278442383,52.05913298295501,51.53023921070226,51.91418130042735,4918346,SHEL
2023-02-10,53.28602600097656,53.367992284235775,52.42323410575079,52.587166672269205,7372318,SHEL
2023-02-13,53.3464241027832,53.484470673439134,52.949537332268775,53.10484013566793,4526171,SHEL
2023-02-14,53.99351119995117,54.14018422280757,53.25150974216375,53.380926534456556,5795144,SHEL
2023-02-15,53.889984130859375,53.98489177147931,53.17818011749995,53.501727097091496,6946412,SHEL
2023-02-16,53.903045654296875,54.321033321524794,53.63309383256043,53.73758991889973,5075158,SHEL
2023-02-17,52.8232421875,53.31089613146792,52.683912963776415,53.232523235506484,5071012,SHEL
2023-02-21,52.30946731567383,52.68391524348463,52.292050746720896,52.37042364607364,3071355,SHEL
2023-02-22,51.334163665771484,52.009038285474766,51.09468999053653,51.908897164464456,4332574,SHEL
2023-02-23,52.474910736083984,52.631656507900445,51.92064338961124,52.08304962841314,4144024,SHEL
2023-02-24,52.797115325927734,52.84936170502296,51.67377166919363,51.87405720675645,5069046,SHEL
2023-02-27,53.29347229003906,53.59389891533157,52.762278659002966,53.032230446444174,4710210,SHEL
2023-02-28,52.919029235839844,53.64179851282602,52.90161266843565,53.624385267292396,5055244,SHEL
2023-03-01,53.937870025634766,54.05978598957724,53.33701343747773,53.55471553314091,4300198,SHEL
2023-03-02,54.35586166381836,54.42117296171337,53.441513458900076,53.57213605469009,4041439,SHEL
2023-03-03,54.25136184692383,54.35289813674023,53.380553459904604,53.48504953622321,4237293,SHEL
2023-03-06,54.486480712890625,54.6258099224576,54.12944940575837,54.2600719930457,3306147,SHEL
2023-03-07,53.64179992675781,54.30361621807981,53.397974620413216,54.29490627321284,3146586,SHEL
2023-03-08,53.44151306152344,53.929166984060075,53.136731436107155,53.56342571168995,2837335,SHEL
2023-03-09,52.8232421875,53.70275728940439,52.71874610017499,53.337019322831495,3348425,SHEL
2023-03-10,52.56199264526367,53.722866706269535,52.413953498087636,53.33701154685341,4493262,SHEL
2023-03-13,51.464786529541016,52.38784483420967,50.57656468772071,50.77685026553283,6706667,SHEL
2023-03-14,51.72602462768555,52.57941653264622,51.23401571441726,51.71731468270749,4932262,SHEL
2023-03-15,48.37340545654297,48.782686463318825,47.467763932637844,48.39082202298773,11421323,SHEL
2023-03-16,47.58097839355469,47.64193472598864,45.69132544436009,46.21380924289999,12526152,SHEL
2023-03-17,46.98012161254883,47.63758299338395,46.65792338139699,47.50260541019349,8845638,SHEL
2023-03-20,48.10346221923828,48.44307699721524,47.441645909754826,47.68547122279044,5500597,SHEL
2023-03-21,49.740570068359375,50.01922846366569,49.04827905179621,49.784109819775345,7023901,SHEL
2023-03-22,49.505455017089844,50.46770119912468,49.48804177275586,49.61866103648283,7104574,SHEL
2023-03-23,48.73915481567383,49.940868203428124,48.36905853043209,49.62737992088631,7498669,SHEL
2023-03-24,47.520015716552734,47.7420727961265,46.79724644767636,46.98011542056273,9647766,SHEL
2023-03-27,48.625946044921875,48.832327231132794,47.78126074956855,48.05991919964724,4769003,SHEL
2023-03-28,48.913299560546875,49.25291758058593,48.355982792077604,48.41693910601206,5304799,SHEL
2023-03-29,49.740570068359375,49.76669657670504,49.43578848657749,49.75798663329978,3250394,SHEL
2023-03-30,50.45463943481445,50.62009516315594,50.097608109998866,50.602678595863644,3522244,SHEL
2023-03-31,50.10631561279297,50.324017710531685,49.94956983667146,50.11502223507954,5167569,SHEL
2023-04-03,52.6926155090332,53.23260548444769,52.24850468086883,52.901610989379684,7789641,SHEL
2023-04-04,51.813106536865234,52.43137978400571,51.47349174820697,52.42267316049664,5158938,SHEL
2023-04-05,52.13529586791992,52.1701289997591,51.38640014272905,51.98726004040885,3738038,SHEL
2023-04-06,52.7448616027832,53.014813387714526,52.36170712386444,52.65778209635128,4338182,SHEL
2023-04-10,52.945152282714844,53.08012984926444,52.44879173958553,52.44879173958553,2851074,SHEL
2023-04-11,52.927738189697266,53.20204498605647,52.871136834543655,53.11931711771059,3807005,SHEL
2023-04-12,53.450218200683594,53.85078925003717,53.34136715541119,53.72016666696217,4039765,SHEL
2023-04-13,54.051082611083984,54.116393912090366,53.60697174360796,53.77242416053613,3582535,SHEL
2023-04-14,54.04237747192383,54.26007960000975,53.68534611473774,54.085917233166846,3596442,SHEL
2023-04-17,53.54601287841797,53.7201719103565,53.29347763148826,53.61567582681926,3913338,SHEL
2023-04-18,53.911746978759766,53.94710164505355,53.32830695534775,53.467636164063336,3430240,SHEL
2023-04-19,53.554725646972656,53.676638312068036,53.34573013404417,53.51989250783941,3729779,SHEL
2023-04-20,53.68534851074219,53.69405513463103,52.97128576450103,52.988699012278715,4531069,SHEL
2023-04-21,53.519874572753906,53.62437395513478,53.22379963308118,53.50245800902376,3703752,SHEL
2023-04-24,53.99011993408203,54.05107625535475,53.31959707821173,53.34572026679422,3193965,SHEL
2023-04-25,52.866783142089844,53.62438892746595,52.49233522201773,53.580845845048096,4815114,SHEL
2023-04-26,52.675201416015625,53.512047010249944,52.49232912795516,53.380554091854535,3463368,SHEL
2023-04-27,52.84065246582031,53.0583545595912,52.274625693267865,52.37041514602631,4111200,SHEL
2023-04-28,53.97270965576172,54.19041177763324,52.779702958029624,52.95386531990099,4411813,SHEL
2023-05-01,53.450218200683594,54.01624164297791,53.27170089193912,53.519881142285385,2492270,SHEL
2023-05-02,51.595401763916016,52.753578621637715,51.0511464710477,52.73616205364144,8409357,SHEL
2023-05-03,50.959716796875,51.45607740513425,50.724598089509406,50.872633948663115,6056727,SHEL
2023-05-04,51.673770904541016,52.379126908723265,51.45606880321111,51.66506428211081,6873805,SHEL
2023-05-05,53.232521057128906,53.458929790713135,52.65778761755447,52.66649424036246,4957648,SHEL
2023-05-08,52.99740219116211,53.972706713861584,52.919029298685416,53.88562719860774,4120153,SHEL
2023-05-09,52.979976654052734,53.23686350586919,52.096106768573044,52.213664426449895,3929929,SHEL
2023-05-10,53.11931228637695,53.633089374152796,52.79711410918986,53.606966185207206,3668686,SHEL
2023-05-11,52.54458236694336,52.61424531604934,51.83051969878621,52.11788476188817,3202373,SHEL
2023-05-12,52.56199264526367,53.180265777782424,52.370413744872415,52.91031399285568,3007570,SHEL
2023-05-15,53.049652099609375,53.249940977380376,52.59683460393027,52.75358039930796,2691564,SHEL
2023-05-16,52.170135498046875,52.88419818034188,52.12224076626983,52.54458340728337,3547073,SHEL
2023-05-17,52.93644332885742,53.08883413418282,52.2397972746053,52.614241829746106,3782456,SHEL
2023-05-18,52.80017852783203,53.13424316922042,52.3781994911378,53.12545340648548,5674548,SHEL
2023-05-19,53.11665344238281,53.58698785105341,53.00236977360553,53.40676587910402,3615164,SHEL
2023-05-22,52.7738037109375,53.13424435576229,52.73424474735994,52.852924991683985,2964172,SHEL
2023-05-23,53.06391525268555,53.424355891133104,52.82655141464574,53.07270501546126,3265973,SHEL
2023-05-24,52.34303665161133,52.78259859187627,52.12325568147886,52.685894428443355,4587894,SHEL
2023-05-25,51.33203887939453,51.51665407517237,50.93643249301974,51.39357727798714,5200606,SHEL
2023-05-26,51.67490005493164,51.797976860274865,51.37160459993339,51.65731717508383,3448964,SHEL
2023-05-30,50.54082489013672,50.936427887148334,50.29906452210437,50.54961465188749,3343556,SHEL
2023-05-31,49.230934143066406,49.5210466147047,49.033132624106656,49.24851702197702,6159243,SHEL
2023-06-01,50.18918228149414,50.470501653899625,49.25730976440631,49.38917968741764,4418013,SHEL
2023-06-02,51.21775817871094,51.384793870054466,50.786989335290684,50.86611062235035,4469082,SHEL
2023-06-05,50.73423385620117,51.327641752390186,50.60676050236052,51.29687255343494,4556609,SHEL
2023-06-06,50.7254524230957,50.7518250683618,49.503470673087975,49.54742619972871,5449934,SHEL
2023-06-07,51.16501235961914,51.2661097315086,50.48808654480922,50.49687630835073,6636455,SHEL
2023-06-08,51.7276496887207,51.86830937661532,51.04193412943337,51.34962614870551,6165899,SHEL
2023-06-09,51.36721420288086,51.66611648896295,50.98040086060655,51.2177613830439,3693359,SHEL
2023-06-12,50.83094024658203,51.34083368436924,50.59357640694916,50.997972569171985,4920785,SHEL
2023-06-13,51.33203887939453,51.956215981457426,51.23533472343723,51.33203887939453,5433135,SHEL
2023-06-14,52.184791564941406,52.73864052193671,51.8331406882733,52.37819988246799,7493266,SHEL
2023-06-15,53.34523391723633,53.705674550990985,52.58918689189943,52.65951840755461,8191054,SHEL
2023-06-16,53.05513000488281,53.595792719535055,52.940846303892734,53.27491099637544,6410520,SHEL
2023-06-20,53.03754806518555,53.08150359076712,52.37820512068702,53.03754806518555,4645056,SHEL
2023-06-21,53.40678024291992,53.77601069413459,52.77380992244707,52.80897568549373,4866331,SHEL
2023-06-22,52.8265495300293,53.16149615552745,52.80017688905172,52.9847920830771,3548701,SHEL
2023-06-23,52.39578628540039,52.91007634691031,52.33864443571784,52.5012835744029,4421843,SHEL
2023-06-26,52.92326354980469,53.222165833099346,52.82655937673997,52.85293202263333,3074750,SHEL
2023-06-27,52.69468307495117,52.89688116075704,52.45731922980739,52.84413587534157,3459483,SHEL
2023-06-28,52.43095397949219,52.532054713445305,51.745238343678935,52.167217454455695,3701046,SHEL
2023-06-29,52.615570068359375,52.72985712738639,52.25073615702131,52.39578906831845,3848775,SHEL
2023-06-30,53.08150100708008,53.24853333759659,52.76501587255071,53.02875236679469,4458981,SHEL
2023-07-03,53.503482818603516,53.89908925709892,53.38040600520309,53.855130377805935,3121855,SHEL
2023-07-05,52.62434387207031,53.38918053249494,52.510056854989166,53.34522501933779,4406581,SHEL
2023-07-06,51.45512008666992,51.929847791007404,51.11226230695669,51.76281545959599,4478856,SHEL
2023-07-07,52.43974304199219,52.67710354865471,51.499080718165615,51.525453362552206,4802897,SHEL
2023-07-10,52.67709732055664,53.00676875077786,52.49248212449465,52.53643764447257,3409529,SHEL
2023-07-11,53.512271881103516,53.52985476187199,52.92326046652203,52.92326046652203,4291898,SHEL
2023-07-12,54.32106399536133,54.76941568739974,54.15402831602846,54.56721760247329,4888022,SHEL
2023-07-13,54.602386474609375,55.03315531161399,54.435441332725944,54.778211926966826,5043050,SHEL
2023-07-14,53.34523391723633,54.769413573341154,53.292485280494944,54.769413573341154,6420971,SHEL
2023-07-17,53.45951843261719,53.907870086208554,53.45951843261719,53.81995904937608,5324870,SHEL
2023-07-18,53.66172409057617,54.00897843628791,53.42436023324442,53.51227128251178,5030586,SHEL
2023-07-19,54.26831817626953,54.41592315483019,53.9738124733741,54.03095431982511,4085140,SHEL
2023-07-20,55.033145904541016,55.103477414898535,54.637542896348485,54.81336496506028,3701146,SHEL
2023-07-21,55.358436584472656,55.367226348452604,55.01557877819493,55.22656664963118,4425165,SHEL
2023-07-24,55.7188720703125,55.99139832494022,55.26172725342461,55.28809989649402,5758797,SHEL
2023-07-25,55.41117858886719,55.587004040362956,54.769418541460446,55.09469344689311,4895979,SHEL
2023-07-26,55.05073928833008,55.19579554093258,54.70348493524757,54.787002781338394,4484023,SHEL
2023-07-27,53.45072937011719,54.400184737145345,53.34523544720006,54.14523801597023,7348255,SHEL
2023-07-28,53.57380676269531,53.91666788473825,53.283697633079136,53.45952307560571,3903043,SHEL
2023-07-31,54.18041229248047,54.43535570014376,53.89909288474783,53.97821417777213,5239894,SHEL
2023-08-01,53.644134521484375,54.00897170227884,53.32764941783573,53.81995995168819,4749446,SHEL
2023-08-02,52.67709732055664,53.12545234366857,52.31226348650782,53.06391394498124,5583412,SHEL
2023-08-03,53.266109466552734,53.389099064660705,52.382589136904045,52.59797687557675,4607290,SHEL
2023-08-04,53.758426666259766,54.49249430205566,53.7056780261052,53.80238218959284,4267497,SHEL
2023-08-07,54.013362884521484,54.19798142379885,53.81556137894197,54.11006703519272,3972654,SHEL
2023-08-08,54.22435760498047,54.27710624158916,53.04633154944951,53.362816661919204,3694454,SHEL
2023-08-09,54.96281814575195,55.19138884888694,54.716664564900285,54.751826966742655,4999187,SHEL
2023-08-10,55.373329162597656,56.061943007337014,55.27114985267005,55.65765920945586,3763521,SHEL
2023-08-11,55.46217727661133,55.50216298740594,54.76023942753197,54.76023942753197,4513205,SHEL
2023-08-14,54.69804382324219,54.84020884062727,54.28931643246387,54.59141751809234,4733411,SHEL
2023-08-15,54.13825988769531,54.67137777972705,54.05384825548928,54.5914097569742,4170397,SHEL
2023-08-16,53.916133880615234,54.36928380883513,53.88947899939093,53.93390493125855,5011595,SHEL
2023-08-17,54.19157791137695,54.804663881355616,54.05030094547886,54.600301891362726,4099843,SHEL
2023-08-18,54.37816619873047,54.404821077587144,53.548275493757856,53.65845396427096,3627689,SHEL
2023-08-21,54.573646545410156,54.83132169900267,54.25377779794655,54.71581495248027,2906847,SHEL
2023-08-22,54.13825988769531,54.67137777972705,54.09383396160615,54.61806802421241,2903838,SHEL
2023-08-23,53.96055603027344,54.173805233564806,53.422994496546956,53.8539331233683,2818815,SHEL
2023-08-24,53.72065353393555,54.1471485636311,53.685111434090615,53.72954075363737,2915432,SHEL
2023-08-25,54.227115631103516,54.34262575880883,53.82283526835662,54.24488668071057,3417173,SHEL
2023-08-28,54.573646545410156,54.76024088494899,54.29820373041527,54.413713866419045,2405541,SHEL
2023-08-29,55.097877502441406,55.11120833194567,54.45813665496568,54.73357945405898,2925694,SHEL
2023-08-30,55.30224609375,55.58657612903045,55.213390839298995,55.479949823689246,2464087,SHEL
2023-08-31,55.1689567565918,55.47994162752443,54.98680605398777,55.47994162752443,3051592,SHEL
2023-09-01,55.8442497253418,56.11969593895452,55.51105013655221,55.986414747646094,2924792,SHEL
2023-09-05,55.8442497253418,56.47955041021319,55.653215158856504,56.23520607878973,3944605,SHEL
2023-09-06,56.32405471801758,56.49287800259502,55.92430607248886,56.00418258879853,3640134,SHEL
2023-09-07,56.00417709350586,56.44844314283269,56.00417709350586,56.22631011816927,3041259,SHEL
2023-09-08,56.155235290527344,56.54618823533871,55.89756014101285,55.97752817398351,4476333,SHEL
2023-09-11,56.4395637512207,56.8838264460002,56.29739873983652,56.75943587420542,4328969,SHEL
2023-09-12,56.92825698852539,56.99934119048461,56.49287811470976,56.49287811470976,5717953,SHEL
2023-09-13,56.803863525390625,57.10152099738621,56.55507559530254,57.07930633670777,4737805,SHEL
2023-09-14,58.05668640136719,58.08334805972449,57.18592870597042,57.221470804817955,7459641,SHEL
2023-09-15,57.443603515625,58.056686075154,57.408061416977176,57.701278646600095,4787592,SHEL
2023-09-18,57.958961486816406,57.98561636960716,57.54135024585986,57.85233517669035,3410816,SHEL
2023-09-19,57.9056396484375,58.3987752718722,57.834555448185434,58.287708751089276,5506664,SHEL
2023-09-20,57.6923942565918,58.234399424368746,57.52588260068834,57.7279363569827,12779342,SHEL
2023-09-21,57.274784088134766,58.0877918545264,57.2481292070994,57.87009902779991,6842505,SHEL
2023-09-22,57.328094482421875,57.99449363150548,57.292559159957925,57.73682525934699,5412388,SHEL
2023-09-25,57.49691390991211,57.59465298753387,56.910486223143764,57.230358335549134,2845251,SHEL
2023-09-26,56.78609085083008,57.283670086258304,56.675024329576736,56.99934006300825,3187826,SHEL
2023-09-27,57.68349838256836,57.7856844479723,57.16814817266133,57.31031655289561,5079809,SHEL
2023-09-28,58.48318862915039,58.60758259376202,57.83455714599319,57.83455714599319,6326736,SHEL
2023-09-29,57.20369338989258,58.15442245297519,56.99044758686371,58.12776757496681,7010794,SHEL
2023-10-02,56.29740524291992,57.416957802689346,56.075272175130294,57.35476081486678,5976742,SHEL
2023-10-03,56.30628204345703,56.37292263336903,55.835361083179684,56.244085063400824,4414530,SHEL
2023-10-04,55.124542236328125,55.65766023665592,54.72470204134148,55.63100535348401,8040217,SHEL
2023-10-05,55.67542266845703,55.67542266845703,54.77800671597175,54.78689054582639,5707383,SHEL
2023-10-06,57.33697509765625,57.46136904883877,56.0308352207589,56.50175614723012,6938644,SHEL
2023-10-09,58.749752044677734,58.75863248590625,58.0478107867473,58.18109197376547,7330905,SHEL
2023-10-10,59.06962585449219,59.14959050158963,58.50540598821829,58.66978228211611,5700124,SHEL
2023-10-11,58.9541015625,59.22955111423874,58.474293430624016,59.06961507028008,6390396,SHEL
2023-10-12,59.122928619384766,59.353948870808516,58.638680236503696,59.06961886096473,5893114,SHEL
2023-10-13,59.86928939819336,60.07809498031553,59.47389289184834,59.65604359607607,8064370,SHEL
2023-10-16,60.51792526245117,60.615664341241725,60.073659187571316,60.43795384391239,5770166,SHEL
2023-10-17,60.84669494628906,61.05994080038797,60.491280670148555,60.509048333422015,6255736,SHEL
2023-10-18,60.855560302734375,61.04215122618665,60.50014611469881,60.79336332825029,6260077,SHEL
2023-10-19,60.509029388427734,60.78447892515095,59.92260177852163,60.206931754619426,6302041,SHEL
2023-10-20,59.57609176635742,60.4157544952997,59.549430103771094,60.16251954295423,5387530,SHEL
2023-10-23,59.59384536743164,60.17139256585233,59.47833863933218,60.14473768851874,9927224,SHEL
2023-10-24,59.238441467285156,59.80266132496938,59.11849449846507,59.771559443374116,6852836,SHEL
2023-10-25,59.40726089477539,59.69159091546234,59.26509249495071,59.433915775001914,4833452,SHEL
2023-10-26,58.83860778808594,59.007431088034565,58.43432397976855,58.95411454233524,6078993,SHEL
2023-10-27,58.96299362182617,59.91372274480685,58.72308614671237,59.80709644709379,6047687,SHEL
2023-10-30,58.72309494018555,59.30766528207306,58.54823836093344,59.13182575314306,5004480,SHEL
2023-10-31,57.87898635864258,58.4787482989373,57.44360748331843,57.932296120815394,8911754,SHEL
2023-11-01,58.10111999511719,58.69643494195542,57.89231438587409,58.20774629950602,6488388,SHEL
2023-11-02,60.90888977050781,61.0777062919754,59.73158044633816,59.87818908424441,6577759,SHEL
2023-11-03,58.76751708984375,59.50500041674475,58.57648592749362,59.37171923566009,6737517,SHEL
2023-11-06,59.380611419677734,59.93149707173679,59.35395653702494,59.860419644317034,4441875,SHEL
2023-11-07,58.189971923828125,58.607583142777486,58.025595635972074,58.54538615988903,4288852,SHEL
2023-11-08,57.23923873901367,57.88787018290506,57.132619220922436,57.674624367760345,6552348,SHEL
2023-11-09,57.58576965332031,58.105560176308515,57.474703128434896,57.47915012796644,4520192,SHEL
2023-11-10,58.2877082824707,58.35435226178213,57.59465428299119,58.11000456223169,4183932,SHEL
2023-11-13,58.67866516113281,58.88302376345958,58.17664231717636,58.27882161833974,3929212,SHEL
2023-11-14,58.97188186645508,59.20289534707221,58.625354866566994,58.66977740716456,3706054,SHEL
2023-11-15,58.598697662353516,59.346308808349356,58.58981722093631,59.00742845228382,3920916,SHEL
2023-11-16,57.98118209838867,58.1786423327657,57.62216411294848,58.03503924720873,5498582,SHEL
2023-11-17,59.121070861816406,59.426231735462075,58.59151772830863,58.59151772830863,4783860,SHEL
2023-11-20,59.84807586669922,60.341726499840604,59.64613037048653,59.776270893206075,4445579,SHEL
2023-11-21,59.7044677734375,59.942322611480925,59.54740209270619,59.78525008305024,3786288,SHEL
2023-11-22,58.717166900634766,58.82038910983088,57.61319462239551,57.864505162232135,6170963,SHEL
2023-11-24,59.22877502441406,59.82115583489789,59.21082720335384,59.38136231807489,2036330,SHEL
2023-11-27,59.06721115112305,59.480079469917285,58.937070630686435,59.38135619271999,3559317,SHEL
2023-11-28,59.23775100708008,59.6865218480428,59.16146078584036,59.41725660438533,3074245,SHEL
2023-11-29,59.103111267089844,59.31851932745311,58.815898237372565,59.27364635738093,7969490,SHEL
2023-11-30,59.0582389831543,60.25905830197751,58.76653385965164,59.67753801985603,6604567,SHEL
2023-12-01,58.726139068603516,59.453145473147934,58.69472183003776,58.977449586337485,6554278,SHEL
2023-12-04,58.24147033691406,58.53766069036266,57.99015979981776,58.21454518618211,6188176,SHEL
2023-12-05,57.58626937866211,58.254933453715516,57.568314712874894,58.05298797365038,6521106,SHEL
2023-12-06,56.58999252319336,57.568312923377775,56.57204128181346,57.541387773232536,6464874,SHEL
2023-12-07,56.78745651245117,57.12852327354096,56.590085288139754,56.89516054400868,5329522,SHEL
2023-12-08,57.56831741333008,57.68948744613253,57.02081649201402,57.06569631088869,5831511,SHEL
2023-12-11,57.334957122802734,57.88245461089127,57.2586634863323,57.5593390940853,4608888,SHEL
2023-12-12,57.17340087890625,57.40676018953139,56.917601658633714,57.19135212185426,5417771,SHEL
2023-12-13,57.64012145996094,57.64909879313168,56.61692460485976,57.10159445674756,5627025,SHEL
2023-12-14,58.77999496459961,58.88770241718654,58.24595663969979,58.39405181911981,6924106,SHEL
2023-12-15,57.514469146728516,58.19659585344024,57.48754399352926,58.0709405733776,6033068,SHEL
2023-12-18,58.079917907714844,58.672298668902364,58.05299275451526,58.51074090200569,4674660,SHEL
2023-12-19,58.788970947265625,58.87423848930945,58.47483277739246,58.67229301208374,4870480,SHEL
2023-12-20,58.39405059814453,59.56085734316047,58.39405059814453,59.25568965772768,7623867,SHEL
2023-12-21,58.923606872558594,59.20184257475931,58.61395392774868,58.851801901765214,8997217,SHEL
2023-12-22,59.06721115112305,59.42174392171421,58.91463072090108,59.25569406746178,3487230,SHEL
2023-12-26,59.33647537231445,59.56086077098522,59.10311264034115,59.16594027806101,2649997,SHEL
2023-12-27,59.354427337646484,59.5608649318326,59.19915575346995,59.417254979755405,3402886,SHEL
2023-12-28,58.74409866333008,59.41725490552729,58.73961342022055,59.2736518013289,3227686,SHEL
2023-12-29,59.0582389831543,59.345452016208405,58.9325837091743,59.318520016613675,3041426,SHEL
2024-01-02,59.1569709777832,59.61471226990009,58.941556060399776,59.11209115807022,4934145,SHEL
2024-01-03,60.07245635986328,60.216059447405335,59.183892140582174,59.31851789524703,4389824,SHEL
2024-01-04,59.56086349487305,60.71869302668894,59.52496100771993,60.431479977163235,3420027,SHEL
2024-01-05,58.99541091918945,59.92884813408549,58.86077831298561,59.77626770931391,6441927,SHEL
2024-01-08,57.999141693115234,58.259429583488206,57.599735947889265,58.259429583488206,8500321,SHEL
2024-01-09,57.352909088134766,57.88245534042506,57.26764154127811,57.83758236945239,4761449,SHEL
2024-01-10,56.60794448852539,57.231735583095194,56.450875404254084,57.17339661575135,5538011,SHEL
2024-01-11,56.72462463378906,57.25417426646963,56.329704174526086,57.245196933932284,6864320,SHEL
2024-01-12,57.263153076171875,57.68051005480043,56.989402615789196,57.53241486990171,4422731,SHEL
2024-01-16,55.43217086791992,56.616928997366585,55.423196957902384,56.47331904628847,5960886,SHEL
2024-01-17,54.78594207763672,54.83081847449844,54.15497110422889,54.42692405504371,5755790,SHEL
2024-01-18,55.064178466796875,55.100080954265756,54.53014351705832,54.938523184505456,6001278,SHEL
2024-01-19,54.84877014160156,55.01032791063114,54.52565460354241,55.0013505768797,3884440,SHEL
2024-01-22,54.91159439086914,55.01032451293915,54.242926869371495,54.47179750815259,4857336,SHEL
2024-01-23,54.884666442871094,54.90261426065181,54.516674549079916,54.543599699600236,3955206,SHEL
2024-01-24,55.162906646728516,55.37831814008252,54.9833976395751,55.13598149400284,5382358,SHEL
2024-01-25,56.08737564086914,56.10532345973771,55.109055167757866,55.47704708385388,5787649,SHEL
2024-01-26,56.69770812988281,56.75156186502379,56.069431672487646,56.275865854753185,5348091,SHEL
2024-01-29,56.913116455078125,56.913116455078125,56.28483660906512,56.74258477246947,4660680,SHEL
2024-01-30,57.343929290771484,57.487539226190435,56.54511785617474,56.76052933545387,4431459,SHEL
2024-01-31,56.4643440246582,57.22276780057243,56.36561389716054,57.05672136579457,6776727,SHEL
2024-02-01,57.514469146728516,58.32225798120207,57.29008373980248,57.66704957999041,10950785,SHEL
2024-02-02,56.81438064575195,57.325979066289456,56.549607526284895,57.21827503666297,5547851,SHEL
2024-02-05,56.52717208862305,56.693218524645005,56.15020624318895,56.5451233322889,4426312,SHEL
2024-02-06,57.12852096557617,57.415733987359225,56.61692255653454,56.652821616370446,5139418,SHEL
2024-02-07,57.04774475097656,57.10159505516765,56.455367437928366,56.80540811056828,4578603,SHEL
2024-02-08,57.04774475097656,57.20032517798393,56.742580473112376,56.76950562520792,4720812,SHEL
2024-02-09,57.20929718017578,57.59523687836265,57.05222467732342,57.33495244337836,3620567,SHEL
2024-02-12,57.577293395996094,57.671531426643746,57.12861162865661,57.41573563861562,4204223,SHEL
2024-02-13,56.92208480834961,57.62216613833121,56.66180035479836,57.55036801687832,4707926,SHEL
2024-02-14,56.931060791015625,57.42021929232318,56.79642818897447,57.182371329386534,3777604,SHEL
2024-02-15,57.69145965576172,57.732290262454526,56.28501209439791,56.31223596025404,5497231,SHEL
2024-02-16,57.68238067626953,57.986353380524974,57.57240526394399,57.70960107921955,3977906,SHEL
2024-02-20,57.727745056152344,58.01810753824916,57.437382574055526,58.01810753824916,7343288,SHEL
2024-02-21,58.4173583984375,58.426434173551705,57.70960024086612,57.854781490147275,6747228,SHEL
2024-02-22,58.190513610839844,58.494486316586155,57.90015456802938,58.38106335521269,5172043,SHEL
2024-02-23,58.009037017822266,58.10884977313912,57.514511128678016,57.92737235087156,3176388,SHEL
2024-02-26,57.509971618652344,57.63700476459151,57.18331297972671,57.337566525111804,6115259,SHEL
2024-02-27,57.52812194824219,57.90922140091747,57.464605372796306,57.76404016255635,3225053,SHEL
2024-02-28,56.7840690612793,57.582564161147204,56.75230731138382,57.35571825430872,4095859,SHEL
2024-02-29,57.010921478271484,57.473685658052375,56.88388484836462,57.23776741101381,2914810,SHEL
2024-03-01,57.673301696777344,57.98181225299945,57.33756727935757,57.51904468796946,4818352,SHEL
2024-03-04,57.0290641784668,57.78219431117401,57.01999186447735,57.67330923632995,3194123,SHEL
2024-03-05,57.04720687866211,57.416966809244336,56.88378755488984,56.95646990176289,3776959,SHEL
2024-03-06,57.93644714355469,58.36273859243181,57.863858248377824,58.23588542231871,4168220,SHEL
2024-03-07,58.29939651489258,58.43550543995177,57.90014897552269,58.009034038733795,4214556,SHEL
2024-03-08,58.3629150390625,58.65327752491703,58.11792450400526,58.58976094747347,2200250,SHEL
2024-03-11,58.335693359375,58.39013416090859,57.813947089184154,58.08162705516817,3219491,SHEL
2024-03-12,58.53532028198242,58.90734397279899,58.390135577320905,58.65327766242909,3379014,SHEL
2024-03-13,59.62417221069336,59.67407858283051,58.96178609627711,58.979930721241935,4646860,SHEL
2024-03-14,59.68769073486328,59.68769073486328,59.007153050432116,59.45176906588003,4606613,SHEL
2024-03-15,59.760284423828125,59.878241799573324,59.38371939925742,59.59695509898767,4216901,SHEL
2024-03-18,60.01435089111328,60.14592539018325,59.478997888794055,59.94175854147381,3716208,SHEL
2024-03-19,60.31378936767578,60.558779895144205,60.11416386681169,60.14138426733179,2776339,SHEL
2024-03-20,60.73118209838867,60.84913946927795,59.978052080251196,60.068789051918884,3904170,SHEL
2024-03-21,60.658592224121094,61.15765597281384,60.64951644974828,61.02154704837151,4038391,SHEL
2024-03-22,60.722110748291016,60.77655847348816,60.42721383818953,60.76748269882402,2962685,SHEL
2024-03-25,61.17580032348633,61.448018171146046,60.9852505992395,60.9852505992395,2918439,SHEL
2024-03-26,60.57692337036133,61.51152725185479,60.576923370361335,61.50245147862853,3678928,SHEL
2024-03-27,60.57692337036133,60.62228839091944,60.15045202495288,60.24118898885568,2813776,SHEL
2024-03-28,60.83100128173828,61.01021149262894,60.6676719463366,60.6676719463366,2876269,SHEL
2024-04-01,61.62950134277344,61.711169478406454,60.423593127256176,60.83100615176566,3104385,SHEL
2024-04-02,63.299068450927734,63.31721307305342,62.187525161203524,62.27372076978306,8048802,SHEL
2024-04-03,63.59851837158203,63.625745696937074,62.85446403600237,63.008724521862135,6214206,SHEL
2024-04-04,63.74370574951172,64.12480524697199,63.507784046079415,63.96147590194783,5377096,SHEL
2024-04-05,64.68738555908203,64.79627409655728,63.37167502504568,63.961475821490374,4968577,SHEL
2024-04-08,65.16829681396484,65.35884655951936,64.59664757730127,64.78719732285579,5096694,SHEL
2024-04-09,65.18643951416016,65.98494157415215,65.08663367944916,65.78531605915414,4663489,SHEL
2024-04-10,65.9214096069336,65.9304853798936,65.25901663658088,65.60382678119726,4666561,SHEL
2024-04-11,65.93049621582031,66.32066452100318,65.04125723482237,66.29344412043578,4996448,SHEL
2024-04-12,65.73087310791016,67.0919485681383,65.58115397655052,66.64732560005658,7385441,SHEL
2024-04-15,65.27719116210938,65.98040805137043,65.02765923876409,65.8034684916872,7277935,SHEL
2024-04-16,64.47867584228516,65.13199313627304,64.27905034436803,64.91422301253955,5079860,SHEL
2024-04-17,64.55126190185547,65.07754599549034,64.07942552593966,64.61477847020542,4047598,SHEL
2024-04-18,64.45145416259766,64.92102682367734,64.21553249494418,64.70552045570726,3862612,SHEL
2024-04-19,65.39512634277344,65.40873654098736,64.10664347808773,64.17923581708631,5567990,SHEL
2024-04-22,65.68550109863281,66.0393801641558,64.93246101274538,65.32254625833576,3634539,SHEL
2024-04-23,66.03030395507812,66.12558228260968,65.47680630768069,65.65828026524171,3239783,SHEL
2024-04-24,66.35696411132812,66.42955646510246,65.86697610753318,66.31159908231008,4563871,SHEL
2024-04-25,66.48399353027344,66.69269480494125,65.81253160259058,66.14826602782576,4190457,SHEL
2024-04-26,66.48399353027344,66.58834762900109,65.94864052756633,66.39325655455211,3880010,SHEL
2024-04-29,66.34790802001953,66.51577181296885,65.98041175440113,66.28439142894769,3294253,SHEL
2024-04-30,65.02311706542969,66.2027116818551,64.97774511284916,66.1664155043483,4276821,SHEL
2024-05-01,64.37886810302734,64.92330383890796,64.04314057839397,64.7871949049378,4957347,SHEL
2024-05-02,65.43144226074219,65.9849468977884,65.31348486635753,65.44051803655287,5134479,SHEL
2024-05-03,65.6673583984375,65.84883236251626,65.28625199741133,65.79439155785023,4407390,SHEL
2024-05-06,66.03938293457031,66.36150718607915,65.89420514603381,66.04845870972511,3585670,SHEL
2024-05-07,66.21177673339844,66.74712968864621,66.10288821851337,66.63824809654803,3254813,SHEL
2024-05-08,65.90326690673828,66.00307965433635,65.3905998916617,65.60383558673142,3138203,SHEL
2024-05-09,66.73806762695312,66.80158420306743,66.18456306819088,66.18456306819088,4173306,SHEL
2024-05-10,67.22805786132812,67.38231835818966,67.03750810698115,67.28250559313335,4451030,SHEL
2024-05-13,67.3006362915039,67.69535284353928,67.0647215527372,67.4095248097873,3495386,SHEL
2024-05-14,67.20082092285156,67.21897246991685,66.58379985558177,67.02842276245237,3327760,SHEL
2024-05-15,66.51121520996094,66.68815472057967,65.63105208229292,66.46584326455637,4724607,SHEL
2024-05-16,65.71247863769531,66.25291109170799,65.69416209156407,66.12467430364684,5038094,SHEL
2024-05-17,65.87734985351562,65.94146824204425,65.27280604572863,65.40104282278587,4790547,SHEL
2024-05-20,65.57508087158203,65.81782228231293,65.46974500620281,65.6208827200326,3816758,SHEL
2024-05-21,65.40104675292969,65.81323541990045,65.31860482650714,65.52928353769306,2870551,SHEL
2024-05-22,64.5675048828125,64.94306048300389,64.29271474966912,64.94306048300389,3504169,SHEL
2024-05-23,64.45758056640625,65.36439973045117,64.26347831471777,65.09876442211885,3029329,SHEL
2024-05-24,64.8697738647461,65.17204927067262,64.71405877261924,64.96137056668069,2352149,SHEL
2024-05-28,65.71247863769531,65.78575879898192,65.07129469738958,65.36440835415517,3078948,SHEL
2024-05-29,65.44683837890625,65.90482886997874,65.29112328915288,65.89567409179111,3074933,SHEL
2024-05-30,65.44683837890625,65.648355313119,65.18121004385887,65.20868835518237,4123137,SHEL
2024-05-31,66.66510009765625,66.70174017848004,65.72164072868162,65.84987751737442,3739175,SHEL
2024-06-03,64.86062622070312,66.53687348577361,64.8331479029777,66.53687348577361,3495760,SHEL
2024-06-04,64.20111083984375,64.2469126894081,63.39505000153118,64.06371926791286,3608313,SHEL
2024-06-05,63.944644927978516,64.43011384274183,63.843984274897224,64.40263552505816,2345469,SHEL
2024-06-06,64.34767150878906,64.50338661672342,63.93548281404962,64.05455783981452,2759238,SHEL
2024-06-07,63.6148796081543,64.42094738547077,63.58282390612774,64.11867196897708,2884229,SHEL
2024-06-10,64.70490264892578,64.87435691170218,63.90799659699655,64.08203523771674,2629620,SHEL
2024-06-11,64.38431549072266,64.4209555751114,64.00875986702412,64.31103532194516,3866629,SHEL
2024-06-12,64.49423217773438,65.31860957156262,64.3293553012925,65.28196948919985,4147269,SHEL
2024-06-13,63.898834228515625,64.37514125657158,63.70647906400955,64.37514125657158,3555578,SHEL
2024-06-14,63.20269775390625,63.58740814997936,62.79966382180219,63.52328975063384,4109381,SHEL
2024-06-17,63.340087890625,63.63320153267682,63.15231010739699,63.58739968707666,5206625,SHEL
2024-06-18,63.68817138671875,64.01792517607478,63.61947559242871,63.70649492411737,4162556,SHEL
2024-06-20,64.14614868164062,64.649941029897,64.04539021198936,64.11867036962309,3182240,SHEL
2024-06-21,64.06372833251953,64.42096044684806,63.92632975276654,64.21944346166129,3306907,SHEL
2024-06-24,65.41936492919922,65.5796644083393,64.62246588807521,64.72322436266941,3661056,SHEL
2024-06-25,65.53845977783203,65.64837305282715,65.2361842948311,65.56593809658081,2562124,SHEL
2024-06-26,64.90641784667969,65.0529711809127,64.55834756304306,64.91557961393826,4847041,SHEL
2024-06-27,65.43769836425781,65.75829038266195,65.17206298089957,65.6483701241883,3650737,SHEL
2024-06-28,66.11551666259766,66.22442359610532,65.63004779344269,65.93232323632904,5230189,SHEL
2024-07-01,66.74755096435547,67.01318634461184,66.43153633976803,66.61931415849126,3548532,SHEL
2024-07-02,66.90325927734375,67.0589743845598,66.54602721331582,67.00401775574969,3041983,SHEL
2024-07-03,66.87577819824219,67.35208526779482,66.81165980448739,66.86661643102556,1570244,SHEL
2024-07-05,67.09561920166016,67.72764843110465,66.95822063155724,67.72764843110465,3754645,SHEL
2024-07-08,66.61014556884766,67.08645265779892,66.51854885809331,66.91242100387998,2492700,SHEL
2024-07-09,66.48190307617188,66.88502780393968,66.33534276082567,66.50021962139992,2648559,SHEL
2024-07-10,66.80249786376953,66.83922879311012,66.40862573504712,66.63762099620246,1989494,SHEL
2024-07-11,66.83914184570312,66.86662016050481,66.37198952893095,66.66510320078422,2302791,SHEL
2024-07-12,66.93990325927734,67.1688985438356,66.77502637486015,67.0956183755654,1653098,SHEL
2024-07-15,66.82998657226562,67.24218229949008,66.81167002341162,67.2146969936363,2373637,SHEL
2024-07-16,66.57350158691406,66.6101416667456,65.81369688739017,66.31702801647398,2527807,SHEL
2024-07-17,67.12309265136719,67.31087045061398,66.78876151278268,66.95821577687408,2393805,SHEL
2024-07-18,67.09561920166016,67.80092161189552,66.91242576711065,67.56277154465747,4577858,SHEL
2024-07-19,66.17964172363281,66.82998753725921,66.15216340576411,66.65594887291483,3878567,SHEL
2024-07-22,66.14299011230469,66.60555802205485,66.11551179922378,66.35366882655947,2981050,SHEL
2024-07-23,65.31861114501953,65.74912338767619,65.01634268791237,65.73538423000684,2851808,SHEL
2024-07-24,65.19953155517578,65.923157424798,65.17205324175913,65.71247870796893,2800232,SHEL
2024-07-25,66.03307342529297,66.45900826611157,64.8697805158522,65.14457763821136,5122833,SHEL
2024-07-26,65.99645233154297,66.39947933233572,65.6300584312367,65.98729056223016,2821584,SHEL
2024-07-29,65.8040771484375,66.19794929067082,65.37357191293779,66.18879451154473,2222286,SHEL
2024-07-30,65.92316436767578,65.96895923206628,65.11709648452953,65.19953842184292,4550720,SHEL
2024-07-31,67.0681381225586,67.3520900309279,66.83914284461399,67.15057306819564,4189661,SHEL
2024-08-01,66.81166076660156,68.20394890320404,66.0422330420832,67.74595837310862,5673079,SHEL
2024-08-02,65.65753173828125,66.12468410021735,65.13542274142861,65.91400535240088,4216225,SHEL
2024-08-05,64.10952758789062,64.36142383661408,62.82715240306605,63.138589671046645,5357967,SHEL
2024-08-06,63.862205505371094,64.17363573516572,62.7813474923744,62.87294420770332,6474368,SHEL
2024-08-07,64.7232437133789,65.20871269699602,64.60416166868444,64.63163999026534,4165650,SHEL
2024-08-08,65.35525512695312,65.63462966353131,64.86062445620577,64.88810277318366,2501145,SHEL
2024-08-09,65.84072875976562,66.11552592605167,64.85605172594138,65.09878619452843,4546040,SHEL
2024-08-12,66.33535766601562,66.47275624543029,65.97812555256674,66.07888404491202,2561235,SHEL
2024-08-13,66.2254409790039,66.32619946615469,65.7170711532456,66.10635895507207,2564839,SHEL
2024-08-14,66.79334259033203,66.8757845263211,66.47275059122225,66.66510579068812,2422763,SHEL
2024-08-15,67.02233123779297,67.26048826571494,66.79792035482603,67.05897131811795,2748558,SHEL
2024-08-16,67.2054214477539,67.26089972505439,66.7107166261086,66.90952554429334,3021388,SHEL
2024-08-19,67.38111877441406,68.11161340203422,67.25628558334394,67.4458457892809,2706901,SHEL
2024-08-20,66.02183532714844,67.08521361489298,65.95710832118388,67.08521361489298,3722995,SHEL
2024-08-21,65.92012023925781,66.3593397107883,65.83689577202182,66.0588229815081,2121998,SHEL
2024-08-22,66.06806182861328,66.17440459078999,65.69819727140217,65.77216595001585,2094303,SHEL
2024-08-23,66.97425842285156,67.06441063136647,66.2437638039383,66.2530125358706,3512937,SHEL
2024-08-26,67.5660400390625,67.871184654132,67.38110775674338,67.43658603049623,2252030,SHEL
2024-08-27,67.1684341430664,67.42272134069091,66.93726524608319,67.38111263236551,2693914,SHEL
2024-08-28,66.53041076660156,66.70148056052618,66.08657040143297,66.30849058401726,2986711,SHEL
2024-08-29,67.0574722290039,67.08521842330421,66.36396552051234,66.55815360703922,2711722,SHEL
2024-08-30,66.26225280761719,66.27149448365411,65.47165211415879,65.7351809755019,3847106,SHEL
2024-09-03,64.15399932861328,64.57934931599696,63.922830397118936,64.44989527873742,4175894,SHEL
2024-09-04,63.349517822265625,64.0522660933851,63.220063822074465,63.61767455257986,5955976,SHEL
2024-09-05,62.98890686035156,63.83498591380815,62.914931116344206,63.700903995955414,3320047,SHEL
2024-09-06,61.87004852294922,62.93341983190754,61.62500299567785,62.7207483920019,5196362,SHEL
2024-09-09,62.35087585449219,62.669890064552305,61.92552592598369,61.9717554730541,4239748,SHEL
2024-09-10,60.936119079589844,62.267647050864305,58.92957133730697,62.23990791360861,10275511,SHEL
2024-09-11,61.2227668762207,61.80530992881097,60.66334212315618,61.77757079126589,5704505,SHEL
2024-09-12,61.93477249145508,62.11970478269962,61.12105347866378,61.389210239268664,5195943,SHEL
2024-09-13,62.36935806274414,62.743857556654625,62.179804951660394,62.36011638737403,3318506,SHEL
2024-09-16,62.93341064453125,63.044374241357964,62.36011636437831,62.803956642257106,2863064,SHEL
2024-09-17,63.016632080078125,63.17844604779428,62.739226628688016,62.82245108599052,3836071,SHEL
2024-09-18,63.03513717651367,63.56220201322923,62.850204868959736,63.220076538782926,3039792,SHEL
2024-09-19,63.95981216430664,64.38516211106771,63.626928370369235,63.91358261525243,4057702,SHEL
2024-09-20,63.543701171875,63.82109958766315,63.127592966121526,63.543701171875,3218593,SHEL
2024-09-23,63.8765869140625,64.39902378810491,63.659287601467064,63.85808945293578,3656096,SHEL
2024-09-24,64.1817398071289,64.48687740792658,64.07539702872224,64.31119383285284,2959174,SHEL
2024-09-25,62.896427154541016,63.70551825239883,62.67533945647526,63.645419139478115,3492400,SHEL
2024-09-26,60.418296813964844,60.778926767388995,59.918978227070454,60.03918350840213,10901002,SHEL
2024-09-27,61.13031005859375,61.222776216088405,60.64947475207655,60.69571135818168,4086283,SHEL
2024-09-30,60.98235321044922,61.24126830531131,60.732693901654514,60.97311153381182,7797171,SHEL
2024-10-01,61.83306121826172,62.12895713432555,60.59399221962777,60.70495583366988,7269776,SHEL
2024-10-02,62.71149826049805,63.246795917132104,62.26303003476428,63.15534564797705,4078640,SHEL
2024-10-03,63.303279876708984,63.39574600991358,62.2861383020309,62.50805843266468,3988747,SHEL
2024-10-04,63.349517822265625,63.65928325520261,62.97039749691015,63.25705168708821,4340555,SHEL
2024-10-07,64.93997192382812,65.24048867856773,63.90895352770213,64.05227712010765,6160842,SHEL
2024-10-08,63.12760925292969,63.86735266197888,62.85021076557324,63.784135232186735,4382107,SHEL
2024-10-09,63.081363677978516,63.33565085117637,62.572789331582825,62.6930016614841,3572047,SHEL
2024-10-10,63.654666900634766,63.673164363851356,63.11836039751173,63.478983328368244,2486917,SHEL
2024-10-11,63.33103561401367,63.673168156749014,63.24781818872744,63.395762629697046,2992024,SHEL
2024-10-14,63.22932434082031,63.39576625562804,62.91493797658127,63.09987030204941,2516661,SHEL
2024-10-15,61.102569580078125,61.463192524718885,61.00085469264453,61.36147763728529,4848618,SHEL
2024-10-16,61.62037658691406,61.94863950324393,61.43544430330376,61.69435232224395,4388765,SHEL
2024-10-17,62.267642974853516,62.267642974853516,61.70359742657618,61.83305142843839,3925122,SHEL
2024-10-18,61.990257263183594,62.11046255961611,61.55565857303577,62.013375565690154,2336306,SHEL
2024-10-21,61.99950408935547,62.49882272362864,61.833062193026,62.32313915035298,3309669,SHEL
2024-10-22,61.96250915527344,62.29539290999208,61.8238064150216,61.97175083116632,3070503,SHEL
2024-10-23,61.51866912841797,61.78682591026984,61.107188751288355,61.620384013076105,2755717,SHEL
2024-10-24,61.40770721435547,62.013368576301325,61.269004469664395,61.85154753170931,3117426,SHEL
2024-10-25,61.81455993652344,62.03676228477018,61.58801893874907,61.87928694370393,3356355,SHEL
2024-10-28,61.065574645996094,61.16266162886498,60.288843509471775,60.39055838514418,4784845,SHEL
2024-10-29,60.36281967163086,60.852896591654144,60.19175694984925,60.81590872253913,3435490,SHEL
2024-10-30,60.640228271484375,60.80657845238194,60.20562960549566,60.4183010454167,4035047,SHEL
2024-10-31,62.46183776855469,62.59129178437786,61.26900543299998,61.315234978814104,11464934,SHEL
2024-11-01,62.40635299682617,62.96115693457617,62.22142070248111,62.887188249667034,8591310,SHEL
2024-11-04,62.63752746582031,63.37727081845513,62.51270133065161,63.05363574719569,4849899,SHEL
2024-11-05,63.081363677978516,63.44198655825394,62.78083990793954,63.32178128306686,4016691,SHEL
2024-11-06,63.201576232910156,63.2848007058674,61.8284323941932,62.082719596680604,7714955,SHEL
2024-11-07,63.441993713378906,63.64079558184586,63.058252491403756,63.45124244473306,5233977,SHEL
2024-11-08,62.00873565673828,62.582036996119704,61.652740675038096,62.572788265966146,4155931,SHEL
2024-11-11,61.80531311035156,61.87004717424176,61.342975314895135,61.66661741548655,4718512,SHEL
2024-11-12,60.630977630615234,61.037837144211124,60.05573618348997,60.880636933685096,6833881,SHEL
2024-11-13,60.547760009765625,60.84365591282171,59.60458696865794,60.11316135893315,5945070,SHEL
2024-11-14,60.834415435791016,61.13956011135849,60.704961401559196,60.91763286291901,5438087,SHEL
2024-11-15,61.17828369140625,61.45861368549919,60.99138989940843,61.19696950597144,4349310,SHEL
2024-11-18,61.972557067871094,62.2061689396784,61.59410697622623,61.77632395106518,3329354,SHEL
2024-11-19,61.495994567871094,61.841742748056745,61.26238266675714,61.56140561501223,2892520,SHEL
2024-11-20,61.14090347290039,61.44927287538073,60.851227013808035,61.290411373659055,2743029,SHEL
2024-11-21,61.92584228515625,62.033308897384444,61.53141543617622,61.65485874191665,3951162,SHEL
2024-11-22,61.701568603515625,61.87911591367761,61.374513397376816,61.42123862508328,3597854,SHEL
2024-11-25,60.78582000732422,61.77633219459677,60.73909477502025,61.636163626954364,3328569,SHEL
2024-11-26,60.54286193847656,60.80450613045635,60.20757952145702,60.79515965809435,3616911,SHEL
2024-11-27,60.65499496459961,60.77647058170979,60.318593270312334,60.44941535928303,3006582,SHEL
2024-11-29,60.49613571166992,60.74376375567165,60.41203884960265,60.505482183878314,2225476,SHEL
2024-12-02,60.12235641479492,60.486797545317096,59.631773553352865,60.43072584024546,4055621,SHEL
2024-12-03,61.000736236572266,61.27172688741857,60.71105977120205,61.206315842681136,3877213,SHEL
2024-12-04,60.00088119506836,61.29041635209151,59.888744913439105,61.29041635209151,5089776,SHEL
2024-12-05,60.1317024230957,60.38316601699558,59.73923613697106,60.103670135411015,4866267,SHEL
2024-12-06,59.10380935668945,60.06628922213112,58.87019746199898,60.03825693545134,5011472,SHEL
2024-12-09,60.45875549316406,61.332468827194745,60.384005105109004,60.505480723809065,4651261,SHEL
2024-12-10,60.15973663330078,60.59892816578145,60.010228717781466,60.53351711600367,3491490,SHEL
2024-12-11,60.29990005493164,60.30924652675005,59.60841085502046,60.141045680364186,3481334,SHEL
2024-12-12,59.804649353027344,60.398025604522445,59.71120601426719,60.05694708060673,3859369,SHEL
2024-12-13,59.37480163574219,59.81866282195328,59.28135473652662,59.7672679185434,4470658,SHEL
2024-12-16,58.075923919677734,59.08605948060925,58.01985577639902,59.075782638020875,4347912,SHEL
2024-12-17,57.82361602783203,58.01050625281368,57.55262537984038,57.692793939735246,4892890,SHEL
2024-12-18,56.65555953979492,58.20674242836931,56.56211264010084,58.01985219361588,5368474,SHEL
2024-12-19,56.79572296142578,57.50590512079332,56.640233598420146,57.39376884428183,5766796,SHEL
2024-12-20,56.66490173339844,57.02541106322754,56.20235117080434,56.281778361067374,4317494,SHEL
2024-12-23,57.15081024169922,57.271355483313044,56.52005887795193,56.65555419625288,3300496,SHEL
2024-12-24,57.41245651245117,57.59467350055784,56.98261149253978,57.347045468753116,1369651,SHEL
2024-12-26,57.33770751953125,57.72083090773412,57.30500199485423,57.44984023776176,2288924,SHEL
2024-12-27,57.64606857299805,58.04321163687805,57.40311377634357,57.5713146219638,3639761,SHEL
2024-12-30,57.73017120361328,57.907718527799425,57.52459515693124,57.879682676034165,3706451,SHEL
2024-12-31,58.54314422607422,58.678635992723684,58.04321489702165,58.52445484610728,2955803,SHEL
2025-01-02,58.96364212036133,59.17856820518962,58.683308553353804,58.85150940648526,3859596,SHEL
2025-01-03,60.29055404663086,60.46810136620014,60.01489372465584,60.22514300193731,5296222,SHEL
2025-01-06,60.50547790527344,61.04745918672359,60.37465582068463,60.570888947567845,3840987,SHEL
2025-01-07,61.60812759399414,61.93051314119235,61.360499562229826,61.66419216593503,5067591,SHEL
2025-01-08,60.477447509765625,60.524165610425,59.627100368731334,59.70185432027474,5750864,SHEL
2025-01-10,60.68303298950195,61.79502085090986,60.3466312634023,61.645512933348805,4352054,SHEL
2025-01-13,60.701717376708984,61.10894838896205,60.52417004509451,60.55220946266758,3703069,SHEL
2025-01-14,61.589447021484375,61.73428526417116,60.83253958951875,60.9259829271293,4228835,SHEL
2025-01-15,62.00994110107422,62.12207737562329,61.60345869089622,61.78567568124524,3459781,SHEL
2025-01-16,62.09402847290039,62.36501908137172,61.79033591180856,61.851077275734156,3622189,SHEL
2025-01-17,62.34634017944336,62.86962851351057,62.15010705416816,62.42109769267263,3486314,SHEL
2025-01-21,62.3930549621582,62.654706244554276,62.206168318286636,62.56125579335001,4715386,SHEL
2025-01-22,61.62681579589844,62.45847358183239,61.617476453059155,62.45847358183239,4912864,SHEL
2025-01-23,62.29029083251953,62.51922596998985,62.028639472271095,62.32766246899871,3588463,SHEL
2025-01-24,61.10353088378906,62.098719906226634,61.03811983386597,62.02863205534991,4915895,SHEL
2025-01-27,60.86991882324219,61.094184261103464,60.43072729086446,61.01943386799619,4245483,SHEL
2025-01-28,60.34663009643555,61.019433535624366,60.00088190427749,60.879264964248414,3776182,SHEL
2025-01-29,60.533512115478516,60.70638263362443,60.169078135497365,60.21580336545152,4246173,SHEL
2025-01-30,62.28093338012695,62.56126337992892,61.62681578871702,61.701573307038615,6257910,SHEL
2025-01-31,61.53337478637695,62.71545046369631,61.38386687333964,62.673402031523594,5424691,SHEL
2025-02-03,60.897945404052734,61.45861251079132,60.67367998721111,61.019428148846615,4841684,SHEL
2025-02-04,62.262229919433594,62.30428547217939,60.90728399274288,60.90728399274288,3579851,SHEL
2025-02-05,62.168800354003906,62.36503350290886,61.860430921751956,62.0753570158496,3264989,SHEL
2025-02-06,61.823055267333984,62.51454447980714,61.50066971179868,62.477165721123555,4125398,SHEL
2025-02-07,61.570743560791016,62.08469252377663,61.49598605176248,61.95387044761092,4075314,SHEL
2025-02-10,61.79501724243164,61.9538787527303,61.43058324864953,61.43058324864953,4059506,SHEL
2025-02-11,62.963077545166016,63.27611663974896,62.280934780632876,62.52389315600677,3529541,SHEL
2025-02-12,62.38371658325195,63.09389154433919,62.182806665184216,62.56125675888947,3067602,SHEL
2025-02-13,62.9537353515625,63.14529168515005,62.075352354478326,62.26223901675322,2978435,SHEL
2025-02-14,63.4033088684082,64.45168834735505,63.37497545641275,64.07389270709315,2934859,SHEL
2025-02-18,64.05500030517578,64.31473523444977,63.705538108893336,63.83776549000522,3333484,SHEL
2025-02-19,63.847225189208984,64.37141498602094,63.69611124008611,64.02667975927984,2428811,SHEL
2025-02-20,64.58391571044922,64.68308985823955,64.01920746268105,64.18723353099284,2806615,SHEL
2025-02-21,62.99717712402344,63.81888206603932,62.84606319788789,63.79054865525467,3330231,SHEL
2025-02-24,63.176631927490234,63.436366870508316,62.79411646861461,63.242745621544636,2888768,SHEL
2025-02-25,63.186073303222656,63.91332387455798,63.02551251817937,63.88499046612112,3070540,SHEL
2025-02-26,63.658321380615234,63.79054876841297,62.997177235774366,63.40330627139661,3444804,SHEL
2025-02-27,63.53553771972656,64.11167446303116,63.25219638741698,63.33719662535405,4014574,SHEL
2025-02-28,63.71499252319336,63.71499252319336,62.6949464288476,63.00190854736464,3989273,SHEL
2025-03-03,62.77050018310547,64.7255847153493,62.31242417768476,64.62169074262387,6588422,SHEL
2025-03-04,62.52492904663086,62.86494435866439,61.457663165212686,61.84962546119166,9111982,SHEL
2025-03-05,62.43048858642578,62.902731324909865,61.6229575388953,62.77522376788051,5766021,SHEL
2025-03-06,62.34547805786133,62.581599388115166,61.627667196251345,61.627667196251345,6581395,SHEL
2025-03-07,63.082183837890625,63.341918776854534,62.506047139044185,62.89800946405297,4409986,SHEL
2025-03-10,63.082183837890625,63.488312868129064,62.56271395996282,63.21441122393551,3789404,SHEL
2025-03-11,63.1010627746582,63.65358582961045,62.64771385021846,63.26163075767137,4796329,SHEL
2025-03-12,63.639427185058594,63.85666200967343,62.524934063054616,62.58160809017492,5156506,SHEL
2025-03-13,63.97945022583008,64.40447305405935,63.78110912166429,63.80944253570897,8866538,SHEL
2025-03-14,64.95226287841797,64.97587645643917,63.951110581819684,64.10223171647347,3572376,SHEL
2025-03-17,66.20844268798828,66.26983656117095,65.47174503321096,65.78342702741789,5917752,SHEL
2025-03-18,67.0301284790039,67.0395753504293,66.22731734828247,66.50121897280656,5306929,SHEL
2025-03-19,67.54959869384766,67.79989397667246,67.31707304302073,67.5118256156105,5026783,SHEL
2025-03-20,67.95572662353516,68.05018093513272,67.21902911052874,67.32292308860424,3981937,SHEL
2025-03-21,67.06790924072266,67.54959159910536,66.84122755999377,67.417364221606,3756595,SHEL
2025-03-24,67.32292938232422,67.39377012264497,66.97347433781243,67.02069429217333,4392195,SHEL
2025-03-25,68.03128814697266,69.17411471601866,67.85183359943694,68.59797799526415,7373463,SHEL
2025-03-26,68.97577667236328,69.70775439471426,68.66409472000439,69.1977313469959,8163168,SHEL
2025-03-27,69.2213363647461,70.06192780076313,68.65464656154441,68.85298763237242,7774269,SHEL
2025-03-28,68.69242858886719,69.15522443256458,68.47991360214358,69.11744415061042,6539155,SHEL
2025-03-31,69.21189880371094,69.39607319467369,68.39020100057839,68.42797408080168,6126727,SHEL
2025-04-01,68.99466705322266,69.06078074845142,68.39019692374472,68.71131852746947,3645504,SHEL
2025-04-02,68.6829833984375,68.77743050270918,67.88961186968066,68.37602130223935,3600782,SHEL
2025-04-03,65.89674377441406,67.17180484045333,65.76451639370435,66.72789554556283,7322295,SHEL
2025-04-04,60.56985092163086,63.299413368092374,60.357343130912334,63.034958588011335,9977728,SHEL
2025-04-07,58.86033248901367,60.56040916787321,56.98099582821039,57.07525557913719,14908212,SHEL
2025-04-08,56.43300247192383,60.036212964500464,55.73502926234347,59.63480739135229,9287024,SHEL
2025-04-09,60.34317398071289,60.900424135468214,55.294898168078134,56.31022073322383,11990502,SHEL
2025-04-10,56.461341857910156,58.96422986613892,55.70103074458854,58.72810849188814,12826946,SHEL
2025-04-11,58.643104553222656,58.98311990803323,56.971364794021504,57.58528180719906,8669771,SHEL
2025-04-14,59.06812286376953,59.33257764559073,58.41170574251607,59.2806306558864,4860450,SHEL
2025-04-15,59.29479217529297,59.90870912559598,59.10589797790053,59.3325724559418,4072956,SHEL
2025-04-16,60.47540283203125,61.30182760927389,60.2298381977952,60.46595595979557,6013438,SHEL
2025-04-17,61.42932891845703,62.014912438045236,60.7398514323959,60.7965254541957,4512623,SHEL
2025-04-21,61.06098556518555,61.14598579657238,60.33373133893664,61.07987210354303,4498725,SHEL
2025-04-22,61.55211639404297,62.09519986318856,61.26404803725507,61.75990435052634,5567277,SHEL
2025-04-23,60.92876052856445,62.43993586025836,60.7681925199998,62.43993586025836,5767795,SHEL
2025-04-24,61.438785552978516,61.62767977339116,61.01376274827115,61.523785790408425,5482284,SHEL
2025-04-25,62.20381546020508,62.32659598080947,61.533231621484155,61.67490588732153,3601469,SHEL
2025-04-28,62.35493087768555,62.600499130594635,62.10936983062913,62.166036655972505,3709483,SHEL
2025-04-29,61.87324142456055,62.24630999212852,61.63712007130562,61.69378689021421,2991794,SHEL
2025-04-30,60.90042495727539,61.69378927608468,60.46595530933455,61.68434240395063,4663505,SHEL
2025-05-01,61.20266342163086,61.72212612430159,60.73986033736377,60.93820142811287,3931960,SHEL
2025-05-02,62.94050979614258,63.43164626529969,62.203812298259045,63.39386598260667,6608961,SHEL
2025-05-05,61.50490188598633,62.057425070512316,61.36322761168027,62.052698030995266,4346845,SHEL
2025-05-06,61.486000061035156,62.47771264502442,61.452946818023236,62.28881123548496,3867828,SHEL
2025-05-07,61.438785552978516,61.82602086658022,61.212103841460205,61.769354041626954,3616908,SHEL
2025-05-08,61.46711349487305,61.901575927837,61.28765895735569,61.36321952113689,3656209,SHEL
2025-05-09,62.47771453857422,62.49660107717458,61.8639849013626,62.22269942943004,4584444,SHEL
2025-05-12,62.6949462890625,63.365530144261506,62.46827178166418,62.978294827699905,5277867,SHEL
2025-05-13,63.856666564941406,64.10223481770814,62.85551421990786,63.05385531434737,3697647,SHEL
2025-05-14,63.36552047729492,63.79054322041007,63.214406564034014,63.57330841314879,3339258,SHEL
2025-05-15,63.648868560791016,63.69609571167092,62.62882263093792,62.99717134907628,2670456,SHEL
2025-05-16,63.59732437133789,64.09449250056122,63.358667354866206,64.00781473099855,2625611,SHEL
2025-05-19,63.64506530761719,63.64506530761719,62.93864242385226,63.44459424397724,2752064,SHEL
2025-05-20,63.59732437133789,63.87893790279828,63.46844754313762,63.62596204799703,2523059,SHEL
2025-05-21,63.349117279052734,64.15100133621935,63.334798441120036,64.13191198005374,3101958,SHEL
2025-05-22,62.95772933959961,63.22980188319591,62.432688179001204,62.938639979476314,3484752,SHEL
2025-05-23,63.29184341430664,63.29184341430664,62.41358006214175,62.57587236791509,3064764,SHEL
2025-05-27,63.664154052734375,63.75006709081958,63.35867333415116,63.68324341123059,2774978,SHEL
2025-05-28,63.04363250732422,63.678460986342046,62.94817116622207,63.597318482243544,3057082,SHEL
2025-05-29,63.42549514770508,63.482770504743456,63.07228011842099,63.396857469185896,3492256,SHEL
2025-05-30,63.215476989746094,63.55914370494481,62.96727163249486,63.540047063414455,3432207,SHEL
2025-06-02,64.38966369628906,64.432627496891,63.78825060344198,64.34193666029238,3634385,SHEL
2025-06-03,64.75242614746094,65.1008633666812,64.11282706471843,64.53285847856118,3432185,SHEL
2025-06-04,64.21783447265625,65.2058781350426,64.05077891107469,64.90516792766675,4117510,SHEL
2025-06-05,64.46603393554688,65.01017165706354,64.32283826499315,65.01017165706354,3284356,SHEL
2025-06-06,64.93379974365234,65.12472973237648,64.61877800791764,64.61877800791764,2795023,SHEL
2025-06-09,65.16291809082031,65.45885048002071,64.32761847838147,64.74287938364456,2908913,SHEL
2025-06-10,66.8717041015625,67.22968965396223,66.67600358494099,66.76669442353314,4595217,SHEL
2025-06-11,67.79767608642578,67.8358620796991,66.8144104301467,67.14852876724636,3906015,SHEL
2025-06-12,68.19863891601562,68.28455195551476,67.683138829316,67.99816787394937,3231367,SHEL
2025-06-13,69.24871063232422,69.27734830478953,68.16043537924392,69.04823964183396,5922646,SHEL
2025-06-16,68.18907928466797,69.42055029587297,68.15184739376657,69.13415897857553,5708857,SHEL
2025-06-17,69.04825592041016,69.36328495826488,68.8000505618063,69.20577043933753,4071060,SHEL
2025-06-18,68.73321533203125,69.35372498264769,68.53274432796752,68.91936749889283,4224458,SHEL
2025-06-20,69.11507415771484,69.64011522956419,68.95278913277419,69.20098718860076,6469860,SHEL
2025-06-23,67.6258544921875,69.840598786923,67.59244629429757,69.37282575058587,7753101,SHEL
2025-06-24,66.9576187133789,67.91701739441574,66.73805831468664,67.32037479304671,6591157,SHEL
2025-06-25,66.28937530517578,67.11512654385089,64.19873750774586,66.90987772215774,24488618,SHEL
2025-06-26,67.76905059814453,68.04914195945928,67.25355052111053,67.76428007934012,5080697,SHEL
2025-06-27,67.75950622558594,68.10794344526383,67.5017525581375,67.95997725402668,3580060,SHEL
2025-06-30,67.21536254882812,67.45401955441284,66.88601471580382,67.18671759024156,3423706,SHEL
2025-07-01,67.95997619628906,68.16044722160966,67.11512829561102,67.47311383009085,3643017,SHEL
2025-07-02,69.00051879882812,69.11029899244826,67.78336649887345,68.28454771452944,3597121,SHEL
2025-07-03,68.6568603515625,68.92415508985817,68.46593761941855,68.73323235771423,2413800,SHEL
2025-07-07,66.65213775634766,67.4492513949606,66.07458451564806,66.78578511592139,5092511,SHEL
2025-07-08,68.02680206298828,68.21295425558561,66.74759659128678,66.74759659128678,3807577,SHEL
2025-07-09,68.4754867553711,68.69504717162431,68.07453735992374,68.59003748272565,4346735,SHEL
2025-07-10,69.01961517333984,69.0721200106485,68.08407642217664,68.37046776808472,3638972,SHEL
2025-07-11,69.01961517333984,69.26304271909758,68.46115132049562,68.61866583242163,4603726,SHEL
2025-07-14,67.87405395507812,68.75231002677545,67.75950324856447,68.67594531684439,4542167,SHEL
2025-07-15,67.20582580566406,67.79769062019463,67.03876295968428,67.5876785370214,3618629,SHEL
2025-07-16,67.46356201171875,67.74040501801632,66.83828180923372,67.32036634870498,4132461,SHEL
2025-07-17,67.1485366821289,67.37287486703174,66.82396662589846,66.89556081970389,3733843,SHEL
2025-07-18,67.09126281738281,68.09839577094539,66.87647294796103,67.98861557692706,5241005,SHEL
2025-07-21,67.12944793701172,67.59721366835294,67.09126193888915,67.51130063500298,3366709,SHEL
2025-07-22,67.92179870605469,68.08408375403604,67.32992659294969,67.36811259539859,4167670,SHEL
2025-07-23,69.458740234375,69.52556390777426,68.49456384684211,68.56138752024137,4757227,SHEL
2025-07-24,69.09597778320312,69.45874111474058,68.65684974055159,68.79049708904405,4769028,SHEL
2025-07-25,68.72367858886719,68.91937910790584,68.23682347551929,68.67595155123189,2571836,SHEL
2025-07-28,68.93370056152344,69.15803876829726,68.5613961509701,68.62821983278134,2910278,SHEL
2025-07-29,69.79286193847656,69.87877497271171,69.08643917401659,69.17235220825174,3918331,SHEL
2025-07-30,68.46592712402344,68.87641749011918,68.06975559648174,68.49933531957144,5331043,SHEL
2025-07-31,68.93370056152344,69.3012344531028,68.04589605561121,68.30842026388218,5348633,SHEL
2025-08-01,68.73321533203125,69.47782399947755,68.30363564949948,69.25826364022214,5434229,SHEL
2025-08-04,68.59001922607422,68.62553227273695,68.04588156626716,68.47546852920969,4017737,SHEL
2025-08-05,69.11507415771484,69.1675789932232,68.43728909775601,68.73322147067536,3262988,SHEL
2025-08-06,68.96233367919922,70.42291354446463,68.79527812734126,69.93605844486589,4584369,SHEL
2025-08-07,68.1318130493164,69.05302570948528,68.08407872896959,68.80959815547985,4783296,SHEL
2025-08-08,68.39910125732422,69.03870030301803,68.1795336011429,68.87641528245106,3839749,SHEL
2025-08-11,68.16999816894531,68.72367694835351,67.90269617498232,68.48501991616966,2210076,SHEL
2025-08-12,68.97187805175781,69.434873248328,68.49456401679755,68.71413167750231,2558422,SHEL
2025-08-13,69.4491958618164,69.57329489568751,69.01006779977108,69.08643979749233,3854411,SHEL
2025-08-14,69.34418487548828,69.39191919397076,68.69980799214703,69.13416552734049,3245362,SHEL
2025-08-15,69.27284240722656,69.57172815515973,68.82934282806345,69.17643073449355,3238366,SHEL
2025-08-18,68.94503784179688,69.13304316884444,68.26050543675856,68.45332877269601,3074545,SHEL
2025-08-19,68.8871841430664,69.42710271764614,68.72328357388089,69.19570589036682,2297741,SHEL
2025-08-20,69.50423431396484,69.71152640551354,69.26802681090207,69.36925649628915,3761960,SHEL
2025-08-21,69.88987731933594,69.97182759883813,69.301756625743,69.47530055755301,3056227,SHEL
2025-08-22,70.69010925292969,70.81544367852906,69.89952185173273,69.89952185173273,2424350,SHEL
2025-08-25,71.17218017578125,71.36500351489998,70.38159271621225,70.64190495959643,2545281,SHEL
2025-08-26,71.0179214477539,71.10468974176894,70.52138701651481,71.02755746548532,2616723,SHEL
2025-08-27,71.06612396240234,71.23484989815724,70.2755365158508,70.28517988936962,2824972,SHEL
2025-08-28,71.27822875976562,71.41802456459753,70.6370805494755,70.9214975234103,1964386,SHEL
2025-08-29,71.23002624511719,71.54819137723453,71.13843993957336,71.28787913188148,1874322,SHEL
2025-09-02,71.14324951171875,71.3312548209946,70.5936949649326,70.7479521479532,3451096,SHEL
2025-09-03,70.13091278076172,71.08540811940051,69.92844607867612,70.9986324723704,4571070,SHEL
2025-09-04,69.71634674072266,70.18395110889226,69.66814457893855,69.94774359794901,3748380,SHEL
2025-09-05,69.03179931640625,69.64884275733317,68.53527228746879,69.5813538608486,4092063,SHEL
2025-09-08,69.13785552978516,69.73079422730679,68.83415181254176,69.51386615316358,3098386,SHEL
2025-09-09,69.34033203125,70.2562613210394,69.2680251148868,69.81276173728695,4984157,SHEL
2025-09-10,70.04414367675781,70.04414367675781,69.19570338558988,69.31140179504143,5125610,SHEL
2025-09-11,69.43673706054688,69.86577521997184,69.22463434093127,69.33068937860833,5157997,SHEL
2025-09-12,68.7811279296875,69.8609577046905,68.74738715695476,69.4656676707065,5359951,SHEL
2025-09-15,69.09929656982422,69.21981299638904,68.72328590740112,68.89682985588401,4929157,SHEL
2025-09-16,69.73562622070312,69.93809293286608,69.27283991023144,69.31140604908232,6829836,SHEL
2025-09-17,68.84862518310547,69.52833221373425,68.52081668984242,69.17642632062986,6611488,SHEL
2025-09-18,68.87754821777344,69.17642659207004,68.52081695871007,69.02216204034362,3812531,SHEL
2025-09-19,68.2508544921875,68.52081007484931,67.90376664141147,68.43404179002427,3847047,SHEL
2025-09-22,68.50154113769531,68.8582650596113,68.06767758015715,68.2122987660032,3547786,SHEL
2025-09-23,68.97395324707031,69.77900199010524,68.85343683603386,69.14749717319232,4617477,SHEL
2025-09-24,69.53315734863281,69.7307986899633,69.12821658114669,69.18606946549535,3943630,SHEL
2025-09-25,70.27554321289062,70.28518658732843,69.33069847869105,69.33069847869105,4232373,SHEL
2025-09-26,70.76724243164062,71.14325306899343,70.42979793090585,70.45872069443477,4229643,SHEL
2025-09-29,69.851318359375,70.59370367116696,69.54762196431372,70.52621476607123,4297842,SHEL
2025-09-30,68.96431732177734,69.30176183797117,68.49189499910598,68.73774585610319,4340691,SHEL
2025-10-01,69.83203125,70.10198684054863,69.6006417946352,69.63920792981902,3664380,SHEL
2025-10-02,69.1957015991211,69.77418627570536,69.14749944656455,69.48494393741323,3710472,SHEL
2025-10-03,70.58405303955078,70.75422068750116,69.87059792250871,69.87059792250871,4230749,SHEL
2025-10-06,71.60604095458984,71.71209600462194,70.62744810217136,70.65155286004035,4018859,SHEL
2025-10-07,72.22308349609375,72.39180207015478,71.42285270426835,72.24236288671214,4000764,SHEL
2025-10-08,71.46141815185547,72.11702776263354,71.1842245047534,72.0880976433773,3343414,SHEL
2025-10-09,70.89258575439453,72.37734909967297,70.78653070432183,72.13631623236944,3716811,SHEL
2025-10-10,68.85826873779297,70.18394952667367,68.83898934466188,70.08271984019142,4356906,SHEL
2025-10-13,69.50423431396484,69.64885550597148,69.09930086093777,69.12822362819122,2649090,SHEL
2025-10-14,69.08001708984375,69.47048913449666,68.6847196804615,68.73292919332141,2318093,SHEL
2025-10-15,69.3017578125,69.74719190374108,69.1426752593051,69.3692467118186,2473845,SHEL
2025-10-16,68.81005859375,69.83203549313524,68.63168928821945,69.76936460018624,3888248,SHEL
2025-10-17,69.98629760742188,70.03450712165456,69.1812487387622,69.26319902836646,3655692,SHEL
2025-10-20,70.20804595947266,70.47800156573268,70.03450201891427,70.03450201891427,4213849,SHEL
2025-10-21,70.06343078613281,70.56960126910869,69.91880959731982,70.32375039714405,3310152,SHEL
2025-10-22,71.86634826660156,71.88119214608027,70.82026668468663,70.8443714384288,4081699,SHEL
2025-10-23,73.00402069091797,73.51500908534724,72.8979656631227,73.41859742982551,5457516,SHEL
2025-10-24,73.11972045898438,73.5439406207781,72.90279236924484,73.11972045898438,5347958,SHEL
2025-10-27,72.80155944824219,73.10043780941686,72.53642185893963,73.02330553694006,4089329,SHEL
2025-10-28,72.37734985351562,72.80157005822487,72.2761128116684,72.58945995587024,4083949,SHEL
2025-10-29,72.84013366699219,73.59697302690374,72.5846394223336,73.10044592081331,6587149,SHEL
2025-10-30,72.04954528808594,73.64035626934607,71.97723101710378,72.8786915539164,6170798,SHEL
2025-10-31,72.23271942138672,72.5701639248168,71.6735214695663,72.19415328446064,5353128,SHEL
2025-11-03,71.72173309326172,72.17969402967974,71.61086004366842,72.1652326473736,3788745,SHEL
2025-11-04,71.09504699707031,71.52891053819876,70.69493158551644,70.92150305176669,3762097,SHEL
2025-11-05,71.93384552001953,72.300212809951,71.51926871700334,71.51926871700334,3703155,SHEL
2025-11-06,71.55783081054688,72.19415368400254,71.47105516304833,71.64459910230688,4146631,SHEL
2025-11-07,72.8786849975586,72.92689450720964,71.63496203283194,71.63496203283194,3630586,SHEL
2025-11-10,73.81388854980469,73.92476894329647,72.5364175442508,72.91724616387734,4293402,SHEL
2025-11-11,74.24775695800781,74.69125649413837,74.06456964857229,74.06456964857229,4132390,SHEL
2025-11-12,73.66927337646484,74.03082260028557,73.63070724323543,73.63070724323543,3912880,SHEL
2025-11-13,73.19685363769531,74.06457336309445,72.95100278039006,73.69820608158761,4360533,SHEL
2025-11-14,73.73802185058594,73.85481438389692,72.87177590826276,72.96910549461239,4219442,SHEL
2025-11-17,73.38762664794922,73.92294306568994,73.07616752784354,73.35842851571606,4304263,SHEL
2025-11-18,73.30001831054688,73.50441264378354,72.03471899635267,72.18071707031329,5506234,SHEL
2025-11-19,71.70379638671875,71.78652690385692,71.30474286724221,71.4020724505947,5737472,SHEL
2025-11-20,71.25607299804688,72.61870941619925,71.25607299804688,72.01525412973676,4992140,SHEL
2025-11-21,71.31446838378906,71.48966459861987,70.75968160778669,71.07114072017801,4574428,SHEL
2025-11-24,71.27554321289062,71.39233574011128,70.52608984295979,70.8959452221103,3535462,SHEL
2025-11-25,70.85701751708984,71.47993573223066,70.80834901481255,71.21713770116668,5421724,SHEL
2025-11-26,71.45073699951172,71.7037924170643,71.16847602537617,71.19767415618831,3504885,SHEL
2025-11-28,71.80113220214844,72.11259135137263,71.4118138349471,71.43127678299841,1682586,SHEL
2025-12-01,72.32671356201172,72.8960994132672,72.16125253018112,72.20018584810087,3304283,SHEL
2025-12-02,71.98605346679688,72.33741866442908,71.60646291429855,72.24885149592392,3716093,SHEL
2025-12-03,73.11509704589844,73.11509704589844,72.52137696877901,72.52137696877901,3818739,SHEL
2025-12-04,72.51164245605469,73.16998902239975,72.31161446663889,72.83283674844772,3698887,SHEL
2025-12-05,71.06141662597656,72.08825971641699,71.03221849296037,71.62593119108942,4610019,SHEL
2025-12-08,70.75968170166016,71.64539796274951,70.73048357011145,71.14414356910741,3781087,SHEL
2025-12-09,70.61369323730469,71.44100583522345,70.58448767907781,71.11007634059321,2714033,SHEL
2025-12-10,70.93487548828125,71.0954726320721,70.35576190559212,70.7012830181176,3396839,SHEL
2025-12-11,70.91541290283203,71.21227294120482,70.70128337669156,70.74021669287808,3556691,SHEL
2025-12-12,70.3995590209961,70.6331514908929,69.94696572068965,70.46769046745644,3693241,SHEL
2025-12-15,70.30223083496094,70.90567867961454,69.98541774620944,70.84728241742765,3934013,SHEL
2025-12-16,68.5794677734375,69.37758221249685,68.24367440976401,69.26078968653806,5381812,SHEL
2025-12-17,69.640380859375,69.89343628502331,69.24131992345329,69.80584188978452,4871136,SHEL
2025-12-18,69.40678405761719,69.65001519905074,69.1196591815778,69.53331920187082,5264853,SHEL
2025-12-19,70.09782409667969,70.5504173738574,69.92262789676741,69.93236308169874,5581282,SHEL
2025-12-22,70.64289093017578,71.1976777206946,70.64289093017578,70.77915383130173,3543242,SHEL
2025-12-23,71.11981201171875,71.16848051665758,70.79861770097354,70.85702139205438,2421211,SHEL
2025-12-24,70.89595031738281,71.06141878578934,70.79862072911352,71.02248546532732,1021045,SHEL
2025-12-26,70.86674499511719,71.04194120653953,70.57475625992718,70.76941541672052,1580789,SHEL
2025-12-29,71.1684799194336,71.494538107628,71.07114291037276,71.30474282119332,2633258,SHEL
2025-12-30,71.8595199584961,71.97144859295071,71.61132101482126,71.63565526381667,3483060,SHEL
2025-12-31,71.51886749267578,71.88385897450078,71.2268713369075,71.84005435309605,1638425,SHEL
2026-01-02,73.42655944824219,73.53848809627017,71.93739530868591,72.0639230227275,5611422,SHEL
2026-01-05,73.02749633789062,73.45575539695014,71.48966374015048,73.14429628829892,6526263,SHEL
2026-01-06,70.954345703125,73.31949080742153,70.88621425673665,73.15402978415993,6524139,SHEL
2026-01-07,69.63064575195312,70.11730108366169,69.3581199543197,69.61117538025299,4923343,SHEL
2026-01-08,68.4334716796875,68.64760121786502,66.7934455566561,67.98088577689782,13092927,SHEL
2026-01-09,68.9395980834961,69.56738021237791,68.71573335703911,68.97853140226128,5603032,SHEL
2026-01-12,69.74744415283203,69.92263293960863,69.14398888166383,69.26078883195245,4390665,SHEL
2026-01-13,71.22687530517578,71.66506263327938,70.38009234688744,70.42876085081718,6483292,SHEL
2026-01-14,72.36564636230469,72.89123501180512,71.37287275265125,71.46046714801578,8057858,SHEL
2026-01-15,71.46046447753906,71.8741244644693,71.10520817777368,71.40206821614497,4679474,SHEL
2026-01-16,72.268310546875,72.54609376653679,71.74758582233581,72.27317442649644,4157242,SHEL
2026-01-20,71.15873718261719,71.8643858688036,71.06627148928379,71.61619434388533,4683944,SHEL
2026-01-21,71.84005737304688,72.35591083425457,71.34367428345325,71.41666961257849,5552592,SHEL
2026-01-22,70.4871597290039,71.34367790499726,70.32656257100514,71.06141690843322,5011657,SHEL
2026-01-23,71.78166198730469,72.0152544691322,71.23417473485914,71.917924887185,6051606,SHEL
2026-01-26,71.29500579833984,72.29751458936038,71.17820584593872,72.16125169111123,5212268,SHEL
2026-01-27,73.43628692626953,73.43628692626953,71.94712279243447,71.98605611024486,4796461,SHEL
2026-01-28,73.76721954345703,74.01541110103238,73.02750132522802,73.97161390130228,4115581,SHEL
2026-01-29,75.40237426757812,76.08368872537905,74.8573227013374,75.88902957337041,10779628,SHEL
2026-01-30,74.97411346435547,75.03250972343474,73.76234653383759,74.96437827925209,7081359,SHEL
2026-02-02,73.70881652832031,74.28793010963875,73.48495181835574,74.01054044430799,6001816,SHEL
2026-02-03,75.55809783935547,75.76736347597465,73.26108427080185,73.44601565770664,8249257,SHEL
2026-02-04,76.68714141845703,77.18353189301423,76.05448805688732,76.21994907314959,9608473,SHEL
2026-02-05,72.63816833496094,74.55559142963965,72.48244249836733,74.25386751602221,11393484,SHEL
2026-02-06,73.28055572509766,74.18573487716401,73.0177577055268,73.17349096538665,8878730,SHEL
2026-02-09,75.72357940673828,75.7722404888308,74.29281141448176,74.3901410044385,5594282,SHEL
2026-02-10,75.82090759277344,76.30756295931785,75.22232357113985,76.28809258622398,3925844,SHEL
2026-02-11,78.0887222290039,78.11304905635434,76.51195619142484,76.67741723141945,6948400,SHEL
2026-02-12,76.13236236572266,77.4755284271048,75.55810520472075,77.34900071233477,7351119,SHEL
2026-02-13,76.66767883300781,76.70661215121746,75.84523754780687,76.09342909740076,5364745,SHEL
2026-02-17,75.85983276367188,76.12262336603513,74.88652213514447,75.84036239266969,4849554,SHEL
2026-02-18,77.73832702636719,77.7821242249745,77.018071773448,77.47552898318091,4644127,SHEL
2026-02-19,78.23471069335938,78.38070878220853,77.46579435614038,77.97192007404793,5813380,SHEL
2026-02-20,78.37617492675781,78.53827245516493,77.66884298285271,77.9635671245286,5506284,SHEL
2026-02-23,78.56283569335938,79.51576861021832,78.32214405611626,78.62177752486936,62588,SHEL
2026-02-24,79.35857391357422,79.45190346926842,78.54317700030964,79.01473409928971,62588,SHEL
2026-02-25,80.83218383789062,80.84200997457691,79.36840426777488,79.86943230672851,62588,SHEL
2026-02-26,79.75154113769531,80.52764104255672,79.2406944572928,79.49611404992095,5750356,SHEL
2026-02-27,82.0405502319336,82.19282163432261,80.74377740832973,81.31356596321335,6221807,SHEL
2026-03-02,82.73805236816406,83.06214250122456,81.84406127864223,83.02295038036948,9828480,SHEL
2026-03-03,80.88130187988281,81.90300267100794,80.110111344722,81.12690281538946,10646315,SHEL
2026-03-04,81.24478912353516,81.51986847621771,80.13467555700656,81.02374977338226,5559337,SHEL
2026-03-05,81.48057556152344,82.01107452590436,80.82235930312802,81.48057556152344,6445243,SHEL
2026-03-06,83.20960235595703,83.6615147186617,81.42162766468488,82.26649556777302,9921476,SHEL
2026-03-09,84.08393859863281,85.25300153234777,83.29311072599772,83.64676920247705,10182749,SHEL
2026-03-10,83.61238861083984,84.60461855452063,82.92470894401924,84.08393824090362,8614182,SHEL
2026-03-11,85.86209106445312,85.92103289225271,84.1428844656031,84.1428844656031,5776377,SHEL
2026-03-12,86.8051986694336,87.40937489597312,86.26487359194556,86.38276474389185,6540509,SHEL
2026-03-13,87.85636901855469,88.32792612369832,86.88379138968172,87.16868938099721,7055150,SHEL
2026-03-16,88.88790130615234,89.48716074334378,88.19038799528336,88.3868732571994,6492697,SHEL
2026-03-17,90.35167694091797,91.31442844904949,90.07660508145183,90.3713217186744,5995571,SHEL
2026-03-18,91.11795043945312,91.28987409871804,90.34185055516048,90.74463970194297,7607912,SHEL
2026-03-19,89.58540344238281,91.00005979434309,89.35944727424653,90.01274668988533,12395639,SHEL
2026-03-20,88.84860229492188,90.64639555715289,88.59317520763561,89.70328880618767,11218066,SHEL
2026-03-23,89.11384582519531,89.46751178497523,86.77572753122455,87.09009644045713,12971417,SHEL
2026-03-24,89.51663970947266,90.91165134957444,89.42821946727517,89.43804560421853,7487700,SHEL
2026-03-25,90.26325988769531,90.6169258609568,89.7622393381968,89.88012299918643,5416927,SHEL
2026-03-26,90.53833770751953,91.0688291632158,89.87030282443789,90.29273675778579,6423717,SHEL
2026-03-27,90.54815673828125,91.11058501423041,89.85065093745628,90.05695483670202,7221823,SHEL
2026-03-30,91.10812377929688,92.43928418913657,90.82322578580343,91.85475274517123,9060849,SHEL
2026-03-31,91.36355590820312,93.23012467847526,89.62470443233077,92.81751686998302,11733724,SHEL
2026-04-01,90.4106216430664,92.0315894323247,89.33980508537319,91.6189816300106,15524378,SHEL
2026-04-02,91.4617919921875,92.99434701204798,91.25548809425644,92.06105890790707,11348930,SHEL
2026-04-06,91.9922866821289,92.0119389544387,90.71515880724164,91.36354888084017,4428306,SHEL
2026-04-07,92.49332427978516,92.98943552740899,91.84002481797562,92.46385336341199,6946640,SHEL
2026-04-08,90.39097595214844,90.53833802152901,88.1021681676571,88.5440520068515,10227872,SHEL
2026-04-09,89.4871597290039,91.41267779822347,89.33488833721145,90.46956354200944,6230115,SHEL
2026-04-10,90.58745574951172,90.8870892157629,89.4969869048039,89.70329080851263,5423975,SHEL
2026-04-13,90.97059631347656,91.74669626550626,90.52360075649136,91.39303027483078,5644269,SHEL
2026-04-14,89.7524185180664,90.63658350359542,89.2416692384166,90.63658350359542,5968975,SHEL
2026-04-15,88.2591552734375,89.88994920643763,88.2591552734375,89.6934714412034,5400350,SHEL
2026-04-16,89.88994598388672,90.15529663900303,88.9566653897627,88.97631016752334,5236614,SHEL
2026-04-17,86.26487731933594,86.69222807914029,84.48672879773737,85.70490743990098,11066271,SHEL
2026-04-20,86.4515380859375,87.09992821925235,86.03893027118069,86.3729439797515,5159823,SHEL
2026-04-21,87.09992218017578,87.3062260732501,86.67748825764856,86.95256011508098,5436691,SHEL
2026-04-22,87.91531372070312,88.047940331978,87.22763406065967,87.82690097661732,3394740,SHEL
2026-04-23,87.69918823242188,88.0135571640453,87.32587746835236,87.80725325533741,3379524,SHEL
2026-04-24,87.5616455078125,88.18056468112037,87.18342545206431,88.17073854475863,4106620,SHEL
2026-04-27,85.38072204589844,87.89075668274303,84.57514369502276,87.65989867394771,19888651,SHEL
2026-04-28,86.04875183105469,87.26202121653782,85.83262927443407,87.20307938247281,18897428,SHEL
2026-04-29,87.34552764892578,87.40446947995903,86.41714883927375,87.25710740722953,13481753,SHEL
2026-04-30,89.07454681396484,89.31032911205882,87.16868862281984,87.49287616619382,9432383,SHEL
2026-05-01,87.41429901123047,88.75036136912527,87.12940099159624,88.60791610688149,6315823,SHEL
2026-05-04,87.68936920166016,88.89772173232696,87.26693524899413,88.30828092503975,8328575,SHEL
2026-05-05,88.1314468383789,88.5047575961552,87.59112922805635,87.92514293314886,9670718,SHEL
2026-05-06,85.66561126708984,86.22558115227406,85.05652568732769,86.19611023649801,10634843,SHEL
2026-05-07,82.7576904296875,84.2902453880224,82.54156040382324,84.20182515237526,11303695,SHEL
2026-05-08,82.49244689941406,83.27836542912354,82.3450848328604,82.81664194680292,5727231,SHEL
2026-05-11,83.85798645019531,84.04464556503858,83.3176613783574,83.59273323487635,8268383,SHEL
2026-05-12,83.84815979003906,84.08393459484725,83.56326179895395,83.9955218537239,6887671,SHEL
2026-05-13,83.43556213378906,83.77940199401901,83.05242521879757,83.52397488564242,6579090,SHEL
2026-05-14,83.02294921875,83.6123900137932,82.9934783032698,83.2292531222578,7039347,SHEL
2026-05-15,83.85798645019531,83.97096078516289,82.85102108639516,82.91978905052491,5752509,SHEL
2026-05-18,87.0311508178711,87.24728085749884,84.12323641003047,84.55549648928594,5739284,SHEL
2026-05-19,86.9034423828125,87.09992764698659,86.12734245340441,86.99186262547745,7458174,SHEL
2026-05-20,85.19405364990234,87.15886113262096,85.13511182386742,86.75607200099368,7475147,SHEL
2026-05-21,85.40036010742188,86.8248425772232,85.09581733687789,86.61853868474378,5881668,SHEL
2026-05-22,84.96537017822266,85.87737561309247,84.59858193103906,85.29250502870164,6490415,SHEL
2026-05-26,84.2912826538086,85.90712652393329,84.23180633671384,85.33711742036252,8998669,SHEL
2026-05-27,83.08187866210938,83.29996857090808,82.41770125848598,82.71509796377737,9467761,SHEL
2026-05-28,83.1017074584961,84.02362815047918,83.01248542347206,83.71631621107666,6374104,SHEL
2026-05-29,83.38919067382812,83.67667213900766,82.91335745760728,83.63205733899993,8582251,SHEL
2026-06-01,84.66798400878906,85.39153940493844,84.23675803148974,84.42015594305175,8313047,SHEL
2026-06-02,86.06572723388672,86.21937941895284,84.73737248018155,84.7770183137175,5617351,SHEL
2026-06-03,86.01615905761719,87.26026074938224,85.99138230230264,86.85878050545135,6742872,SHEL
2026-06-04,85.97651672363281,86.10538459634024,84.93563581223938,85.63946661815676,8675090,SHEL
2026-06-05,84.65806579589844,86.03598918796602,84.58867424245302,85.84763744442328,6272958,SHEL
2026-06-08,85.89720916748047,86.31355850311297,85.45111411092077,85.69894217686092,5813845,SHEL
2026-06-09,84.68780517578125,85.50355489470952,83.85509895929751,85.45111227470517,4799560,SHEL
2026-06-10,85.30242156982422,86.42755552064256,85.25285293240933,85.31232924681743,5381021,SHEL
2026-06-11,85.10415649414062,87.2354793779284,84.93068138551786,87.1660878218568,6800758,SHEL
2026-06-12,84.91580963134766,85.71877012103799,84.2119712893655,84.2714551663474,7012098,SHEL
2026-06-15,81.89230346679688,82.31856802583451,81.08934298518888,81.16864221517964,7745244,SHEL
2026-06-16,81.53543090820312,81.88238867604115,81.13890450362592,81.50569275140445,6009574,SHEL
2026-06-17,79.68167877197266,81.15873952255292,79.45863502039629,81.09430180381058,6210070,SHEL
2026-06-18,78.12532043457031,78.27401879312883,77.2579221666104,77.75853972165368,8160454,SHEL
2026-06-22,78.96794128417969,79.29506859453423,78.21454182007389,78.75975904607321,5388814,SHEL
2026-06-23,78.8192367553711,78.91836646478076,78.24427385243818,78.56149346041633,5194371,SHEL
2026-06-24,77.02496337890625,77.62966449240484,76.4995690652694,77.18357697862974,9529799,SHEL
2026-06-25,76.6581802368164,76.83661674929694,76.13278593982162,76.4301750852142,6219049,SHEL
2026-06-26,75.86512756347656,76.41035234261501,75.72139061067415,76.38061418431882,4590858,SHEL
2026-06-29,76.22200012207031,76.5788731456622,76.02869453121741,76.3459141562866,7909773,SHEL
2026-06-30,76.8663558959961,77.32235864195205,76.37069975085538,76.62844306400007,5405965,SHEL
2026-07-01,75.90477752685547,76.17738990408648,75.59747315421986,75.62721131117013,6165463,SHEL
2026-07-02,77.34217834472656,77.42148513979916,76.80687638576717,76.97539765296224,5453358,SHEL
2026-07-06,77.46114349365234,77.54540413264127,76.80688130022138,76.9952254966796,6142932,SHEL
2026-07-07,81.2776870727539,81.45116973708062,79.32480078270552,79.34463126251478,9305232,SHEL
2026-07-08,81.52552032470703,82.12030618398903,80.84151998993336,81.2677845756561,8064283,SHEL
2026-07-09,80.69281768798828,81.307426435173,80.56394225665304,81.17855856694992,3466594,SHEL
2026-07-10,81.51560974121094,81.54534789864798,80.76667254889078,81.00012313526136,3526049,SHEL
2026-07-13,83.25040435791016,83.53292441048826,82.22934640855108,82.22934640855108,6092479,SHEL
2026-07-14,83.67667388916016,84.24172159099004,83.11161862421771,83.96414779724,6118030,SHEL
2026-07-15,83.90467071533203,84.8365066780748,83.36936117693381,84.56884812731944,6422047,SHEL
2026-07-16,84.34085083007812,84.8761603703275,84.13762999697083,84.43998054572893,4740290,SHEL
2026-07-17,86.56138610839844,86.78939125561945,85.66920356313935,86.29373512637687,7773933,SHEL
2026-07-20,85.45111083984375,86.19459500920357,84.97478604139931,85.37181160974387,7205745,SHEL
2026-07-21,86.44242858886719,86.56138878628603,85.70885961256573,86.23425391571864,6069833,SHEL
2026-07-22,87.00747680664062,87.92939754353907,86.98270004975507,87.78070674977529,6942513,SHEL
2026-07-23,87.1859130859375,88.63323568829097,87.16609016786026,88.37549237461141,6704927,SHEL
2026-07-24,87.61217498779297,88.1276615993462,87.2057408932148,87.62209022808385,7202633,SHEL
2026-07-27,85.61964416503906,86.85878451241544,85.61468276325758,86.30364449387434,8811553,SHEL
2026-07-28,85.45111083984375,86.62085956882768,85.07441491675512,85.92694403600335,7695491,SHEL
2026-07-29,87.57252502441406,88.07314257672179,87.00747731546943,87.40400374842118,8491942,SHEL
2026-07-30,89.72367858886719,89.98141434199542,88.43496957077544,89.21810719707887,10768731,SHEL
2026-07-31,91.180908203125,91.27012267936261,89.75341607842242,90.23915698520103,7071784,SHEL
2026-08-03,90.2887191772461,90.93802747386945,89.95166908826715,90.14993607093479,6532897,SHEL
2026-08-04,89.05949401855469,89.61958789213008,88.21688007034106,89.34202165630562,9317217,SHEL
2026-08-05,86.99756622314453,89.51550027597669,86.88852126928514,89.43619347987669,6413902,SHEL
2026-08-06,88.82157897949219,89.09914520843203,87.78070562096772,88.47462119331736,8303709,SHEL
2026-08-07,87.73113250732422,88.3556564905882,87.56261124307854,88.2168733831962,4424769,SHEL
2026-08-10,89.16853332519531,89.61462837287584,87.9095701030474,87.97896165760497,4866864,SHEL
2026-08-11,89.71376037597656,90.1846321912943,89.33706443634486,89.46593230863961,3657746,SHEL
2026-08-12,89.2874984741211,89.60471810729689,88.79184232458937,88.96036360028312,4385716,SHEL
2026-08-13,89.1387939453125,89.28253845406795,88.15838772254241,88.60348443330568,3348542,SHEL
2026-08-14,90.47000122070312,91.02999877929688,89.55000305175781,89.77999877929688,5024868,SHEL
2026-08-17,91.62000274658203,91.63500213623047,90.43000030517578,90.68000030517578,4679653,SHEL
2026-08-18,92.01000213623047,92.5999984741211,91.83999633789062,92.5,4382204,SHEL
2026-08-19,92.7699966430664,93.6500015258789,92.62000274658203,93.0,4941771,SHEL
2026-08-20,93.6500015258789,94.69999694824219,93.62999725341797,94.11000061035156,4924248,SHEL
2026-08-21,93.33000183105469,94.0199966430664,93.06999969482422,93.87000274658203,3457394,SHEL
2026-08-24,93.0,93.61000061035156,92.69999694824219,92.81999969482422,5658748,SHEL
2026-08-25,92.22000122070312,92.70999908447266,91.97000122070312,92.37999725341797,5646216,SHEL
2026-08-26,91.11000061035156,92.23999786376953,91.01000213623047,91.2300033569336,7935921,SHEL
2026-08-27,90.69999694824219,91.3499984741211,90.05000305175781,91.2300033569336,6905774,SHEL
2026-08-28,90.91000366210938,91.08000183105469,90.46499633789062,90.73999786376953,7603175,SHEL
2026-08-31,91.44999694824219,92.55000305175781,91.0199966430664,92.04000091552734,6148075,SHEL
2026-09-01,93.51000213623047,93.86000061035156,92.47000122070312,92.72000122070312,11105545,SHEL
2026-09-02,92.80000305175781,93.66719818115234,92.62999725341797,92.9800033569336,8167850,SHEL
2026-09-03,92.33000183105469,93.43000030517578,92.23999786376953,92.55999755859375,5434487,SHEL
2026-09-04,92.94999694824219,93.58999633789062,92.16000366210938,93.02999877929688,6847865,SHEL
