Date,Close,High,Low,Open,Volume,Ticker
,XOM,XOM,XOM,XOM,XOM,
2021-09-07,45.77984619140625,46.38409084039646,45.7127096756284,45.88055256577198,14354400,XOM
2021-09-08,45.360225677490234,46.30855322955367,45.326655823998315,45.981255161501025,18756700,XOM
2021-09-09,45.393795013427734,46.1574915639758,44.7308048208098,44.99935724288841,19110800,XOM
2021-09-10,45.301475524902344,46.35050933161478,45.27629973798832,46.31693948146467,15123700,XOM
2021-09-13,46.46800231933594,46.93797063457701,45.83858201209744,45.8637610013371,22052300,XOM
2021-09-14,45.805023193359375,46.80370243241827,45.662352901266516,46.73656271816333,19940300,XOM
2021-09-15,47.34919738769531,47.44151289250456,46.417657878960036,46.46800946238492,23240900,XOM
2021-09-16,46.84565734863281,47.38276219053027,46.57710492768408,47.38276219053027,17907200,XOM
2021-09-17,46.29178237915039,47.626154047932545,46.2414275836007,46.44284356440108,30000400,XOM
2021-09-20,45.05810546875,45.460934124966,44.44547002066748,45.13363604187785,27555100,XOM
2021-09-21,45.016143798828125,45.746270522694374,44.68884572266041,45.62877923395699,19696800,XOM
2021-09-22,46.333736419677734,46.92119614402922,45.628785390735544,45.67914017901639,25690600,XOM
2021-09-23,47.90308380126953,48.03736000752226,46.39247247917977,46.50996375947625,23069400,XOM
2021-09-24,48.331092834472656,48.5241146993495,47.567396238047934,47.58418116561082,22328600,XOM
2021-09-27,49.766170501708984,50.18578408638005,49.36334184459247,49.388517635225504,32972200,XOM
2021-09-28,50.28648376464844,50.75645206950019,49.9424007990204,50.26970204072263,37619300,XOM
2021-09-29,50.252925872802734,50.513084257152805,49.55636575679947,50.21935601630668,23422800,XOM
2021-09-30,49.363338470458984,50.496293791070904,49.35494760795404,50.45433307575146,31289600,XOM
2021-10-01,51.13411331176758,51.184468096034074,49.85848758959564,49.85848758959564,24407300,XOM
2021-10-04,51.79710006713867,52.09082828536358,51.15089478564641,51.46140793082666,33946700,XOM
2021-10-05,51.71318054199219,52.619547478751635,51.20964548916879,52.46848632262506,29641600,XOM
2021-10-06,50.76485824584961,51.29356911339159,50.14382866630456,50.74807331652159,25284900,XOM
2021-10-07,50.907527923583984,51.26000505454391,50.47112934312784,50.865567198835876,19513600,XOM
2021-10-08,52.18313980102539,52.38455250632559,51.40265836484334,51.40265836484334,22186900,XOM
2021-10-11,51.66282653808594,52.92166731258844,51.61247175460268,52.896488320147995,22121500,XOM
2021-10-12,51.3942756652832,52.01530200688869,51.066974364742336,51.671218979405175,20198600,XOM
2021-10-13,51.251609802246094,51.52016227609454,50.52987382825415,51.00823312238406,14991700,XOM
2021-10-14,52.032081604003906,52.21671259543302,51.33552155553761,51.78870497010141,18594500,XOM
2021-10-15,52.5272331237793,52.930061815149934,52.401347757114415,52.64472442525434,16092600,XOM
2021-10-18,52.502052307128906,52.98880239543419,52.25867566227748,52.946841677693705,18282800,XOM
2021-10-19,53.29092788696289,53.38324339237654,52.59436776531277,52.76221384775598,18933200,XOM
2021-10-20,53.58464431762695,53.601429242310864,52.63632008346368,52.778987141181375,14305200,XOM
2021-10-21,52.611141204833984,53.40840752128934,52.325803887409876,53.26574046327581,16564600,XOM
2021-10-22,52.97201919555664,53.05594383517209,52.325813876807175,52.67829096039673,14266800,XOM
2021-10-25,54.004268646240234,54.0630142937007,53.358066524175165,53.47555781909608,17939800,XOM
2021-10-26,55.25471115112305,55.33863898633657,54.01265858461941,54.12175580648416,25585100,XOM
2021-10-27,53.81964111328125,54.75957793611842,53.69375894691051,54.68405055713471,21764500,XOM
2021-10-28,53.97069549560547,54.10497491177274,53.40002398388199,53.559475988484394,16626400,XOM
2021-10-29,54.104976654052734,54.85188832284896,53.98748536252042,54.591729949141,23966300,XOM
2021-11-01,55.07847213745117,55.45612817323287,54.566543095440935,54.60850701145934,19656400,XOM
2021-11-02,54.39869689941406,54.927407633716705,54.264423901423626,54.57493381084828,16300000,XOM
2021-11-03,53.65179443359375,54.088189754519455,53.425202708460596,53.74410993658107,17372800,XOM
2021-11-04,54.054622650146484,54.45744808797625,53.567869376873524,54.28121115857637,17720100,XOM
2021-11-05,54.56655502319336,54.82671983434676,54.18051124205803,54.59173721998578,18565100,XOM
2021-11-08,55.15400695800781,55.70789352380941,54.86866640978688,55.011339885294724,17696000,XOM
2021-11-09,55.69111633300781,55.69951039761399,54.8099252304216,55.19596896596743,18781300,XOM
2021-11-10,54.59396743774414,55.835705082942,54.23675332734274,55.555036621596464,20177200,XOM
2021-11-11,54.696022033691406,55.13828865200721,54.44937459056217,54.593965497806096,13319300,XOM
2021-11-12,54.27928161621094,54.747062416569655,54.07516203462009,54.398351912875974,18158900,XOM
2021-11-15,54.74705505371094,55.08725214766152,53.76897218649392,54.22824280551775,18849200,XOM
2021-11-16,55.29988479614258,55.59756702009921,54.72154058699115,54.72154058699115,17028700,XOM
2021-11-17,54.696022033691406,55.48699263102176,54.58545862353437,54.755557175905786,15497000,XOM
2021-11-18,54.10066604614258,54.88312970317127,53.675413212256124,54.568446758955,16948200,XOM
2021-11-19,51.60017776489258,52.75686600244759,51.379047716852554,52.637795727008985,32035500,XOM
2021-11-22,52.31460189819336,53.190624937199786,51.30250132731944,51.30250132731944,21994400,XOM
2021-11-23,53.69243621826172,53.90506268471912,52.66332165484686,52.89295862795154,21185900,XOM
2021-11-24,53.990108489990234,54.30479473160477,53.224655206785506,53.224655206785506,15869700,XOM
2021-11-26,52.09347915649414,52.238063582136505,50.63911504768434,51.4726103248576,24979600,XOM
2021-11-29,52.38264846801758,53.70093171139287,52.12749739581945,53.21614370088984,18946400,XOM
2021-11-30,50.89426040649414,52.04244178542279,50.741169123380764,51.421573023650396,34979800,XOM
2021-12-01,50.85173797607422,52.756868979438906,50.8177169684801,51.79579984806897,30630600,XOM
2021-12-02,52.118988037109375,52.37414234156645,50.298906365923216,50.80921173041561,29216000,XOM
2021-12-03,51.787288665771484,52.92696636998976,51.32801483472347,52.663308449701844,22014700,XOM
2021-12-06,52.37415313720703,52.867444855699006,52.23806908308795,52.4932234401388,19210500,XOM
2021-12-07,52.96099090576172,53.60737381726362,52.81640324808597,53.02052604585709,19800400,XOM
2021-12-08,53.114078521728516,53.743450886211996,53.020522381067615,53.250159296029395,18214400,XOM
2021-12-09,53.25016784667969,53.38624864283175,52.569763865919356,52.773883437936405,16910300,XOM
2021-12-10,53.590370178222656,53.879542286192866,52.92697667822956,53.81150350783517,17942400,XOM
2021-12-13,52.41667938232422,53.343730940569976,52.1785355247671,53.13110446615051,17793700,XOM
2021-12-14,52.34012985229492,53.13110053821333,52.06796824471249,52.10198601234358,22551100,XOM
2021-12-15,52.11049270629883,52.30610865829185,51.03885354130126,52.042450682428765,19961900,XOM
2021-12-16,52.19554138183594,53.11408922681538,52.136006233856406,52.25507652981547,21187800,XOM
2021-12-17,51.05585861206055,52.11899078868631,50.766686530241465,51.83832558115651,44338100,XOM
2021-12-20,50.315921783447266,50.39246743337611,49.29531419920333,50.00123555348293,21819300,XOM
2021-12-21,51.455596923828125,51.60868821555194,50.792203489306175,50.81771762311951,19798900,XOM
2021-12-22,51.872344970703125,52.19553480632787,51.004828752318225,51.31951495834098,14058300,XOM
2021-12-23,51.89786148071289,52.5952759392013,51.880850976308054,52.0254353971162,13543300,XOM
2021-12-27,52.63779830932617,52.68882982034123,51.38755386704272,51.82131359961617,12593700,XOM
2021-12-28,52.46769714355469,52.99501303040825,52.22105294842459,52.65480944175575,12781000,XOM
2021-12-29,52.00843048095703,52.39115549183691,51.81281129369658,52.289095705230416,12733600,XOM
2021-12-30,51.70225143432617,52.391159096851105,51.68524092798425,52.06796920962162,11940300,XOM
2021-12-31,52.042449951171875,52.28059378694862,51.62570391630146,51.659724927758454,14072000,XOM
2022-01-03,54.041133880615234,54.09216214705774,52.059454008411535,52.08497138605462,24282400,XOM
2022-01-04,56.0738410949707,56.29497439398262,54.51741410569295,54.542928238493644,38584000,XOM
2022-01-05,56.77125930786133,57.502694778351035,56.541625608448975,56.558632868506045,34033300,XOM
2022-01-06,58.10655212402344,58.242636157599584,57.04341994487426,57.834390545715,30668500,XOM
2022-01-07,58.582820892333984,58.837975156983866,57.81737107606934,58.27663837029113,23985400,XOM
2022-01-10,58.234130859375,58.82948230027395,57.791864227126595,58.65938374254397,22760300,XOM
2022-01-11,60.68357849121094,60.72610637041259,58.32768063129887,58.59133531358777,32936100,XOM
2022-01-12,60.50497817993164,61.07481547175665,60.07972530743347,60.50497817993163,23045100,XOM
2022-01-13,60.07120895385742,60.87919317741018,59.7990474179595,60.4879613751096,21043200,XOM
2022-01-14,61.1258430480957,61.363983590504034,60.045697245088206,60.0882251228796,23012900,XOM
2022-01-18,62.154964447021484,62.83536518304938,61.24492351484047,61.93383112561143,32841200,XOM
2022-01-19,62.18048095703125,62.81836032139238,61.70419977473849,62.72480416217853,26431600,XOM
2022-01-20,62.31654357910156,63.25210494702331,61.45753757959943,61.66165711039923,26774600,XOM
2022-01-21,61.381004333496094,62.24001704062789,60.41993507939249,62.24001704062789,35995200,XOM
2022-01-24,61.90830993652344,62.15495736521598,59.373800125938025,60.2838409544309,41507000,XOM
2022-01-25,63.728389739990234,63.99204441971861,60.71759890713519,61.7382031096297,39278400,XOM
2022-01-26,63.08202362060547,64.63845103845968,62.50367932544439,64.15366291522504,35252400,XOM
2022-01-27,63.889984130859375,64.64693360905545,62.92890863310895,64.17915292529702,29174700,XOM
2022-01-28,64.02606964111328,64.31524496046306,62.89489547481754,63.76241494402318,30595700,XOM
2022-01-31,64.60441589355469,64.99564775930126,63.16705910180019,63.76241701920542,36085500,XOM
2022-02-01,68.74638366699219,69.3247278562079,64.86807290272746,65.02116420248586,61033100,XOM
2022-02-02,68.5677719116211,68.72936358230561,67.31752749364692,68.09148430691826,30299300,XOM
2022-02-03,67.76830291748047,68.30411923955994,67.20696597057827,68.11700692392587,28529400,XOM
2022-02-04,69.23966979980469,70.19223199858946,68.78039595874345,68.78039595874345,32197500,XOM
2022-02-07,70.07316589355469,70.66001691797274,68.58478088054147,69.01003374140238,34949200,XOM
2022-02-08,68.26158905029297,70.166719994479,67.9724137391474,69.97110082910022,34356300,XOM
2022-02-09,67.93479919433594,68.82053033663904,67.68541749860779,68.43356258579223,40106100,XOM
2022-02-10,67.28126525878906,68.51957288760896,66.89429740517224,67.69403665532195,28527700,XOM
2022-02-11,68.97534942626953,69.06994275157442,67.27268269234152,67.60805664177522,42002100,XOM
2022-02-14,67.91761016845703,68.65714758990134,66.25793679823016,68.43356940794786,34652800,XOM
2022-02-15,67.06627655029297,67.23826735273585,65.71617991481311,66.12895127989776,25075100,XOM
2022-02-16,67.3758544921875,68.56256808495922,67.10927694518672,67.7542277027267,21733800,XOM
2022-02-17,67.2726821899414,68.03802340839802,67.03189500683087,67.48766582570516,23738800,XOM
2022-02-18,66.5245132446289,67.22105787867298,66.12034310263084,66.35252902116392,23394800,XOM
2022-02-22,65.75059509277344,68.61417872700781,64.76166904530386,68.51098421883343,35947800,XOM
2022-02-23,66.01716613769531,66.61912420099769,65.46680860373728,65.75058855240357,25385000,XOM
2022-02-24,65.18302917480469,67.96061357145585,63.66094163540749,67.93481658956415,46199900,XOM
2022-02-25,66.9372787475586,67.06627019697659,65.57858762125171,65.94835961050187,28310300,XOM
2022-02-28,67.4360580444336,67.87462645127707,65.52700251429289,65.79358665532047,32204600,XOM
2022-03-01,68.08102416992188,69.35373032939334,67.35868221835909,67.7370490002717,40002300,XOM
2022-03-02,69.25051879882812,70.64361494134506,68.63996613905253,69.31071394667138,44321400,XOM
2022-03-03,69.68907165527344,70.31681997696387,68.47656122668445,68.67434898879227,30196600,XOM
2022-03-04,72.3118667602539,72.47525636455218,69.36229862894957,69.69767245614679,42802200,XOM
2022-03-07,74.91748809814453,75.01208140802738,72.14849825054606,73.02562846126649,55207900,XOM
2022-03-08,75.48503112792969,78.69258892493231,73.46418685319206,76.57715135317999,72082300,XOM
2022-03-09,71.19397735595703,74.44452868489577,70.1706532113728,72.26029428865907,65466700,XOM
2022-03-10,73.40401458740234,73.67919338424964,71.28857635649247,72.24310424322718,44644200,XOM
2022-03-11,73.02562713623047,74.1521456532733,72.20869208655144,72.2946842137631,35303400,XOM
2022-03-14,70.41142272949219,71.76151940640466,69.22471567972009,71.42614553232171,37462600,XOM
2022-03-15,66.40412902832031,68.08099832266045,65.67318617080738,67.78002262377609,47957900,XOM
2022-03-16,66.15473937988281,67.60803030174797,65.56998385162737,66.91147912671681,37812300,XOM
2022-03-17,67.91761016845703,68.06379741683686,66.27513259654286,67.22966014195083,34041900,XOM
2022-03-18,67.65101623535156,68.27016985687138,67.16085404511115,67.98639002021201,41461500,XOM
2022-03-21,70.68661499023438,70.96179377447781,68.57117685621671,68.89795617304186,33089300,XOM
2022-03-22,70.37702941894531,70.68660633340346,69.47410221909149,70.19644397897454,23132200,XOM
2022-03-23,71.48634338378906,72.46666806222356,71.41755361887235,71.66692881815555,27716300,XOM
2022-03-24,71.70133972167969,72.79346026362386,71.15958332231503,71.77013605959961,19871600,XOM
2022-03-25,73.26641082763672,73.51579259968449,71.1939722624907,71.30576137653458,22398300,XOM
2022-03-28,71.21116638183594,71.64113358677065,70.53181741074565,71.52074329425123,21552400,XOM
2022-03-29,70.83280944824219,70.93599739272497,68.58837980482447,69.49130712294782,27036300,XOM
2022-03-30,72.0453109741211,72.24309879480398,71.12518132648407,71.42615708771496,22079000,XOM
2022-03-31,71.02197265625,72.57845824371815,70.9875810567815,71.26275977797714,27861500,XOM
2022-04-01,71.47775268554688,72.35488292356514,70.50602257392276,70.50602257392276,18671100,XOM
2022-04-04,71.51214599609375,71.94211318492805,70.55761831201933,71.85611449853828,20869400,XOM
2022-04-05,71.14236450195312,73.15460752925257,70.99617069097553,71.80451099806733,21753100,XOM
2022-04-06,71.93350982666016,72.83643695941281,71.3229572242907,71.73572203904094,24768200,XOM
2022-04-07,73.13740539550781,73.47277920434072,71.12515598173317,72.08828463525012,26122000,XOM
2022-04-08,74.67670440673828,74.99488251476903,73.2406154514039,73.2406154514039,24866500,XOM
2022-04-11,72.10550689697266,73.89417224108853,71.80453113252517,73.76518075324545,21800100,XOM
2022-04-12,73.61036682128906,74.65948760375646,73.42118024598808,73.70496010893956,22444200,XOM
2022-04-13,74.6509017944336,74.90888473401019,73.25781229090032,74.47891754190165,19306800,XOM
2022-04-14,75.52804565429688,76.06980200550089,74.15215182211098,74.53051852547505,24566400,XOM
2022-04-18,76.14718627929688,76.4395607974604,75.45923620242786,76.10418693920074,19032300,XOM
2022-04-19,75.46784973144531,76.24179205436899,75.046477124044,75.68283334554748,20382600,XOM
2022-04-20,75.63983154296875,76.10419692164857,75.07227823176834,75.64843272427181,20689400,XOM
2022-04-21,74.84009552001953,77.22211766467747,74.63371308521494,76.49116812001493,29010900,XOM
2022-04-22,73.20620727539062,75.77741565021924,73.09441817418089,74.52191231357963,23591600,XOM
2022-04-25,70.73821258544922,71.08218769166507,68.1842061148293,70.83280590367806,37698300,XOM
2022-04-26,70.76399993896484,72.85364071590031,70.66940663361059,71.14237316038185,28941500,XOM
2022-04-27,72.78483581542969,73.50718401112967,70.75539042096575,71.7099179819542,32773000,XOM
2022-04-28,74.98628234863281,75.79462284113916,72.29468984852578,72.99123466224253,33683800,XOM
2022-04-29,73.30941772460938,75.79462795897423,72.83645111497744,75.79462795897423,34656500,XOM
2022-05-02,74.30693817138672,74.84869450715689,72.77624935585895,73.10302864222942,36335200,XOM
2022-05-03,75.83760070800781,76.34495874694045,74.05753714098299,74.17792740651879,33908100,XOM
2022-05-04,78.85596466064453,79.01075308132309,76.456753981293,76.96411201748654,46188400,XOM
2022-05-05,77.66067504882812,79.15696565718649,76.00960254385917,79.14836447600403,41013400,XOM
2022-05-06,78.84737396240234,78.95916305370358,76.83512439353639,78.2368214284753,29619300,XOM
2022-05-09,72.63005828857422,77.01572239539698,72.25168505493862,76.91253446679,45851600,XOM
2022-05-10,73.11162567138672,74.71970549037975,71.82172396782056,73.64478740407462,34483200,XOM
2022-05-11,74.63370513916016,76.48256535621867,74.19513677121172,74.32412823952345,33020600,XOM
2022-05-12,74.97252655029297,75.04202095580578,72.45317042391544,74.66846118574308,29491500,XOM
2022-05-13,77.19649505615234,77.27467873615826,75.01594850911715,75.89338069886144,25798400,XOM
2022-05-16,79.01216125488281,79.90697197712397,77.29205408657445,77.30074337109619,26101200,XOM
2022-05-17,80.01991271972656,80.31528213784354,79.15985906511122,79.6897927886577,23120700,XOM
2022-05-18,78.75154113769531,80.72358450239223,78.03917226165716,80.36740337836414,25451200,XOM
2022-05-19,79.1772232055664,80.18496809792089,77.31811402772264,77.31811402772264,24387400,XOM
2022-05-20,79.80271911621094,81.30564054229121,78.53435534445012,79.86353085088501,28795000,XOM
2022-05-23,81.56626892089844,82.33076027342321,80.40215663673693,80.49771888430031,27239300,XOM
2022-05-24,82.00934600830078,82.3481552707131,80.20235885677938,80.63673038581913,24293300,XOM
2022-05-25,83.6599349975586,83.85974213157594,82.07013406941985,82.16569630846523,29947800,XOM
2022-05-26,83.95532989501953,84.64163771682577,83.57308082262526,83.92057937680336,24314800,XOM
2022-05-27,84.78062438964844,85.07600044993221,82.79120879448602,83.35588643011792,25588800,XOM
2022-05-31,83.39932250976562,86.68316977311042,83.14738626099279,85.62330232240492,44888100,XOM
2022-06-01,84.997802734375,85.75361144860433,83.93794195665039,84.28543381663492,25815400,XOM
2022-06-02,84.85011291503906,85.22367260718276,84.08562158999284,84.51999301676541,19089100,XOM
2022-06-03,86.08372497558594,86.57891475806203,85.0499255013153,85.0499255013153,21038200,XOM
2022-06-06,85.8665542602539,86.68317479475749,85.7188695421365,86.16193032447175,20682100,XOM
2022-06-07,89.80194854736328,89.85407099610707,86.431222131654,86.61365733023901,37810200,XOM
2022-06-08,90.86183166503906,91.71320276329595,89.46316146387552,89.90621564355554,31613200,XOM
2022-06-09,88.89846801757812,90.84445037747805,88.75078330620694,89.84539465541036,26607000,XOM
2022-06-10,87.27392578125,89.78459265899855,86.69186952997592,88.55966840822747,30950500,XOM
2022-06-13,83.2690200805664,84.93700514712562,81.59234572766518,84.71981938445957,33421000,XOM
2022-06-14,83.48619842529297,85.71886760200286,82.76514016659333,84.6242562275728,31264000,XOM
2022-06-15,82.43501281738281,83.89450114682926,81.027646940708,83.39062867676247,29620800,XOM
2022-06-16,79.39441680908203,80.90602766985066,78.4301116148031,80.28053832014072,35696700,XOM
2022-06-17,74.81615447998047,79.35967695794196,74.4165334689846,79.02086769583713,64610200,XOM
2022-06-21,79.47261810302734,80.38479433990194,76.90113281092789,76.95326190159469,35951500,XOM
2022-06-22,76.32776641845703,77.97837957182082,76.04107961554985,76.04976890205772,29727200,XOM
2022-06-23,74.02558898925781,77.36156549968555,72.5574112230034,77.02275626562422,35757200,XOM
2022-06-24,75.49375915527344,76.79687350216084,74.54682594998445,75.5371923233803,26639000,XOM
2022-06-27,77.34418487548828,78.22161712327366,76.16269391648505,76.2843174009722,25478700,XOM
2022-06-28,79.48997497558594,81.00158575863088,78.49091931969522,79.1598550612145,33096900,XOM
2022-06-29,76.55362701416016,80.96683592504017,76.24087903877732,80.77571805384609,25400900,XOM
2022-06-30,74.3991470336914,76.10188245067937,73.55646529669603,74.8335185164327,39948100,XOM
2022-07-01,76.0584487915039,76.345128931008,73.59121533880229,75.35476248694675,26327900,XOM
2022-07-05,73.67808532714844,75.32000892468857,72.11435203938677,75.00726094153973,34591100,XOM
2022-07-06,72.34890747070312,74.04296009825863,70.37686400894403,72.76590697797316,33375700,XOM
2022-07-07,74.65977478027344,75.37214376789605,74.10377979617691,74.17327419820171,23817400,XOM
2022-07-08,74.78138732910156,75.84125468373333,73.7823317098348,75.53718937892627,17673800,XOM
2022-07-11,74.3991470336914,74.8161465734355,73.28715709835093,73.99083677943733,15603800,XOM
2022-07-12,73.40878295898438,73.8865942566562,71.98404497972321,72.78328694311692,21013000,XOM
2022-07-13,73.70415496826172,74.981208273907,72.36629654404437,72.435790948691,19928600,XOM
2022-07-14,72.227294921875,72.37497964613205,70.0988771513979,71.10661561878032,26343000,XOM
2022-07-15,73.44351959228516,73.73888897284769,72.01878188231835,73.66939458376237,17243700,XOM
2022-07-18,74.79875946044922,76.39724978094094,74.49470078285033,75.21575895257205,19395800,XOM
2022-07-19,76.68392944335938,76.90111515866376,74.92907178001205,75.07675647570335,18248900,XOM
2022-07-20,77.52661895751953,77.88280674824613,75.79782234385026,76.08450910790101,16584400,XOM
2022-07-21,76.2322006225586,76.2756404251038,74.02559253852483,75.51983160550701,21375700,XOM
2022-07-22,75.65013122558594,76.85768329287228,75.2591929546339,76.05844143774416,15479500,XOM
2022-07-25,78.16949462890625,78.2998007708064,75.94550813939028,76.58838270335075,17536400,XOM
2022-07-26,77.86542510986328,79.29885224566054,77.31811945931484,79.16853948277308,15141200,XOM
2022-07-27,79.55078125,79.9243409347054,77.6656108860601,78.43010219588382,18047000,XOM
2022-07-28,80.48033905029297,81.01027273191457,79.06429055644136,80.08071812493574,20353100,XOM
2022-07-29,84.20726013183594,84.71981532574048,81.74871582552308,82.05277455309214,29825800,XOM
2022-08-01,82.07884216308594,82.83464433676407,80.99291340505813,82.34815037412223,20793200,XOM
2022-08-02,81.72266387939453,82.70434120505946,81.5054781024611,82.26128699226366,16722500,XOM
2022-08-03,79.07299041748047,82.0267181475476,78.87318322531944,82.0267181475476,23580800,XOM
2022-08-04,75.74569702148438,78.48223190646702,75.08545054901431,78.45617067944546,31821500,XOM
2022-08-05,76.84031677246094,77.91756287966064,74.95514602683626,75.02464705852331,17408000,XOM
2022-08-08,77.2746810913086,77.83936532227472,76.64050246310221,76.97931167608536,14458500,XOM
2022-08-09,78.69941711425781,79.5855385950151,78.14342218153978,78.23030177501268,19083400,XOM
2022-08-10,79.44652557373047,79.74190156917614,77.48317163851436,78.77759654107359,18302000,XOM
2022-08-11,81.74478149414062,82.71845629802962,80.20970944921079,80.56057770557406,18797900,XOM
2022-08-12,82.45529174804688,82.47283248249393,80.79741460892888,81.12197508145015,15058200,XOM
2022-08-15,80.98160552978516,81.34125408849903,78.64830017727026,79.41144577547011,20755200,XOM
2022-08-16,80.22723388671875,81.48160705629923,80.07811423882008,80.72722841208262,14038200,XOM
2022-08-17,80.87633514404297,81.76229256236945,79.7535410693697,80.0605540284787,13678000,XOM
2022-08-18,82.78861236572266,83.60439364359733,81.65704435496863,81.70967993870313,17770400,XOM
2022-08-19,82.52546691894531,83.50790865144886,82.27985648581944,82.59564324051911,16128600,XOM
2022-08-22,82.46405029296875,82.88509476607526,80.57810379864664,81.94650837481466,16019900,XOM
2022-08-23,85.9640121459961,86.32366071527643,83.72719078565287,83.8149145192987,23764700,XOM
2022-08-24,86.4727783203125,86.81487945786292,85.40261304187021,85.97278383524795,17050300,XOM
2022-08-25,86.92013549804688,87.59557074045173,86.05172545019303,86.77101586513498,15305700,XOM
2022-08-26,85.84999084472656,87.63944680678203,85.45525407364227,86.63945100213104,15531400,XOM
2022-08-29,87.82365417480469,89.08679443563481,86.08682711413799,86.121915273103,23059200,XOM
2022-08-30,84.48158264160156,86.50788208235102,84.05176438730174,86.27981238537502,17086800,XOM
2022-08-31,83.85001373291016,84.94649371179463,82.09564576669499,82.48160886082478,18340900,XOM
2022-09-01,82.34124755859375,83.39386546520572,80.95529551739556,82.82369464396531,16423000,XOM
2022-09-02,83.85001373291016,84.90263852806886,83.42896916875281,84.51667543393907,18206800,XOM
2022-09-06,83.2885971069336,84.72717796854757,82.9026407951418,84.3499953684091,19201500,XOM
2022-09-07,82.57807922363281,82.9728092415132,80.96406430599266,81.74475732260485,16274700,XOM
2022-09-08,83.2535171508789,83.70087606757306,82.20966629383005,83.03422120224721,18759200,XOM
2022-09-09,84.64823913574219,85.08683104836261,83.61316195426272,84.66577986759916,17158000,XOM
2022-09-12,85.6219253540039,87.00787759242041,84.98157812990081,85.65701351486814,16118900,XOM
2022-09-13,83.6219253540039,85.77102278386157,83.25350979900784,84.74471944106655,18229100,XOM
2022-09-14,85.67454528808594,86.45523838160796,84.34122877661356,84.37631693380779,22655700,XOM
2022-09-15,83.183349609375,84.68333325304101,82.4991472483044,84.4026346768997,21092300,XOM
2022-09-16,81.7623062133789,83.63070541280156,80.70091455331782,83.3938687169126,37874700,XOM
2022-09-19,81.75354766845703,82.00793183635166,79.82374550893057,79.83251922296361,15342100,XOM
2022-09-20,81.08686828613281,81.5166864513276,80.38511860663115,81.34125237764265,14712500,XOM
2022-09-21,79.77986145019531,82.35001017190422,79.70969183458885,82.07808534392888,17332400,XOM
2022-09-22,79.44652557373047,81.27984294367198,79.40266371280933,80.87633256186255,16139400,XOM
2022-09-23,75.21851348876953,76.75358519262197,74.42904670259769,76.75358519262197,27738800,XOM
2022-09-26,73.6659164428711,75.63080676043063,73.5869664015693,74.47292412960661,22043400,XOM
2022-09-27,75.20974731445312,76.27991276603379,74.39396600237788,75.09571581428126,17307300,XOM
2022-09-28,77.94656372070312,78.33252678733338,75.36764085255047,75.54308165210158,19543300,XOM
2022-09-29,77.78866577148438,78.3851510701063,76.42902809756646,77.35007383697948,17896000,XOM
2022-09-30,76.5869140625,78.10444495392387,76.5869140625,77.34129265235725,21357600,XOM
2022-10-03,80.6307373046875,81.01670033746782,78.7009355255491,78.98163408783071,23881300,XOM
2022-10-04,83.5693130493164,83.64826308587318,81.32372424992626,81.78863067863914,22133700,XOM
2022-10-05,86.94645690917969,87.70960249908785,83.91140189537948,83.99034522162613,34857700,XOM
2022-10-06,89.52537536621094,89.63063983015104,86.2534835808855,86.37628877595834,29124700,XOM
2022-10-07,88.62191009521484,90.63066252227527,87.87630493570983,89.6394468812753,24507600,XOM
2022-10-10,86.70083618164062,89.49905440643603,86.5955784177461,89.0253743917685,16786100,XOM
2022-10-11,85.9640121459961,87.50785750330114,84.86753239923594,85.27980985479876,17804100,XOM
2022-10-12,86.34119415283203,86.76224528466705,85.28857636181556,85.52541302246102,12635800,XOM
2022-10-13,89.35873413085938,89.86749575122096,85.4377206835634,85.56929961856726,22019100,XOM
2022-10-14,87.00787353515625,89.68328042556894,86.87629461114662,88.70083873671217,15222000,XOM
2022-10-17,88.2622299194336,89.44642662447501,88.15696546186383,88.6569599236538,14283200,XOM
2022-10-18,88.4201431274414,89.7797742082249,87.04296462026302,89.06925736402438,14065400,XOM
2022-10-19,91.04290771484375,91.21834179848811,88.79731932076552,88.81486005217744,20921700,XOM
2022-10-20,91.16573333740234,92.10431994918925,90.70960060230242,91.50783456182299,17649000,XOM
2022-10-21,92.85868835449219,93.33236846442023,91.14818242340375,91.62185584094973,22814100,XOM
2022-10-24,93.50780487060547,94.45516511379229,92.20957641205958,92.683256533653,17024200,XOM
2022-10-25,92.87622833251953,94.14814899486578,92.16571151959708,93.34114141816596,15719800,XOM
2022-10-26,93.98149108886719,94.5867501766751,92.98150188698271,93.20957159566699,17383800,XOM
2022-10-27,94.34112548828125,96.12180762816496,94.22708730496663,95.09550413262336,18214000,XOM
2022-10-28,97.104248046875,97.55161367746408,94.84111883437248,96.0165419632211,28169400,XOM
2022-10-31,97.20073699951172,99.0428283763052,95.99899944865632,96.05162833631964,26401800,XOM
2022-11-01,98.1656494140625,98.74458728415475,97.06039587176413,98.56915318834056,22213100,XOM
2022-11-02,96.14812469482422,98.33231066109042,95.88496685640966,97.87617799253793,20654200,XOM
2022-11-03,97.45512390136719,98.08669734093932,95.00778016921602,95.24462355524638,17103700,XOM
2022-11-04,98.51651000976562,99.56036086880674,97.1919672960167,99.12176897070627,17541500,XOM
2022-11-07,99.68316650390625,99.99017949545247,98.35861709194253,98.6042341775608,16008000,XOM
2022-11-08,99.99895477294922,100.57789930239883,98.77089609515602,99.54282213442218,14661000,XOM
2022-11-09,95.52534484863281,99.36740859708361,95.23587250455127,99.20951519961942,19522800,XOM
2022-11-10,96.92881774902344,97.10425184627708,94.35866873920475,96.65689289056574,20146700,XOM
2022-11-11,99.9551010131836,100.43755482685927,98.67441334424134,98.75336337392552,20518900,XOM
2022-11-14,100.24691009521484,101.36989885956451,99.4687697738474,99.59256359838177,20858300,XOM
2022-11-15,100.91893005371094,101.27262958041747,99.8047856520328,100.62713418446612,19373800,XOM
2022-11-16,99.84014892578125,101.03387883751854,98.91168857984287,100.30879789699051,13591000,XOM
2022-11-17,99.97278594970703,100.09657976994977,97.93018116944464,98.40767451020544,12425900,XOM
2022-11-18,99.10621643066406,99.45991590558116,96.92212942527661,98.06280669009965,15415000,XOM
2022-11-21,98.12471771240234,98.32809038602198,95.03870301084189,97.25815421146967,20973000,XOM
2022-11-22,100.96314239501953,101.21957437654709,98.53146748834396,99.22117783701808,17719100,XOM
2022-11-23,100.4591293334961,100.75976955792682,99.12391677225604,99.31845185689126,11546700,XOM
2022-11-25,100.10542297363281,101.34336790822526,99.97278481166627,100.69786578465857,7136000,XOM
2022-11-28,97.0989761352539,98.55798225807037,96.93097411241892,97.85059005197441,23015500,XOM
2022-11-29,97.74449157714844,98.85864271856269,97.08130749830188,97.80638848799049,14453200,XOM
2022-11-30,98.45186614990234,98.94704809371844,97.07244567312459,98.62871925349955,23158100,XOM
2022-12-01,97.9743881225586,99.09737675608788,97.42615357330227,98.71715098323813,14398300,XOM
2022-12-02,97.1432113647461,98.77906419377904,96.5596060953706,96.83372678837627,15248400,XOM
2022-12-05,94.48162841796875,98.46957743139599,93.67696853727055,97.88597217497644,19287700,XOM
2022-12-06,91.85541534423828,94.64963421742775,91.20991994064254,93.64159493944356,21197000,XOM
2022-12-07,91.65203857421875,92.71313037325531,90.52020552291117,91.76698804946629,20061700,XOM
2022-12-08,92.3328857421875,94.43739371732678,91.70507243541455,93.97758241760906,21128800,XOM
2022-12-09,91.55476379394531,93.68579156648288,91.3425468001827,92.4832173580671,21298200,XOM
2022-12-12,93.80960845947266,93.94224664305979,91.59899455388125,91.81121834612398,20413200,XOM
2022-12-13,94.83531951904297,95.97599689903265,94.63194010789844,95.32165718943831,24305300,XOM
2022-12-14,94.13675689697266,95.7637718100608,93.50894352305892,95.4896511706712,17597300,XOM
2022-12-15,93.23484802246094,93.88034346193584,91.69625598948416,93.13758047740178,15365100,XOM
2022-12-16,92.58049011230469,93.35863037712511,91.19222511269014,91.68740712110049,54596600,XOM
2022-12-19,92.99609375,93.90686549773748,92.29753902448837,93.07567934974564,13611100,XOM
2022-12-20,94.34014129638672,95.06522223464236,92.90766135903722,92.99608454735976,14680000,XOM
2022-12-21,95.55155944824219,96.0202084489052,94.75574395457302,95.75493886643456,13565400,XOM
2022-12-22,93.6239013671875,95.6665128470525,92.04994562040243,95.40123652615874,13213000,XOM
2022-12-23,96.09980773925781,96.15286031405994,94.52585172171815,94.57005995196718,11539400,XOM
2022-12-27,97.43499755859375,97.68258517791254,96.23242333939673,96.62148670707343,11962100,XOM
2022-12-28,95.83451843261719,97.26699847517698,95.41008439899325,97.18741962371898,10702100,XOM
2022-12-29,96.55960083007812,97.01941224383268,95.4896646408233,95.4896646408233,10534000,XOM
2022-12-30,97.53226470947266,97.7091110807995,96.03788791061125,96.03788791061125,11799600,XOM
2023-01-03,94.18099212646484,97.28468904113988,93.27905791909592,97.07247200551222,15146200,XOM
2023-01-04,94.45509338378906,94.75574032792433,92.63355001809687,92.6689206436573,18058400,XOM
2023-01-05,96.56845092773438,97.2227907134053,94.00413761036516,94.03066389615134,15946600,XOM
2023-01-06,97.73564147949219,99.02663893408669,96.97518990748685,97.33773375411454,16348100,XOM
2023-01-09,95.91410064697266,98.71715697595984,95.33049543850468,98.71715697595984,17964600,XOM
2023-01-10,97.34657287597656,97.55879662934305,95.50734757059948,97.08130330365398,15104600,XOM
2023-01-11,98.47840881347656,98.54914331558233,96.46232371268536,98.14239125688299,16710400,XOM
2023-01-12,100.11426544189453,100.57407008234286,98.80557927926048,98.87632053048546,15357300,XOM
2023-01-13,100.05237579345703,100.35301601359217,99.17697467136394,100.01700516527804,12011400,XOM
2023-01-17,99.85783386230469,100.87471742736521,99.62792816803935,100.28227462508247,16542200,XOM
2023-01-18,97.80638885498047,100.91009224458013,97.62069812175756,100.14964062494879,16399700,XOM
2023-01-19,98.43418884277344,99.15042539382789,96.89560387351499,97.32888219176033,12928000,XOM
2023-01-20,100.22920227050781,100.30878785465964,97.80637206490162,98.4695560323901,16515600,XOM
2023-01-23,99.7074966430664,101.3256603293212,99.60138478402679,100.4856300372559,16584400,XOM
2023-01-24,100.63595581054688,100.82164651469056,92.7308073864382,96.5242205471752,13583000,XOM
2023-01-25,100.10542297363281,100.49449311639943,98.49609658253976,100.12311165989883,11914700,XOM
2023-01-26,104.12873077392578,104.14641271197326,101.10460665231939,101.44062419152921,21019700,XOM
2023-01-27,102.22760009765625,104.04914326442632,102.03306505144657,103.41248556637876,15179200,XOM
2023-01-30,100.4148941040039,102.12148780276588,100.05235703907591,101.76778833353292,18672100,XOM
2023-01-31,102.58131408691406,102.92616926445515,97.64722297497009,99.12391122200573,27861800,XOM
2023-02-01,101.45832061767578,103.79272805616499,100.22037564362668,102.42215166217919,19464900,XOM
2023-02-02,98.28388977050781,101.75013055006832,97.11668596733917,101.55559545849724,24562100,XOM
2023-02-03,98.96472930908203,100.90122861524567,98.6464004711851,98.94704737197934,20226600,XOM
2023-02-06,98.79674530029297,99.99931288386817,97.54995600026155,99.35381749501028,13855200,XOM
2023-02-07,101.61749267578125,101.96234788595012,99.05317934032047,99.3803526085931,16013300,XOM
2023-02-08,100.73323822021484,102.42215023732541,100.67134130968634,101.73243987822002,18459700,XOM
2023-02-09,101.11344146728516,102.7846644249459,100.96312139614771,101.35219145909714,17439300,XOM
2023-02-10,105.37553405761719,105.78228617591127,102.71395997402384,103.02344454813263,24918600,XOM
2023-02-13,104.96562957763672,105.3042259266136,103.27263423641654,104.89434398895699,14536200,XOM
2023-02-14,103.7359848022461,104.97454310689795,103.37956363009289,104.26170756075997,12079000,XOM
2023-02-15,103.42413330078125,103.44195130270685,101.70440719276137,103.11226728081274,13663400,XOM
2023-02-16,103.12116241455078,104.05676031780247,102.29248610128886,102.74691645508187,11360600,XOM
2023-02-17,99.15599060058594,101.74894799574247,98.88867982051423,101.74894799574247,20758300,XOM
2023-02-21,99.0579833984375,100.13615260951966,98.73720499535217,98.73720499535217,14469400,XOM
2023-02-22,97.77487182617188,98.87977138404774,96.80362426460337,98.44315900038342,13973800,XOM
2023-02-23,98.67481994628906,99.64606743849976,97.92634162774273,98.66591434595033,11289400,XOM
2023-02-24,98.6837387084961,98.87085830019925,97.14221997946264,97.41844996564515,14351000,XOM
2023-02-27,98.50553131103516,99.13817568114506,97.97980853700834,98.72829370043308,11710500,XOM
2023-02-28,97.93525695800781,99.22727605529569,97.32043060781936,99.12034766451602,18107000,XOM
2023-03-01,98.80850219726562,99.67282150716493,97.33826881019144,97.40064201821666,13200000,XOM
2023-03-02,99.26293182373047,99.53024263835877,98.16693776906345,98.56791418825986,10339900,XOM
2023-03-03,100.51930236816406,101.01829476278668,97.97089998941442,98.06001038721163,13006700,XOM
2023-03-06,101.41033935546875,101.43706975221777,99.68170798340786,99.78862957040394,14347400,XOM
2023-03-07,99.45004272460938,100.8400778738256,99.0579787396843,100.51929948582668,11525300,XOM
2023-03-08,97.99762725830078,100.17178342125054,97.18676894805269,99.11143913622298,13509800,XOM
2023-03-09,97.240234375,100.00249340236701,97.15113078015524,98.7906654776065,12961200,XOM
2023-03-10,96.0373306274414,98.9421544031814,95.47597179272128,97.62339792397039,15795700,XOM
2023-03-13,94.93242645263672,96.10861166823248,92.41966681940171,93.86316283962391,20745600,XOM
2023-03-14,95.2888412475586,97.1333135479092,93.52456014375132,94.7631184769343,18263500,XOM
2023-03-15,90.54846954345703,92.84737251607261,89.3009986509107,91.61772642382849,25733800,XOM
2023-03-16,90.02275848388672,90.60194220243929,87.34069673371489,88.31194453218065,27465200,XOM
2023-03-17,88.96240234375,90.53956418281817,88.33867024806597,89.63960204632836,43199500,XOM
2023-03-20,91.28803253173828,91.31476973129297,88.6594388235734,88.77527282896679,32042100,XOM
2023-03-21,95.37794494628906,95.59179493547116,92.78498748455284,92.82063028244463,31592300,XOM
2023-03-22,93.19487762451172,95.50269970338768,93.16814722329414,95.16410329101637,14952700,XOM
2023-03-23,92.14344024658203,94.75420898735035,91.27912106706614,93.88098420672414,14385900,XOM
2023-03-24,92.2503433227539,92.53547885891518,89.91579824486081,90.41478373360118,13401600,XOM
2023-03-27,94.27303314208984,94.87894703110086,92.58895025022365,93.3285161162338,14805900,XOM
2023-03-28,95.44923400878906,95.92148920121244,93.72950803751957,93.95227043380748,11047600,XOM
2023-03-29,97.08876037597656,97.26697436895958,95.77891641976845,96.28681440297478,14219100,XOM
2023-03-30,97.5610122680664,97.63229786285385,96.69669312623206,97.61447986324123,11578200,XOM
2023-03-31,97.71250915527344,98.16693958801257,97.1689683178378,97.7303271573111,14418000,XOM
2023-04-03,103.47759246826172,104.11914929814769,100.79553794077908,101.0361183529017,28087700,XOM
2023-04-04,102.48851776123047,103.98548129923331,101.73112699219475,103.59342411420617,16365500,XOM
2023-04-05,104.243896484375,104.25280888434825,101.85588315424265,102.7825756045505,16479500,XOM
2023-04-06,102.51525115966797,104.41318421148469,102.26575158077267,104.12804863377276,15778000,XOM
2023-04-10,102.06082916259766,103.52215006530234,101.73113834011853,102.27467917811875,13006600,XOM
2023-04-11,102.7825698852539,103.53996068477187,101.91825068651487,102.43506108549661,11758500,XOM
2023-04-12,102.67565155029297,103.88747278916813,102.40833394282146,103.50432797565166,10919000,XOM
2023-04-13,103.15679168701172,103.26372006819841,101.69547113496589,102.11426546357069,12399700,XOM
2023-04-14,103.40629577636719,103.94983650776764,102.57761948080321,103.27263699356627,11530800,XOM
2023-04-17,102.20338439941406,103.81618876658746,101.9538916040066,102.90731438541017,13260400,XOM
2023-04-18,104.19935607910156,104.43993651149154,101.84698537012692,101.92717658153363,17436100,XOM
2023-04-19,103.86962890625,104.16367684156586,103.15678666272686,103.43301660112999,10682600,XOM
2023-04-20,103.04096221923828,103.07660501452835,100.89353648881483,102.58652507700013,17038700,XOM
2023-04-21,103.37066650390625,104.14587530886092,102.7023793006452,103.79836650701868,14315300,XOM
2023-04-24,105.32206726074219,105.93689370253716,103.2548323181713,103.29047512040849,15831300,XOM
2023-04-25,103.8250961303711,104.91217772724659,103.03206253229023,104.74288292644243,12179800,XOM
2023-04-26,102.87166595458984,104.33298664612074,102.18556080478032,103.38847631573744,15566100,XOM
2023-04-27,104.101318359375,104.26170754691421,102.36376769467202,103.02314924242684,16279200,XOM
2023-04-28,105.44680786132812,106.85466788038768,104.10132784137473,104.47556704699743,24381900,XOM
2023-05-01,102.17666625976562,104.52013129389573,101.98063424037547,103.35285157793695,17355000,XOM
2023-05-02,98.10456085205078,101.52619489475417,97.3828128422563,101.52619489475417,24324100,XOM
2023-05-03,96.17097473144531,97.84614537762732,96.0194979449744,97.19568303658482,16212300,XOM
2023-05-04,94.48690032958984,96.90164392801576,94.37106632901671,96.14425312821218,17177200,XOM
2023-05-05,96.83927917480469,97.50756643259967,95.81457068655182,96.72344516412792,14968200,XOM
2023-05-08,97.22242736816406,98.87978025271248,97.1600541649034,98.460985831604,11187800,XOM
2023-05-09,97.24915313720703,98.22040073962117,96.42047673440813,96.53631073546877,11370800,XOM
2023-05-10,96.00167846679688,98.02436479131863,95.08389850028637,97.78377760119977,14884800,XOM
2023-05-11,94.2641372680664,95.18191726123521,93.49783407416122,94.88786926395719,17165900,XOM
2023-05-12,94.25523376464844,95.3512278587774,93.36418408746603,94.727489005848,12613300,XOM
2023-05-15,94.43497467041016,95.20792733140733,93.9945736426379,94.83044073617398,13715600,XOM
2023-05-16,92.14308166503906,94.2012922413337,91.69369088917978,94.039511287738,14795200,XOM
2023-05-17,94.21028900146484,94.57879275658259,92.43968811541232,92.9250310123881,14064700,XOM
2023-05-18,95.06411743164062,95.1899531518068,93.59011630170319,93.96760974788424,12005600,XOM
2023-05-19,95.50452423095703,96.2145624397153,95.10905817616542,95.78314430201911,13359600,XOM
2023-05-22,94.34510040283203,96.20557793708879,94.26420649760746,95.12703596276837,12882000,XOM
2023-05-23,95.63036346435547,97.26614569955332,95.04615405382208,95.26185971748569,14394400,XOM
2023-05-24,96.69989776611328,97.52678195304361,95.92695198891529,96.51115447500182,16340300,XOM
2023-05-25,94.96525573730469,95.65731446900327,94.1114092055992,95.21691345792236,14316500,XOM
2023-05-26,94.34510040283203,96.12468403186422,94.21927153440184,95.69327272786327,12370300,XOM
2023-05-30,93.50923156738281,93.58113573578032,92.22397370020268,92.8351454172637,11938000,XOM
2023-05-31,91.83749389648438,92.61044653465474,91.44202784239944,91.9363604100056,24926100,XOM
2023-06-01,92.89806365966797,94.89335984298441,91.01062373337051,91.4510247828361,13551900,XOM
2023-06-02,95.05513000488281,95.38767475956357,93.94962578175353,94.51586249534884,14112000,XOM
2023-06-05,94.63270568847656,96.3403919230926,94.45294527279351,96.3403919230926,10628000,XOM
2023-06-06,95.4056625366211,95.51351193362409,93.45530822634811,93.60809944354169,12209800,XOM
2023-06-07,97.54476165771484,97.86832356804699,95.92695896321322,95.98088366254888,16027100,XOM
2023-06-08,97.23918151855469,98.0930212783072,95.18097087359959,97.76046962450039,13517100,XOM
2023-06-09,96.52014923095703,97.6166638091624,96.31343331634001,97.48184520645275,12251600,XOM
2023-06-12,95.64833068847656,96.22355033059999,94.87537800865589,95.10007339564658,14112000,XOM
2023-06-13,95.66632080078125,97.37400044613507,95.52251244567452,96.51117088697404,13533800,XOM
2023-06-14,94.515869140625,97.16727191559242,93.82380352138556,96.57407281338719,16627700,XOM
2023-06-15,95.1719741821289,96.19658456181193,94.7675252427862,94.82144993945623,16224100,XOM
2023-06-16,94.48889923095703,95.96290038301437,94.33610801746352,95.59440352357946,43128900,XOM
2023-06-20,92.32283782958984,94.1653358112984,91.78357029487414,94.08444876681249,17514100,XOM
2023-06-21,93.3564453125,94.03951437709155,91.97232085452352,92.12511207761695,13285700,XOM
2023-06-22,92.84414672851562,93.37442460795535,92.25993728747405,92.43070113726053,12455300,XOM
2023-06-23,92.03523254394531,92.41271915108315,91.33418402864389,92.20599637641676,17933600,XOM
2023-06-26,93.73394012451172,94.29118722217187,91.85548288978433,91.85548288978433,14283400,XOM
2023-06-27,93.96761322021484,94.02153791859389,92.8171670832428,93.51822244796544,13227500,XOM
2023-06-28,94.73157501220703,95.10906161059825,92.75425152400555,93.75189957486727,13084100,XOM
2023-06-29,95.89997863769531,95.92694784139545,94.48889202568851,94.96525195750748,11364400,XOM
2023-06-30,96.39432525634766,96.96055518787752,95.9988591635691,96.4572396931843,13544700,XOM
2023-07-03,96.58306884765625,97.48185043774107,96.23254457609592,96.61003119821329,7397000,XOM
2023-07-05,96.08873748779297,96.99650190372355,95.36071977938144,96.73585443492918,12491200,XOM
2023-07-06,92.5025863647461,95.01917719961585,92.06218536864931,94.45294049033305,17961400,XOM
2023-07-07,92.71830749511719,93.47328070165578,91.28025153705681,91.60381344190449,21929200,XOM
2023-07-10,94.09344482421875,94.147369524166,92.34980638289314,92.54753942557862,14877600,XOM
2023-07-11,95.2438735961914,95.41464427000291,94.20128379820734,94.60573957452534,12576500,XOM
2023-07-12,95.71124267578125,96.75383253620154,95.3876807782135,96.1696231735287,13238200,XOM
2023-07-13,93.95862579345703,95.47756883527342,92.86211118508017,95.24388370795724,26826800,XOM
2023-07-14,90.7229995727539,93.51821036352015,90.3544958956912,93.51821036352015,28181900,XOM
2023-07-17,91.11846923828125,91.37911670539944,90.07588622696743,90.52527699293142,18051300,XOM
2023-07-18,90.70502471923828,91.85546390892551,90.18372981854924,90.70502471923828,24617800,XOM
2023-07-19,91.33419036865234,92.0352389326174,90.5971897171558,90.82188512135791,15556500,XOM
2023-07-20,92.9430160522461,93.16771147038943,91.9992925531801,92.1610735285297,15740200,XOM
2023-07-21,93.3744125366211,93.81481356600293,92.80818264170159,93.61708738955723,17121500,XOM
2023-07-24,94.83943176269531,95.41465829739175,93.43733465584381,93.7968486685943,15090900,XOM
2023-07-25,94.98322296142578,95.35171978652228,93.95861266723406,94.42597599941557,14116100,XOM
2023-07-26,94.45296478271484,95.01920163762824,94.04851576391397,94.47094425657629,15159600,XOM
2023-07-27,94.74954986572266,96.1606366325382,94.13837813414375,95.27084481324918,17677900,XOM
2023-07-28,93.6170883178711,94.51586985614333,91.96332672172755,94.47092803636613,17566400,XOM
2023-07-31,96.38533782958984,96.94258489574977,94.54283964542724,94.54283964542724,24197000,XOM
2023-08-01,95.8281021118164,96.45724652474189,94.84842654636407,96.12469484524709,14177400,XOM
2023-08-02,94.63270568847656,95.612374239604,93.98558190633503,95.50452484735288,13484100,XOM
2023-08-03,96.27749633789062,96.96056547971855,94.6417139493489,95.1719918508069,16280400,XOM
2023-08-04,96.54711151123047,98.18289364194919,96.46622446395773,97.0324543663438,14279600,XOM
2023-08-07,96.3493881225586,97.44590280977704,95.72923345989413,96.9785393786995,12410800,XOM
2023-08-08,96.82572937011719,96.84370198210573,94.2282446510602,95.3067865136478,14065600,XOM
2023-08-09,98.47049713134766,99.24344975567836,97.3470202770482,97.70653424185573,19919600,XOM
2023-08-10,98.97383117675781,100.33098644074141,98.36265942116411,99.03674561378249,15837200,XOM
2023-08-11,100.5107421875,100.7264478390776,98.91091212874478,99.19852194990123,14047000,XOM
2023-08-14,100.59162139892578,100.64555295048797,99.56701106230463,100.37591576415251,12973400,XOM
2023-08-15,98.00910186767578,100.45570196921948,97.83693130550508,100.3560250030543,14909600,XOM
2023-08-16,96.35991668701172,99.06930816845882,96.30554993934749,98.11784860411012,13695100,XOM
2023-08-17,98.22657775878906,99.81233890877247,97.33854847291556,97.33854847291556,16709500,XOM
2023-08-18,99.7126693725586,99.8576496649821,97.51978973520309,97.5379096792421,16224000,XOM
2023-08-21,98.50749969482422,100.56446268866011,97.99099481728929,100.00264757612148,11092400,XOM
2023-08-22,97.95474243164062,99.42270685365662,97.81881864774401,98.92432195049263,10518800,XOM
2023-08-23,97.09390258789062,97.22982637075873,95.79810876284007,96.99422560801206,11435600,XOM
2023-08-24,96.36897277832031,97.65570307311815,96.11525209071175,96.43240295022245,10818500,XOM
2023-08-25,98.09066009521484,98.70684188551175,96.61363924956906,97.34761795809537,13579300,XOM
2023-08-28,98.91527557373047,99.71268458715815,98.26284687484804,98.27190339156418,10382100,XOM
2023-08-29,99.50424194335938,99.69453244671816,98.2446951020538,99.36832509336723,9665000,XOM
2023-08-30,100.47381591796875,100.70941663424757,99.65828720834949,100.07511499046161,11922100,XOM
2023-08-31,100.75473022460938,100.96314066594579,100.23822546501654,100.69130005811094,17479800,XOM
2023-09-01,102.86605834960938,103.13790588607655,101.66994163321985,101.66994163321985,14843500,XOM
2023-09-05,102.8751220703125,104.959268086835,102.84793869926247,103.39162686037311,18304000,XOM
2023-09-06,103.76314544677734,103.83563212765162,102.60327559235301,102.82981288933806,13325500,XOM
2023-09-07,103.25569152832031,104.97737627350376,103.02915424377957,103.89000007305594,13248500,XOM
2023-09-08,104.75991821289062,105.15862610608187,103.59098481879204,103.78127533689594,14283200,XOM
2023-09-11,103.44600677490234,105.72949995507909,102.91137509621349,105.27642530784502,14383600,XOM
2023-09-12,106.46348571777344,106.62659287810803,104.45183304477045,104.51526322304663,20145800,XOM
2023-09-13,105.51201629638672,106.88936005464006,105.02269489304977,106.39098213682325,13472800,XOM
2023-09-14,107.39681243896484,107.52367970179121,106.31849946859032,106.51785342155534,15210700,XOM
2023-09-15,105.74761962890625,107.38775454879507,105.56639253582382,106.83500292751211,34568400,XOM
2023-09-18,106.59940338134766,107.14309158011397,105.74762082481244,106.49972640501394,14045300,XOM
2023-09-19,106.3185043334961,107.68678486714644,105.66607569880067,107.48743781843028,12562900,XOM
2023-09-20,105.47578430175781,106.94374180442486,105.4032906955254,105.60264465597915,11879900,XOM
2023-09-21,103.98970031738281,106.35475065065532,103.844713104393,106.00135296070617,14400600,XOM
2023-09-22,104.15280151367188,105.72949934114743,104.03499768151795,104.85053342447787,13197300,XOM
2023-09-25,105.32173156738281,105.70231259750297,104.05312122027877,104.28871505033207,11316000,XOM
2023-09-26,105.48484802246094,105.77481553482133,104.54245187894693,104.66024880437213,11805400,XOM
2023-09-27,108.91914367675781,109.19099123355889,106.38192977122027,106.8259409948495,23976200,XOM
2023-09-28,108.25765991210938,109.37221969954325,107.09778989351744,108.71979799911327,16808100,XOM
2023-09-29,106.5450210571289,107.99485834630968,105.77479564538002,107.92236475350826,18813600,XOM
2023-10-02,104.77803802490234,106.73532377443335,103.79940206350716,106.49972302753714,14395000,XOM
2023-10-03,104.95927429199219,105.51202591392135,104.23435209207415,104.60587662070903,13297100,XOM
2023-10-04,101.03564453125,103.3825678436478,100.12949525294282,103.34632795628143,19622200,XOM
2023-10-05,98.76121520996094,100.4919637779275,98.49843107021556,99.49520088075695,20128800,XOM
2023-10-06,97.1120376586914,98.10880069936024,95.24537195089133,95.80718711468045,25367500,XOM
2023-10-09,100.51007843017578,101.55215150508566,99.24146803086683,100.07513063881703,22369900,XOM
2023-10-10,100.08419036865234,100.99033969535222,99.78516634500313,100.60069520833645,13892000,XOM
2023-10-11,96.4958267211914,97.11200845595435,94.99162263870438,96.92171795287062,57939000,XOM
2023-10-12,96.47771453857422,97.71913462235229,96.13337338907755,97.49259730331303,31183000,XOM
2023-10-13,99.5586166381836,99.8576406246641,97.71912792640006,97.89129848935085,30276500,XOM
2023-10-16,99.631103515625,100.29259548506673,98.88806143517573,100.12948834968176,18452000,XOM
2023-10-17,100.93595886230469,101.30748335282293,99.38644455948882,99.431754784849,19775400,XOM
2023-10-18,102.34955596923828,102.74826385520615,101.21686939625702,101.32560979607649,23380300,XOM
2023-10-19,102.4129867553711,103.27383270402491,100.88159920060231,102.14114612424639,20972500,XOM
2023-10-20,100.65506744384766,102.68483997117185,100.39228331322099,102.32237886294988,22445300,XOM
2023-10-23,99.17803955078125,100.54632694926924,98.48030762159607,100.24729601674534,18185000,XOM
2023-10-24,98.21752166748047,99.51331543765295,97.97286439937595,99.40457503328956,16786100,XOM
2023-10-25,98.39874267578125,99.22334180278825,97.98191485488992,98.33531250550148,22047300,XOM
2023-10-26,97.50164794921875,98.17219638992141,96.50488525879707,97.36572419294093,18768300,XOM
2023-10-27,95.64405822753906,99.54955936951963,95.10942656321,98.67059347135456,23092000,XOM
2023-10-30,95.94307708740234,96.4323984966361,95.33595876818211,95.81621674945691,19379900,XOM
2023-10-31,95.91590118408203,96.196812165719,94.72884782373468,95.6712439171032,22185200,XOM
2023-11-01,95.72560119628906,97.1120083699352,95.56249406330895,96.53207343342139,28984900,XOM
2023-11-02,98.86994934082031,98.9424429430502,95.59874985892857,95.94308409946491,25212700,XOM
2023-11-03,97.66475677490234,98.57090594804247,96.54113373595207,98.22657175106225,30555600,XOM
2023-11-06,95.93402862548828,98.10878140902652,95.84340816503212,98.01816786194084,19097300,XOM
2023-11-07,94.42981719970703,95.01881562411467,93.59616150753924,94.66541795214418,20272500,XOM
2023-11-08,93.26995086669922,95.05506615395798,93.23370406387403,93.9948730964615,19184100,XOM
2023-11-09,93.297119140625,94.21233175206714,93.20650560491292,93.94048423156127,18380500,XOM
2023-11-10,94.01297760009766,94.61103937842894,93.2518156058974,94.17608472933622,17825500,XOM
2023-11-13,95.00068664550781,95.27253419327847,94.06735399866307,94.2848348022277,15308400,XOM
2023-11-14,95.36647033691406,95.85111999096245,94.98240913671593,95.3756166445155,18260500,XOM
2023-11-15,94.79036712646484,96.15287377835287,94.64405412880795,95.0646935321899,20137600,XOM
2023-11-16,93.69304656982422,94.43373698224751,92.49513847534445,94.09540036254214,22469100,XOM
2023-11-17,95.9791259765625,96.40891167363266,93.95822484863872,94.24169755241371,22984900,XOM
2023-11-20,95.55850982666016,96.8204283061004,95.49449962067237,96.3632105557336,17458800,XOM
2023-11-21,95.52192687988281,95.7413894358396,94.38802886808577,95.29331801592275,14989000,XOM
2023-11-22,95.11042785644531,95.21101630851845,93.21754685852383,93.80278495608295,18072000,XOM
2023-11-24,95.62250518798828,96.44549840620299,95.01898147902293,95.11956295002705,9480800,XOM
2023-11-27,95.06468963623047,95.46704338670983,94.35143124335336,95.19271001563982,18013500,XOM
2023-11-28,95.00983428955078,95.9334159467796,94.99154167565584,95.32073895988417,20629500,XOM
2023-11-29,93.58332061767578,95.63166104911387,92.94321859321938,95.34818131549277,26802100,XOM
2023-11-30,93.94910430908203,95.54022715290772,93.09867898793017,94.28744796643129,29254700,XOM
2023-12-01,94.17769622802734,95.30245479596103,93.47358406712381,93.72962485290692,17845300,XOM
2023-12-04,93.66561126708984,94.51603640428931,92.8974819609478,93.391277877056,21523900,XOM
2023-12-05,91.84590911865234,93.58333108699907,91.70874239046982,93.5193208773925,22250300,XOM
2023-12-06,90.62968444824219,92.10192586060275,89.92556535019786,91.44353131885296,31154800,XOM
2023-12-07,89.99873352050781,92.21166559101204,89.69696815364215,91.31552277476625,29990700,XOM
2023-12-08,91.03203582763672,91.2514983435933,90.30048480566465,90.54737926404235,22074900,XOM
2023-12-11,91.09605407714844,91.3155166125186,90.14504045509337,91.26065272282312,22252300,XOM
2023-12-12,89.66039276123047,90.23648454523719,89.1391648681039,90.23648454523719,26084000,XOM
2023-12-13,90.45594787597656,90.55653632786162,89.30376429789246,89.65124723748455,19915400,XOM
2023-12-14,92.88834381103516,93.40042537057786,91.18749351502491,91.30636759803646,26165700,XOM
2023-12-15,92.26651763916016,92.35795976836583,91.72699721664829,91.9830379690591,55527000,XOM
2023-12-18,92.95234680175781,94.28742146179705,92.83346575137206,93.39127182546491,21610400,XOM
2023-12-19,94.17769622802734,94.36058748686396,93.08037658136028,93.27240717069762,18904700,XOM
2023-12-20,92.60486602783203,95.04641374625713,92.47684563529596,94.64405995452196,20988900,XOM
2023-12-21,93.02550506591797,93.28154583071125,92.18421929741314,92.78774993721524,19250900,XOM
2023-12-22,93.19011688232422,94.13198424747097,93.10781406680293,93.55588546858769,12927800,XOM
2023-12-26,93.40043640136719,94.21428339458089,93.38215076204737,93.94909627661626,16835100,XOM
2023-12-27,92.96149444580078,93.77534129153335,92.66886845700137,93.30897734261875,14558800,XOM
2023-12-28,91.61727905273438,92.9157755626503,91.56240818819128,92.71459867136429,16329300,XOM
2023-12-29,91.42525482177734,91.98305400012299,91.09605751799366,91.78188407144494,17746400,XOM
2024-01-02,93.60160064697266,94.27828083563186,92.22080134950542,92.28481154334361,23483000,XOM
2024-01-03,94.38800811767578,94.753783614917,92.96149135268114,93.5192904396545,23490800,XOM
2024-01-04,93.56503295898438,95.62251267737382,93.31813846247665,95.17444126992494,19395200,XOM
2024-01-05,93.84850311279297,94.55262228160166,93.39128541024807,94.34229906873207,15827400,XOM
2024-01-08,92.2848129272461,92.39454767972339,90.43765660836686,92.1110749565587,23370100,XOM
2024-01-09,91.14178466796875,92.62317269047301,90.70285953458252,92.62317269047301,19496600,XOM
2024-01-10,90.2456283569336,91.26065216967724,89.76097872999239,91.26065216967724,18206100,XOM
2024-01-11,90.22734069824219,90.98632376685956,90.12675224449345,90.56568431326872,15833400,XOM
2024-01-12,91.39781188964844,92.03792083074089,90.68455342160418,91.5715568414088,18041700,XOM
2024-01-16,89.33120727539062,91.45269738121277,89.18489424491152,91.27895240166615,20235700,XOM
2024-01-17,88.68195343017578,89.5780962685249,88.31617785312785,88.33446349251527,18384000,XOM
2024-01-18,88.51734924316406,88.78252936896494,87.62119948417303,88.70023353197607,20940300,XOM
2024-01-19,88.65451049804688,88.71852069789213,88.16072151443409,88.44419425995042,20088400,XOM
2024-01-22,88.53563690185547,88.79167770267068,87.57547692220986,88.42590214011099,19955900,XOM
2024-01-23,89.5323715209961,90.07188504713534,88.45333749212932,88.52648702041735,15863400,XOM
2024-01-24,91.07776641845703,91.12349098008332,89.3769159794703,89.90729019734543,17330600,XOM
2024-01-25,93.39128875732422,93.43701331985284,91.09606083143325,91.72701653947804,22089500,XOM
2024-01-26,94.18684387207031,94.2600003766434,92.53171807148684,93.24497654960373,20817200,XOM
2024-01-29,94.30571746826172,94.36972766528264,93.14438761471426,94.16855774363708,18317500,XOM
2024-01-30,95.87855529785156,95.90598724502888,93.36385781662871,93.6473375495015,19610900,XOM
2024-01-31,94.0130844116211,95.90596507170113,93.97650616497857,95.77794469674595,22415300,XOM
2024-02-01,93.62903594970703,95.11042374443817,92.9249237922251,94.70806995354098,19240700,XOM
2024-02-02,93.24497985839844,95.10128262413458,92.91578255272627,94.87267377167272,21973400,XOM
2024-02-05,92.86091613769531,93.61989220504073,91.90075619280678,92.76946701792436,17190900,XOM
2024-02-06,93.50102233886719,94.22342716283245,92.87920596992168,93.33642368307018,13347900,XOM
2024-02-07,93.47358703613281,93.93995104024414,92.52257338973976,93.50101898168259,13826800,XOM
2024-02-08,95.07383728027344,95.48533036608171,93.37298709951418,93.58330330725173,19636900,XOM
2024-02-09,93.06209564208984,95.86941228397737,92.99808543761381,95.1927319828608,20410500,XOM
2024-02-12,94.34229278564453,94.55261598450683,93.27240510732399,93.41871811115655,18173100,XOM
2024-02-13,93.53011322021484,95.1452474618783,92.84714414105372,94.84068464207732,18917400,XOM
2024-02-14,93.06865692138672,94.71148528101175,92.68102634906694,94.01928481268614,17651300,XOM
2024-02-15,95.73593139648438,95.92974666008963,92.84714393833214,92.84714393833214,23196300,XOM
2024-02-16,95.73593139648438,96.5665662286708,95.54210909145264,95.99435174795806,20151400,XOM
2024-02-20,94.83145141601562,96.09587330314265,94.73915944092764,95.83744591489942,17650000,XOM
2024-02-21,96.76960754394531,96.88959344448557,95.05295011223686,95.08063699961505,20991300,XOM
2024-02-22,96.68655395507812,97.28646237738846,95.4775058001807,96.13279504272496,20470700,XOM
2024-02-23,95.83744812011719,96.06818158385948,94.95143246431793,95.87436631928713,15975900,XOM
2024-02-26,96.2158432006836,96.8526697398724,95.10832551997981,95.72668944101567,13360800,XOM
2024-02-27,96.01280975341797,97.04649822686518,95.84668137449657,96.61271817960227,16360000,XOM
2024-02-28,96.28046417236328,97.30492136474149,95.98512560600189,96.4189056656573,14810500,XOM
2024-02-29,96.46504211425781,96.97265854417384,96.18816618637977,96.6127149089339,17566100,XOM
2024-03-01,97.68331909179688,98.19093554555035,97.25877034930612,97.57257153201556,18460100,XOM
2024-03-04,96.31737518310547,97.69254461993356,96.01280532888056,97.51719198018317,18138000,XOM
2024-03-05,97.49873352050781,98.08017932403429,96.28046109305237,96.47427636089454,19952700,XOM
2024-03-06,98.5416488647461,99.27999879727055,97.96943435639513,98.40321441364623,20472800,XOM
2024-03-07,99.09540557861328,99.65839576525472,98.38474260268995,98.38474260268995,15195400,XOM
2024-03-08,100.02757263183594,100.04603525286603,98.54164850311797,98.96620428968892,16281500,XOM
2024-03-11,100.61824035644531,100.710539370117,99.06771128187091,99.90758442458568,17577300,XOM
2024-03-12,99.97219848632812,100.85821417401262,99.70454681378384,100.65516759198407,14957200,XOM
2024-03-13,101.08894348144531,101.84574895691982,100.70131295432027,100.72899984319686,17122200,XOM
2024-03-14,102.87943267822266,102.95326907278616,101.23661162702867,101.36582179680171,22121000,XOM
2024-03-15,102.6948471069336,103.64547489385657,102.30721657717463,102.30721657717463,38264400,XOM
2024-03-18,103.6454849243164,104.16232568067981,102.53795996455987,103.1747866403842,16770500,XOM
2024-03-19,104.37458038330078,104.74375531272203,103.42395969300367,103.57163248134262,14878800,XOM
2024-03-20,104.28231048583984,104.66071680499007,103.48858668406739,104.03312140455202,16119700,XOM
2024-03-21,104.74376678466797,105.13140437580023,103.8946692830009,104.2176947410887,14878000,XOM
2024-03-22,104.74376678466797,104.92835779030878,104.12540275898174,104.7345425154561,14701900,XOM
2024-03-25,105.81436920166016,106.8572819358832,105.0575637127933,105.0575637127933,14011700,XOM
2024-03-26,105.02063751220703,106.11893098291667,104.66992520457231,105.82359244979635,13152300,XOM
2024-03-27,106.10970306396484,106.19276372839057,104.66992854917528,104.73453363531517,12415700,XOM
2024-03-28,107.28182220458984,107.4756374562894,106.19276004640233,106.62654005605535,18482100,XOM
2024-04-01,107.97402954101562,108.20476300437278,106.48810547368141,107.43873325751116,13817000,XOM
2024-04-02,110.08755493164062,110.38289349923444,108.28783663558876,108.83236425901019,19919600,XOM
2024-04-03,110.10600280761719,110.52132019218655,109.57993083449722,110.27213116973012,16504300,XOM
2024-04-04,110.49363708496094,110.64130283332021,109.49686687818772,109.87527312094329,18467400,XOM
2024-04-05,112.01648712158203,112.73637441859718,110.41980841706827,110.73360959660855,21720600,XOM
2024-04-08,111.25967407226562,112.35796052253859,110.94587291402607,111.7488278669607,17513900,XOM
2024-04-09,111.84112548828125,112.2749055293105,111.06585738398022,111.67499711174722,14132300,XOM
2024-04-10,112.78250885009766,113.03170492218338,111.42580206317713,111.8780376588173,17409200,XOM
2024-04-11,112.40411376953125,113.234755637888,111.0658554701158,113.234755637888,17555900,XOM
2024-04-12,111.09354400634766,114.21305771446366,110.44748612169302,113.47470785812295,21556200,XOM
2024-04-15,110.45671844482422,112.31181737086844,110.24444057071496,111.7580514528186,15029500,XOM
2024-04-16,109.54302215576172,110.95510983569538,108.8323591399794,110.34597010788197,18082200,XOM
2024-04-17,109.48764038085938,110.15215388124936,108.09401533349167,109.41381102414776,14538600,XOM
2024-04-18,109.3861083984375,110.4936331581901,108.87849904479857,109.82911971062371,13821400,XOM
2024-04-19,110.64129638671875,111.61037964929935,109.78296771002404,109.97678999568078,21572400,XOM
2024-04-22,111.26891326904297,112.20107851766251,109.3030665167761,110.06910337496271,16340700,XOM
2024-04-23,111.70269012451172,111.7303770152141,110.24445285515257,110.75206932278611,13929800,XOM
2024-04-24,111.72114562988281,111.91496089388144,110.18907205528436,111.02894524070491,12101200,XOM
2024-04-25,111.97956085205078,112.37642267198943,110.19829831717631,111.70267789249316,16041000,XOM
2024-04-26,108.86927032470703,109.92141429456888,107.2633674825115,109.82912232275095,27289500,XOM
2024-04-29,110.41980743408203,110.79821369994919,108.68469429668613,108.68469429668613,17309900,XOM
2024-04-30,109.15538024902344,110.93664281071933,108.88773563656079,109.93064832260272,21083300,XOM
2024-05-01,107.0880126953125,109.33997352588116,106.74653167985593,109.16461384242417,27777700,XOM
2024-05-02,107.28182220458984,108.22321861733172,106.96802809462658,107.30028482366183,25513600,XOM
2024-05-03,107.06031036376953,107.12491544181478,105.33442179109561,107.06031036376953,28023300,XOM
2024-05-06,107.75252532958984,109.21998674862637,107.4294998953453,107.67868893278356,31401300,XOM
2024-05-07,107.21723175048828,108.5185719570153,106.99572958138282,108.24168896456321,30122000,XOM
2024-05-08,107.19876098632812,107.93710379257398,106.51579195415856,106.792667865966,18957200,XOM
2024-05-09,109.31228637695312,109.39534704275515,107.23568523478563,107.24490950336825,17564000,XOM
2024-05-10,108.86927032470703,109.51532821028475,108.51855801522845,109.40457361924759,13648100,XOM
2024-05-13,108.82313537597656,109.86604810826327,108.09401677782996,109.29382657718672,15060600,XOM
2024-05-14,109.48373413085938,109.54886396936223,108.37652687631063,108.66495800416332,15079100,XOM
2024-05-15,110.3304214477539,110.57232820328069,108.00434580801523,109.42790296375618,18244300,XOM
2024-05-16,109.6698226928711,111.00033831402159,109.3627789883087,110.29320929404695,15745200,XOM
2024-05-17,111.31668853759766,111.49347257888238,109.75356523712644,110.06991525318223,15104500,XOM
2024-05-20,110.41416931152344,111.54929548849705,110.30252221124428,111.40043032191807,11551300,XOM
2024-05-21,109.65120697021484,111.1398939970238,109.5860771346238,110.16294646315839,14495000,XOM
2024-05-22,107.44609832763672,109.28834641774027,106.96227057767611,109.28834641774027,17879300,XOM
2024-05-23,105.61314392089844,109.33486507086883,105.4735779580506,107.55773981442049,15979800,XOM
2024-05-24,105.5293960571289,107.07391366198803,105.17583512163291,106.85060529350903,12212900,XOM
2024-05-28,106.86923217773438,107.10183976873613,105.2037609743274,105.6224517986824,13978300,XOM
2024-05-29,105.72478485107422,106.58078606063418,104.96183234373682,106.56217348074193,13902000,XOM
2024-05-30,106.05976104736328,106.1900207376094,105.10141885542942,105.3898500126,14683700,XOM
2024-05-31,109.1022720336914,109.31626705309624,106.05976061303764,106.18072110964277,29037400,XOM
2024-06-03,106.48774719238281,108.26487250938224,105.84575509920008,108.20904896178895,19589300,XOM
2024-06-04,104.83158874511719,105.22236779931187,103.20333558735226,105.13863247282177,19412200,XOM
2024-06-05,105.2502670288086,105.3153968590181,103.72436206508371,105.03626495890929,14863500,XOM
2024-06-06,106.0411376953125,106.10626752946168,104.31053684664087,104.9060116441817,13154100,XOM
2024-06-07,104.9060287475586,106.90645554916523,104.8315926110754,105.8736772259781,13289200,XOM
2024-06-10,105.21306610107422,106.27375613641277,104.85949802354786,105.19445351877269,15239700,XOM
2024-06-11,104.36636352539062,104.83157866860654,103.56619291116967,104.66410093310402,12462400,XOM
2024-06-12,103.21263885498047,105.41776133668364,102.84977158691314,105.41776133668364,13606800,XOM
2024-06-13,102.38455200195312,103.14750457099905,102.08681458716984,103.12889198960139,14466900,XOM
2024-06-14,101.51924896240234,102.54272085615987,101.03542123898404,102.36593683045476,13313400,XOM
2024-06-17,100.82142639160156,101.84489828681009,100.65394865612237,101.57507265194806,21147900,XOM
2024-06-18,101.77047729492188,103.01725775526273,101.23083304356497,101.44482806601147,17762900,XOM
2024-06-20,103.96627807617188,104.78506127022936,101.96585154335379,102.26359604927995,17433200,XOM
2024-06-21,103.05445861816406,104.85948851359521,103.05445861816406,104.11514855730616,52212500,XOM
2024-06-24,106.11558532714844,106.5621879244252,103.87324475369621,103.87324475369621,16266700,XOM
2024-06-25,106.4133071899414,106.58078491407328,105.56661227943603,106.17139334427998,14188900,XOM
2024-06-26,106.45053100585938,106.83200372673863,105.26888058320537,106.43191842516109,15771800,XOM
2024-06-27,106.90643310546875,106.99016841746763,106.17139238390652,106.99016841746763,16812700,XOM
2024-06-28,107.11113739013672,108.43234669641568,106.70174579155236,107.79965381615791,24565900,XOM
2024-07-01,106.96226501464844,108.61842979085901,106.56217970702073,107.66008773037444,11972900,XOM
2024-07-02,106.23654174804688,107.87410121487606,105.59454251020499,107.83688314760488,13326700,XOM
2024-07-03,106.77619171142578,107.61358046777788,106.32027571714383,106.32027571714383,7732900,XOM
2024-07-05,105.4828872680664,106.65522435285989,104.85019437051534,106.63661886997014,12631000,XOM
2024-07-08,104.37567901611328,105.65037117638636,103.66854994848131,104.5710685416523,13350500,XOM
2024-07-09,103.22193908691406,104.71062613757562,102.92420167678175,103.38011053322377,11727000,XOM
2024-07-10,104.13375854492188,104.1709766091396,102.73811308054655,103.20332823533833,10004100,XOM
2024-07-11,105.37123107910156,105.43636091591206,103.21263307515659,103.6778482234087,13082700,XOM
2024-07-12,105.38983917236328,106.20862239668662,104.79436433573903,106.05975013822056,11684900,XOM
2024-07-15,107.19488525390625,108.07879839078413,105.6782862613465,106.32027840861798,13032500,XOM
2024-07-16,107.96713256835938,108.25556368901168,105.79922827162355,106.39470309410432,13614100,XOM
2024-07-17,109.45581817626953,109.95825138208083,108.44165257280171,108.61842949991737,13602800,XOM
2024-07-18,110.53511810302734,111.57719545465164,109.26973237723821,109.74424670044446,13033600,XOM
2024-07-19,107.99505615234375,110.60956330256487,107.80897291195001,110.33973763495953,16157700,XOM
2024-07-22,107.25068664550781,107.87408027803242,106.60869463088807,107.1669513343649,12065900,XOM
2024-07-23,105.52009582519531,107.1576479195102,105.29678745891839,106.82269246871412,11251700,XOM
2024-07-24,107.0087890625,107.18556598958368,105.20375203809166,105.85505039812574,14925200,XOM
2024-07-25,109.26042938232422,109.8186861373344,106.59009189100956,107.1576549365455,17021700,XOM
2024-07-26,109.16738891601562,109.81868728724392,108.36721828929524,108.64634312041314,11252500,XOM
2024-07-29,108.02296447753906,109.22322050600977,107.35305347573026,109.15809066409061,8861800,XOM
2024-07-30,109.94894409179688,110.34902939471476,108.14391418209593,108.26486756256146,12483900,XOM
2024-07-31,110.3397216796875,111.42833048430039,110.31180990752658,111.31667629703713,15137700,XOM
2024-08-01,108.8138198852539,111.17711368040374,108.26486941993151,110.1164237146793,15051500,XOM
2024-08-02,108.74868774414062,110.6002490982704,107.39026039750236,107.90199988705976,20403800,XOM
2024-08-05,106.78549194335938,107.95783621366115,105.37124088446203,107.50192731356287,18025900,XOM
2024-08-06,106.21792602539062,107.58565259801371,105.72479200554606,106.48774456451301,13647800,XOM
2024-08-07,107.63218688964844,108.97200891148546,107.24140783281948,107.41818477836374,13660700,XOM
2024-08-08,109.68842315673828,109.89311895041392,107.67869747958211,108.00434665196627,13851000,XOM
2024-08-09,110.5816421508789,111.00963924639392,109.19530296120854,109.6884298952015,12151900,XOM
2024-08-12,110.7212142944336,111.8098161262646,109.80938940626292,111.23295383860392,13228900,XOM
2024-08-13,109.66051483154297,110.26529594133459,109.32555935838514,110.05129385068717,11585100,XOM
2024-08-14,110.6746826171875,111.55859567151543,109.44651489102084,109.88381827282456,12194500,XOM
2024-08-15,111.35936737060547,112.20349057549252,110.7872349681476,110.90916212633205,11579400,XOM
2024-08-16,110.8341293334961,111.12488972642107,110.35579474768004,110.66530325739343,10056000,XOM
2024-08-19,111.17178344726562,113.01948910283262,110.83413128910263,111.04985628406172,12417500,XOM
2024-08-20,107.46699523925781,111.28433361277588,107.4013410522251,111.28433361277588,15632000,XOM
2024-08-21,106.78230285644531,108.39552809776426,106.69789340244964,107.87029463529548,11752400,XOM
2024-08-22,107.60768127441406,107.8702980138738,106.5853436463521,106.71665201608197,10609500,XOM
2024-08-23,109.0989761352539,109.47414598601405,107.88905712333153,107.88905712333153,10381400,XOM
2024-08-26,111.43440246582031,111.55633678727088,109.66173217734251,110.449589614316,13671000,XOM
2024-08-27,110.37454986572266,111.99715643686945,110.11193311565722,111.57508766931878,9991600,XOM
2024-08-28,109.28656005859375,110.28076125990657,109.04270573225635,109.73676532127105,10742900,XOM
2024-08-29,110.79661560058594,111.41564695372173,109.1271172080973,109.92434870211187,10753900,XOM
2024-08-30,110.61841583251953,110.69344408146186,109.07084460023434,109.53980514603167,13284700,XOM
2024-09-03,108.30174255371094,108.88324901301942,106.96051519365521,108.64876875535772,15725100,XOM
2024-09-04,106.97927856445312,108.93953738790394,106.90425031470635,108.13292466802257,12620600,XOM
2024-09-05,106.14452362060547,108.12353761060844,106.05073294666266,107.92657504859764,17200800,XOM
2024-09-06,105.64742279052734,107.09182201551054,104.79391838599196,106.53844489443793,13467700,XOM
2024-09-09,107.87030029296875,108.93952970094247,105.66618729076923,105.86314984952548,21645300,XOM
2024-09-10,103.94039916992188,108.23607882909653,103.33074912257517,107.95469968239222,20913400,XOM
2024-09-11,102.90869903564453,104.06233792310529,101.07974868962246,103.9028930615489,19571900,XOM
2024-09-12,104.324951171875,104.41874183639983,102.94620622047614,103.0775145819647,15919500,XOM
2024-09-13,104.24993133544922,105.48798689693474,104.04358754923994,104.55006580017995,10035400,XOM
2024-09-16,105.71308898925781,106.06949644017209,104.75641259166144,105.0940647686414,11729000,XOM
2024-09-17,107.09182739257812,107.2700346846158,105.1597122902448,105.34729364076983,12202600,XOM
2024-09-18,107.46699523925781,108.4518080447484,106.74479202612835,107.02617120242263,12569900,XOM
2024-09-19,108.79883575439453,110.28075264843385,108.03912203595571,108.94890654882504,12660600,XOM
2024-09-20,108.1141586303711,108.33926483940871,107.1574822871558,108.2923659235834,36206200,XOM
2024-09-23,110.07442474365234,110.47773111708163,107.97348340930395,108.17044598854564,16066300,XOM
2024-09-24,109.78366088867188,110.82475381832494,109.57731711439546,110.5246122151813,11984900,XOM
2024-09-25,107.64519500732422,109.783660997219,106.96051665284243,109.25842034696798,13816000,XOM
2024-09-26,105.7975082397461,106.43529490591182,104.24055570101753,104.24055570101753,16887900,XOM
2024-09-27,108.63002014160156,108.8832556868593,106.2195632313246,106.69790498988922,15964000,XOM
2024-09-30,109.943115234375,110.10256010797467,107.82341149178849,108.29237205350769,13247600,XOM
2024-10-01,112.48487854003906,113.11328396373696,108.73319411566457,108.83636600979648,23235900,XOM
2024-10-02,113.9761734008789,115.1954737410857,112.73811778647418,114.36072450175519,17129700,XOM
2024-10-03,114.97036743164062,115.52373743276117,113.42279622214986,114.33258081251952,16524300,XOM
2024-10-04,117.08069610595703,117.41834828444193,114.82968396798111,115.55188008788085,19752300,XOM
2024-10-07,117.58716583251953,118.49694324959624,117.10882408844945,117.47461272927663,15714400,XOM
2024-10-08,114.46388244628906,116.32096206363566,113.73230519365134,116.18965369294527,14818500,XOM
2024-10-09,114.51078033447266,114.97036681226322,113.30086844773231,113.39465912385103,11144900,XOM
2024-10-10,115.49559783935547,116.02083133894084,114.69836637583633,115.51436026763767,10243300,XOM
2024-10-11,115.9364242553711,116.33034938813454,115.30801885466227,115.45808250514696,8294800,XOM
2024-10-14,116.37725067138672,116.54607675397246,115.00788673742242,115.58939323406327,9808100,XOM
2024-10-15,112.87879180908203,114.37946398976345,112.34417712109648,113.31961582748175,15771300,XOM
2024-10-16,113.16956329345703,113.90114060609868,113.11328316156683,113.38528113909746,8426800,XOM
2024-10-17,112.87879180908203,114.03243779671895,112.27852293680947,113.26334285688414,11204900,XOM
2024-10-18,112.55990600585938,113.15079368493949,111.75329333905624,112.96321233926093,12898600,XOM
2024-10-21,112.62555694580078,113.9386477950075,112.28790480869708,113.46968728856005,10177800,XOM
2024-10-22,113.20706939697266,113.66665586981497,112.49425454152913,112.79438899533952,9201400,XOM
2024-10-23,112.80375671386719,113.25396194716465,111.98777001493409,112.52238470435452,8320300,XOM
2024-10-24,112.1659927368164,112.96323148046353,111.73454984403362,112.55054386311875,9905600,XOM
2024-10-25,112.07218933105469,112.95383744778695,111.9127444627261,112.73811244798883,10714600,XOM
2024-10-28,111.51881408691406,111.62198597470056,109.52103767411153,109.53980010231074,11844500,XOM
2024-10-29,109.99937438964844,111.7720445177355,109.8024118371687,111.21867455921185,14731000,XOM
2024-10-30,109.44600677490234,110.92791655707099,109.24904421820466,110.35579131472224,12303700,XOM
2024-10-31,109.5304183959961,111.30308859706028,109.43662772273068,109.87745175842478,20512000,XOM
2024-11-01,107.81402587890625,112.50363130479639,107.71085398707507,112.48487603163163,20939300,XOM
2024-11-04,111.24681854248047,111.33122800390267,108.73318979187357,108.86449816904357,14965400,XOM
2024-11-05,111.57508087158203,111.80956112067894,110.68405878732149,111.6876339672255,10436700,XOM
2024-11-06,113.48844146728516,114.34195301556876,111.89397862302775,113.62913104901831,20807700,XOM
2024-11-07,113.62913513183594,113.95740606382884,112.18473587529752,113.76982471862422,12184400,XOM
2024-11-08,113.59161376953125,113.88236699195564,112.2316311712185,113.46968661465606,12836000,XOM
2024-11-11,112.99134063720703,114.06995118611736,112.61617081726833,113.48843760742392,11969700,XOM
2024-11-12,112.87879180908203,113.77919511749089,112.4004500916941,113.61036904992864,11972800,XOM
2024-11-13,113.92926788330078,114.47326379438152,111.42502046763641,113.08513753089439,15127900,XOM
2024-11-14,114.00492858886719,115.25315747069529,113.78743815236406,115.04512533586586,13041800,XOM
2024-11-15,112.82288360595703,114.64794608392222,112.6526702634422,113.85362196189949,19051700,XOM
2024-11-18,113.76850891113281,114.06165851389102,112.7850548688523,113.27678549727732,14239700,XOM
2024-11-19,112.17985534667969,113.2389613823231,111.77323498799754,113.2389613823231,11584400,XOM
2024-11-20,113.7779769897461,113.91982265300378,112.18932143331428,112.69050319086399,11360900,XOM
2024-11-21,115.3004379272461,115.88672996380872,113.7306917718865,114.4966554614185,14675400,XOM
2024-11-22,115.16804504394531,116.51083518972126,115.0261993886434,115.19641273209176,13323400,XOM
2024-11-25,113.44700622558594,115.25315217548572,113.10657952667614,114.82762240913345,26580300,XOM
2024-11-26,111.55574798583984,113.17277116927244,111.44227001672235,113.03092551151803,14827300,XOM
2024-11-27,111.26260375976562,112.27442552045656,111.04510612616527,111.66921690965505,11079100,XOM
2024-11-29,111.5462875366211,112.05692756596119,110.59120115500892,111.05456410905455,9426500,XOM
2024-12-02,111.4422607421875,111.7732291063571,110.46826503567299,111.63139067497674,12687300,XOM
2024-12-03,111.27205657958984,112.26496896849113,110.88435281091847,112.26496896849113,11756600,XOM
2024-12-04,108.06637573242188,111.15858359144407,107.66921367067012,111.11129930165804,19520600,XOM
2024-12-05,108.5391845703125,109.33351587031774,107.85833123161355,108.47299089652618,15751200,XOM
2024-12-06,107.39498138427734,108.5297322010772,107.32878770687353,108.31224178156593,16171100,XOM
2024-12-09,106.76140594482422,108.69048799023506,106.6195602975234,108.40679669563343,17412600,XOM
2024-12-10,106.54391479492188,107.68812391405827,105.67393868667152,107.41389090317223,20990900,XOM
2024-12-11,105.83470153808594,106.27914792594741,105.0687450400261,105.91035352209859,32392200,XOM
2024-12-12,105.74012756347656,106.26967695931401,104.75667353222885,105.52262993900365,14543300,XOM
2024-12-13,104.81342315673828,105.81579392530328,104.25550599806444,105.81579392530328,13106100,XOM
2024-12-16,102.57227325439453,104.39733563528968,102.2791308746542,104.20820570112713,20256100,XOM
2024-12-17,102.13729858398438,102.28859533652992,100.98363108572235,101.40916086773758,17554000,XOM
2024-12-18,100.63373565673828,102.91270272718931,100.52971599375515,101.72120936047223,17114500,XOM
2024-12-19,99.77322387695312,101.81577684237844,99.48953255820825,101.5510021259872,20565600,XOM
2024-12-20,100.1136474609375,100.36896386821377,99.13964447796727,99.71647818412927,40141200,XOM
2024-12-23,100.520263671875,100.80394775551166,99.21529235761037,99.5840867165366,12285100,XOM
2024-12-24,100.61482238769531,101.3618693863983,99.95287844747496,100.7282931323388,7807000,XOM
2024-12-26,100.6999282836914,101.21056829268358,100.17983718875878,100.72829597065162,9652400,XOM
2024-12-27,100.69047546386719,102.11836858978563,100.01907321604627,100.52026213046753,11943900,XOM
2024-12-30,100.00962829589844,100.76612643520365,99.77322127463374,100.52026832757856,11080800,XOM
2024-12-31,101.72120666503906,102.03326564571944,100.02853162947589,100.39732598316387,12387800,XOM
2025-01-02,101.475341796875,103.07345547948516,101.06872145456582,102.39260214217032,12685400,XOM
2025-01-03,101.99544525146484,102.59118834441824,101.61719257667886,102.12783260545449,14237900,XOM
2025-01-06,101.88196563720703,103.81104775430923,101.67392630871028,102.3547796694016,15623700,XOM
2025-01-07,102.83705139160156,104.07582183993239,102.39260504964696,103.01672303143074,12625900,XOM
2025-01-08,101.11600494384766,101.8535936485936,100.24602889284317,101.47534099589666,17858100,XOM
2025-01-10,100.74720764160156,104.11364100143992,100.02852834397719,102.78976036304839,19304500,XOM
2025-01-13,103.34769439697266,103.66920448325739,101.30513426797638,101.30513426797638,17073400,XOM
2025-01-14,103.75431060791016,103.79213659558833,101.96707417389028,102.87487623445836,11191200,XOM
2025-01-15,105.44698333740234,105.65502265772581,103.51790129608825,104.066367283383,14521100,XOM
2025-01-16,105.26732635498047,105.61721137100155,104.53919584707427,105.14439729157483,10366600,XOM
2025-01-17,106.21293640136719,106.73303468587245,104.79449440497362,104.99307541872044,19298500,XOM
2025-01-21,105.4091567993164,106.08055182939603,105.08763952016082,105.95762278374289,20416300,XOM
2025-01-22,103.57464599609375,105.50372821112424,103.45171693872783,105.15384321229358,15718000,XOM
2025-01-23,104.16093444824219,105.09710422730271,103.65029441932653,104.31223118945626,13726800,XOM
2025-01-24,102.751953125,104.69048640721991,102.51554609927294,104.24604004452188,14235900,XOM
2025-01-27,104.1798324584961,104.44460713763331,102.49661581435033,103.082907757132,15926700,XOM
2025-01-28,102.16565704345703,104.84178619982337,101.92925002712579,104.40679815552224,15862000,XOM
2025-01-29,102.76139831542969,102.86541797794688,101.62664754287603,101.85359625447286,12345500,XOM
2025-01-30,103.61247253417969,103.87724725271856,102.78977347480249,103.30041352394316,14346300,XOM
2025-01-31,101.02144622802734,104.5391837253997,100.3311345776974,104.5391837253997,20376500,XOM
2025-02-03,101.26730346679688,101.4658917042654,99.59354500832173,100.84177373409437,14623200,XOM
2025-02-04,103.98126220703125,104.28386290229066,100.73775762288976,100.90797096488379,14835700,XOM
2025-02-05,103.90560913085938,104.02854539656991,103.16802039487452,103.77322177899387,13364400,XOM
2025-02-06,102.5344467163086,105.01199473124828,102.11836807795724,104.74721282484425,13411400,XOM
2025-02-07,102.96943664550781,103.76376795027561,102.43042895156763,102.86541698399573,10051600,XOM
2025-02-10,104.93634796142578,104.99308333689818,103.90560961473618,104.02854588101921,12142200,XOM
2025-02-11,105.59828186035156,106.39261316827361,104.7944994664868,105.53208818590551,12713100,XOM
2025-02-12,102.42117309570312,105.1689465732232,102.25898015546105,104.9972107308782,18244100,XOM
2025-02-13,103.16536712646484,103.43251745185245,101.62928733122097,102.23036646446549,15460000,XOM
2025-02-14,103.27031707763672,105.16895438659107,103.13674555467838,103.53746012355337,15733500,XOM
2025-02-18,105.08308410644531,105.89405615693919,103.34664700761877,103.6424114864913,20060300,XOM
2025-02-19,105.2357406616211,106.9817133714116,105.00675466763045,105.67461956478333,10964700,XOM
2025-02-20,106.85768127441406,107.25839583220866,104.90180116087555,105.49333737412131,16325800,XOM
2025-02-21,105.60783386230469,106.71457038413944,105.48379796238122,106.20890571888805,14710000,XOM
2025-02-24,106.16120147705078,106.72411629625529,105.25482221518705,105.83681556155507,13153500,XOM
2025-02-25,104.69190216064453,106.98170365987149,103.89046581263393,106.18981749295453,14497000,XOM
2025-02-26,104.43429565429688,104.82547456920835,103.5374521159937,104.70143867955275,10446400,XOM
2025-02-27,105.0926284790039,106.18028649682488,104.26257061104485,104.95905695254184,15293200,XOM
2025-02-28,106.21845245361328,106.45697408009902,104.3198150658331,105.0544657517065,18821700,XOM
2025-03-03,102.8123550415039,107.0103367610099,101.61974701204777,106.5714506005605,18706900,XOM
2025-03-04,102.60244750976562,103.95724838713978,101.07591079729465,101.4766253194868,19394900,XOM
2025-03-05,100.598876953125,101.44801330569057,98.91013987147753,100.9805057073238,24822200,XOM
2025-03-06,102.67878723144531,103.14628755772134,99.5684633401862,100.58933555909215,17150200,XOM
2025-03-07,104.01449584960938,105.33113973674594,103.32755975787472,103.43250984392478,19625000,XOM
2025-03-10,106.66687774658203,107.40152117725546,104.07176120132597,104.26257559708196,22749100,XOM
2025-03-11,104.14808654785156,106.9530959272889,103.79507191995499,106.78136006494765,19904700,XOM
2025-03-12,104.11944580078125,105.07353219701746,103.44204533294572,104.04312442119951,14051500,XOM
2025-03-13,103.68057250976562,105.73185982784803,102.68832173080712,103.35618661156289,17767800,XOM
2025-03-14,106.76228332519531,107.02942638684297,103.33710892423488,103.93818809204463,15890100,XOM
2025-03-17,108.5368881225586,109.24291013242727,106.60009358792396,106.66687935535609,19908800,XOM
2025-03-18,108.4223861694336,109.28106545063756,107.40151393486391,108.85172217048452,15998700,XOM
2025-03-19,110.11111450195312,110.50228613934242,108.60365624866415,108.95666355670544,17315000,XOM
2025-03-20,110.57862091064453,111.12244989548778,108.96621248229262,109.45279860950036,16230800,XOM
2025-03-21,110.19697570800781,110.66447599104494,109.0997749269563,110.19697570800781,41102800,XOM
2025-03-24,110.48321533203125,111.54225188833725,110.27331514550545,110.36872233598935,14207500,XOM
2025-03-25,111.23693084716797,112.23872448750056,110.63585903042939,111.08428080697632,12081800,XOM
2025-03-26,112.83979034423828,113.70801242388211,112.27688288705481,112.27688288705481,14110800,XOM
2025-03-27,112.47724914550781,113.60307142902788,111.87617731243849,112.6776064231976,12740800,XOM
2025-03-28,112.32460021972656,113.02107924733124,111.8570926213597,112.67760754527073,10233400,XOM
2025-03-31,113.46949768066406,114.40450557061007,112.3818397493789,112.3818397493789,21652300,XOM
2025-04-01,113.57444763183594,113.8034263331196,112.51541112963413,113.7461834775741,12425400,XOM
2025-04-02,113.221435546875,113.38362849391564,112.25781348803227,112.95429250960764,12614600,XOM
2025-04-03,107.26793670654297,110.14927449790741,107.0771223338016,109.11886669436157,21204600,XOM
2025-04-04,99.54936981201172,105.7413956850887,99.06279099712759,104.82547362994622,30841300,XOM
2025-04-07,98.21366119384766,100.9423490148835,93.93935070803215,95.78073784210038,35068500,XOM
2025-04-08,96.14329528808594,100.75153492046304,94.46410825610165,100.61796339017117,27147800,XOM
2025-04-09,100.94235229492188,101.68653858318575,93.6245034757554,94.8075759495565,30063300,XOM
2025-04-10,95.34186553955078,99.01509715894584,93.30966388724607,98.94831139419692,33999300,XOM
2025-04-11,98.40447998046875,99.15820918093998,94.2542052054557,95.69487784327296,22884600,XOM
2025-04-14,98.64299011230469,100.26493404446794,98.00375398555458,100.20769119105789,18020000,XOM
2025-04-15,98.3663101196289,100.5702547371125,98.27090293182614,98.88151766868603,13164900,XOM
2025-04-16,99.40626525878906,100.74198040778214,98.93875767753985,99.1772792797317,13607000,XOM
2025-04-17,102.01093292236328,103.56609866882143,99.66388086575277,99.88332397665704,17916500,XOM
2025-04-21,100.51300811767578,100.78015116451047,99.33948583635168,100.76107263792318,16926500,XOM
2025-04-22,103.32756042480469,103.93817514079996,101.26673029899442,101.26673029899442,13147000,XOM
2025-04-23,102.44025421142578,104.28164116153117,101.58157503900077,103.8141336082046,14235700,XOM
2025-04-24,103.64240264892578,103.8809242480913,102.04908011348446,103.0127094122616,9849600,XOM
2025-04-25,103.58516693115234,103.7664456883202,102.48796604357672,103.17490946115805,11245800,XOM
2025-04-28,103.64240264892578,104.23393883533282,102.73602348373741,103.75689563700179,13890900,XOM
2025-04-29,103.38481140136719,103.83323321095662,102.58337497422602,102.79327516417018,9483100,XOM
2025-04-30,100.78015899658203,102.48797478339951,99.36811498811906,102.48797478339951,20379300,XOM
2025-05-01,100.92325592041016,102.01091380922003,100.15999118531802,100.27447689207608,18610300,XOM
2025-05-02,101.33352661132812,103.99542882822168,99.74974680146273,102.7741992690237,16581900,XOM
2025-05-05,98.52850341796875,99.85469026583064,98.33768904168315,99.8451473632858,19624000,XOM
2025-05-06,99.90238952636719,101.11408337257942,98.72886729006916,99.1200389424679,16303400,XOM
2025-05-07,99.8069839477539,100.45576302381895,99.29177639213444,100.16953417766304,12332200,XOM
2025-05-08,101.19995880126953,102.45935274034971,100.50347242567776,100.50347242567776,19196500,XOM
2025-05-09,102.38301849365234,102.80281887684731,101.49571777041895,102.22082553800055,10992100,XOM
2025-05-12,104.14808654785156,105.3693161115661,103.34665009722491,105.20711587333653,14244600,XOM
2025-05-13,104.43429565429688,105.43608927810794,104.01449531226534,104.30072414166894,13350800,XOM
2025-05-14,103.49930572509766,103.86185597112592,102.97455524351518,103.86185597112592,15494900,XOM
2025-05-15,104.54883575439453,104.6162366244776,102.03573462592806,102.53642575423892,15004300,XOM
2025-05-16,104.17332458496094,104.8473333441086,103.46079264398253,104.61624567613576,14042500,XOM
2025-05-19,102.51716613769531,103.57632576040372,101.7950108477382,103.57632576040372,16802700,XOM
2025-05-20,101.05359649658203,102.75788713734026,100.88990972317289,102.44013703873874,12429300,XOM
2025-05-21,99.81148529052734,101.07284741121961,99.79222370384063,100.64918065782676,16716100,XOM
2025-05-22,99.14710998535156,99.62854685439093,98.10720458515205,99.2337650956297,13417400,XOM
2025-05-23,99.20487976074219,99.62854655498961,98.28052185650168,98.79084376076683,12061600,XOM
2025-05-27,99.67668914794922,100.00407004879106,99.07971211381903,99.64780411031632,13043600,XOM
2025-05-28,98.31903839111328,100.5529051788848,98.01091908749459,100.41810344268559,14292400,XOM
2025-05-29,98.87750244140625,99.03155841315875,97.97239881412659,98.4827206989057,13825300,XOM
2025-05-30,98.50199127197266,98.58864638658616,97.43320078154211,98.36718952958898,28645800,XOM
2025-06-02,99.22413635253906,99.99443089421038,98.42494942950654,99.89814499476937,17290500,XOM
2025-06-03,99.94630432128906,100.77437638479212,98.41533114485188,99.07971642388539,19194300,XOM
2025-06-04,98.50199127197266,101.02471589041909,98.50199127197266,100.06184210416772,15648500,XOM
2025-06-05,98.04944610595703,99.22415338070493,97.95316018999209,99.15675250491503,13924800,XOM
2025-06-06,100.39884948730469,100.62031369712334,98.86788364715318,98.94491531545047,15487800,XOM
2025-06-09,101.0728530883789,101.92017929661513,99.97517766215387,100.45661451036285,17087300,XOM
2025-06-10,103.23933410644531,103.65337015071411,101.9972259736389,102.14165851859676,17634800,XOM
2025-06-11,105.25172424316406,105.32875590402932,102.50753560359485,103.75927438115305,22648200,XOM
2025-06-12,105.65613555908203,106.09905658468342,104.20219419829387,104.87620285765611,17469400,XOM
2025-06-13,107.95741271972656,108.35218715633881,106.57087210185232,108.17886957910454,28540200,XOM
2025-06-16,108.30404663085938,108.95880109887848,107.00416114345298,107.6685464062479,22986100,XOM
2025-06-17,109.7676010131836,110.66307384161055,108.91064401401775,109.71945439007138,19451700,XOM
2025-06-18,108.98768615722656,110.9615730102809,108.74696771079476,110.35496516988461,17968900,XOM
2025-06-20,110.44161224365234,110.76899312695922,108.97804742820651,109.23802009912195,36273300,XOM
2025-06-23,107.59150695800781,112.60807813632182,107.03304578585349,112.36735970734622,26631100,XOM
2025-06-24,104.31774139404297,106.82121908923851,103.9037127225486,105.19396005659019,24828300,XOM
2025-06-25,104.34663391113281,105.18432939601642,103.70150289714556,104.09628467206528,17483200,XOM
2025-06-26,105.90648651123047,106.33978412607817,104.51995324369237,104.89547343554061,18304800,XOM
2025-06-27,105.31913757324219,106.01240791078341,104.34664028777212,105.85835191696557,22002100,XOM
2025-06-30,103.79779815673828,104.79918044006295,103.72076648997667,104.606608619303,19199000,XOM
2025-07-01,105.18431854248047,105.56946948296286,103.17191608132832,104.11552817205984,15536900,XOM
2025-07-02,106.92713928222656,107.22562781184375,104.78955825377581,105.91611884569635,11892200,XOM
2025-07-03,108.034423828125,108.29440383525375,106.51308899861627,106.74417662461936,11223600,XOM
2025-07-07,106.98490142822266,107.89000509111263,106.12794439060524,107.39893742867832,15415900,XOM
2025-07-08,109.95054626464844,110.21051892214973,106.73454440040875,106.77306022858359,17913400,XOM
2025-07-09,109.57504272460938,110.02758724540793,109.06471343357883,109.69058288049658,10652100,XOM
2025-07-10,110.66307830810547,110.99045185082323,108.87213257896681,109.48837117973027,14901700,XOM
2025-07-11,111.14451599121094,111.46226608816855,110.25867391436879,110.58604745949337,11683900,XOM
2025-07-14,109.6905746459961,110.95194424017892,109.01656596677141,110.95194424017892,13220300,XOM
2025-07-15,108.71807861328125,109.8253775486079,108.41958275547317,109.44023392561274,10959300,XOM
2025-07-16,108.06331634521484,109.28616268658553,107.93813806527567,108.689178360338,11158900,XOM
2025-07-17,107.51448822021484,108.06332597289979,106.96564312138607,107.35079409695216,13151400,XOM
2025-07-18,103.7688980102539,107.58188442216026,103.35486201505994,106.98490006862788,32366600,XOM
2025-07-21,104.03850555419922,104.7317684429792,103.45115201328608,103.60520798430053,17010400,XOM
2025-07-22,104.51031494140625,105.37690276270683,103.61484208375289,103.97110800643856,13970900,XOM
2025-07-23,105.84870910644531,105.91610997349179,104.80880371817658,104.88583537941356,12002700,XOM
2025-07-24,106.6767807006836,106.83083667643824,105.07840679363585,105.58873603781592,15647200,XOM
2025-07-25,106.30126953125,106.85973810117217,105.62725346012678,106.61901964994476,10548900,XOM
2025-07-28,107.30265808105469,107.94778176072323,106.72492792705604,106.87899126042743,12353000,XOM
2025-07-29,108.6891860961914,108.8047335906339,107.2737678565253,107.74557393641399,15928000,XOM
2025-07-30,107.7455825805664,108.42922211537449,107.12934391972125,108.23665028866449,12996900,XOM
2025-07-31,107.49522399902344,108.32329600506476,106.26274678430435,106.26274678430435,17233700,XOM
2025-08-01,105.5694808959961,108.36181633369162,104.8184405212398,107.84186360975019,19652000,XOM
2025-08-04,103.38375091552734,105.8390744215122,103.11414011110902,105.16506577582457,19129500,XOM
2025-08-05,103.25857543945312,103.81704395884887,102.132014952707,103.23932119740034,21314300,XOM
2025-08-06,102.5556869506836,105.00138719969958,102.42088521103375,104.28885532310031,15321800,XOM
2025-08-07,102.01647186279297,104.04813608267548,101.95870178799905,103.16229398716435,13468300,XOM
2025-08-08,102.83492279052734,103.51856229377444,102.01647419943372,102.54605771765384,14417700,XOM
2025-08-11,101.90093231201172,103.53781477403791,101.61206724405704,103.13340955581646,13570700,XOM
2025-08-12,102.18978881835938,103.29709510415664,101.85278447384988,102.39199142506507,14109400,XOM
2025-08-13,103.60521697998047,103.60521697998047,101.8142711663082,102.06462040535484,17958700,XOM
2025-08-14,103.39338684082031,103.59558945892859,102.48829045683249,103.557080971222,13683500,XOM
2025-08-15,103.49056243896484,104.53042413910818,102.96577138265387,103.19901679512692,19271900,XOM
2025-08-18,103.71409606933594,104.20973334395688,102.6936676947345,103.1115564920614,13040000,XOM
2025-08-19,104.39437103271484,104.43324526924799,103.16014553442298,103.20873276921256,16113600,XOM
2025-08-20,105.47310638427734,106.25057628140125,104.64704925264721,104.84141301967696,18959700,XOM
2025-08-21,106.15339660644531,106.48381650017089,104.91916367517014,105.36620628024141,12194900,XOM
2025-08-22,108.14564514160156,108.27198825876137,106.51296434690045,106.51296434690045,13586700,XOM
2025-08-25,108.59268951416016,108.76761986699798,107.42649210490949,107.77635281058514,9744900,XOM
2025-08-26,108.3497314453125,108.66071791639624,107.25156209122048,108.23311615272006,18143900,XOM
2025-08-27,109.57424926757812,109.7977742801282,108.28170867190343,108.28170867190343,15262600,XOM
2025-08-28,110.1573486328125,110.44890170919774,108.91340268064054,109.69087260799938,14189800,XOM
2025-08-29,111.07086944580078,111.5567862738525,110.38086843970763,110.51692455840193,14597900,XOM
2025-09-02,111.45960998535156,111.99411407433402,110.13791555355427,110.96397271980189,15206700,XOM
2025-09-03,108.75790405273438,111.20692151454529,108.32057447471314,110.75987893875846,14920100,XOM
2025-09-04,109.23410034179688,109.94353473208668,108.2428258975398,108.95226770233171,12864400,XOM
2025-09-05,106.15339660644531,108.63156805289493,105.9493050079647,108.45663769312769,16826700,XOM
2025-09-08,106.75592041015625,106.95029158055625,105.29816999741539,106.63930512241828,15440500,XOM
2025-09-09,107.53339385986328,109.34100502528872,107.41677115372212,107.41677115372212,14899500,XOM
2025-09-10,109.33129119873047,109.38959884806225,107.71804369852568,108.02903760030244,15837600,XOM
2025-09-11,108.98143005371094,109.59368261284318,107.74720452242771,108.26227519488062,11534500,XOM
2025-09-12,109.00086212158203,110.03100338371648,108.7287424804408,109.68114268817986,11105700,XOM
2025-09-15,109.18550872802734,109.29241102232862,108.18452125820836,109.02029878756257,12880500,XOM
2025-09-16,111.44988250732422,112.07185544585985,109.60339710220181,109.77832745457134,17208000,XOM
2025-09-17,112.04270935058594,112.23707312684543,110.83763762587085,111.30411365469479,13302000,XOM
2025-09-18,110.72100830078125,112.10101030753755,110.20593765139351,111.92607995354716,14628700,XOM
2025-09-19,109.64227294921875,110.76960355094826,109.46734259427805,110.69185507886297,38746500,XOM
2025-09-22,108.86479949951172,109.62283595581596,108.41775692138489,109.28268825518494,15611500,XOM
2025-09-23,110.74044036865234,111.51791024684958,109.31185114530597,109.54508914296424,25369100,XOM
2025-09-24,111.33325958251953,112.49946440086293,111.24579811375746,111.34297999499384,14756100,XOM
2025-09-25,112.3342514038086,112.63552488617954,111.18749478043796,111.41101237450077,15012600,XOM
2025-09-26,113.91834259033203,115.02623236742072,112.6549558689841,112.69383010504892,18568900,XOM
2025-09-29,111.00284576416016,113.21862540114104,110.46833426642237,112.7910162029508,19189300,XOM
2025-09-30,109.57424926757812,110.29340412684338,108.78706634614592,110.15734800250948,18076200,XOM
2025-10-01,108.83563995361328,109.83662734922498,108.1553594171301,109.38958479460722,16614000,XOM
2025-10-02,108.1553726196289,109.90466881890825,107.90269378330424,108.81621982766848,13062600,XOM
2025-10-03,110.06988525390625,110.54608168355931,108.74819084896897,108.74819084896897,12950100,XOM
2025-10-06,110.9833984375,111.53734331429891,109.99213138962384,110.09903368290979,12036800,XOM
2025-10-07,111.04171752929688,111.28467594749493,108.59269252173914,110.85706675882555,11945000,XOM
2025-10-08,110.8084716796875,111.77059235046264,110.2156599629254,111.1583323936962,12301000,XOM
2025-10-09,109.72974395751953,112.2565100331723,109.56452659751527,111.20692788321571,10976200,XOM
2025-10-10,107.61114501953125,109.44791005376213,107.59170419410415,109.09804934109887,13811600,XOM
2025-10-13,109.07860565185547,109.13692071210326,108.18452048274652,108.39832506981655,10296500,XOM
2025-10-14,109.127197265625,109.77832400668812,107.59169837799688,107.64029302443528,11167200,XOM
2025-10-15,108.46635437011719,110.37114743614104,107.84438142670133,109.62283878732902,12182900,XOM
2025-10-16,107.523681640625,109.03002686476279,107.28072321186103,108.72875337123354,11782200,XOM
2025-10-17,109.07860565185547,109.72973982552386,108.04846436633875,108.48578653843487,13460100,XOM
2025-10-20,109.52565002441406,109.96297961815183,108.8259360205379,108.84536943126957,9523600,XOM
2025-10-21,109.5353775024414,110.16707090225191,108.83565603892842,109.71030786831966,9202300,XOM
2025-10-22,111.47904205322266,111.93580507533065,109.89495580258458,110.25452952377394,12938800,XOM
2025-10-23,112.71327209472656,113.5587626407378,112.11073255125102,113.34495804742382,15001100,XOM
2025-10-24,112.13988494873047,113.18946707646688,111.93580077075434,113.07284436855093,9919400,XOM
2025-10-27,112.67440032958984,112.72298756536166,111.85805617489514,112.44115490567556,10975400,XOM
2025-10-28,111.7900161743164,112.90762628074744,111.75114194114903,112.23705873398845,9535200,XOM
2025-10-29,113.1700210571289,113.75312715544378,111.57621452793951,111.68311681833045,12570600,XOM
2025-10-30,111.45960998535156,113.23806003026024,111.30411303360941,113.15059855578234,16172900,XOM
2025-10-31,111.13890075683594,111.98439873160424,109.44791222180191,110.76960662593272,20213400,XOM
2025-11-03,110.5558090209961,111.75116037645411,110.43918630225502,111.27496391697508,12290300,XOM
2025-11-04,110.92509460449219,111.12917878564296,109.34100839013,110.18649893854,16860700,XOM
2025-11-05,110.47805786132812,111.93580844495868,110.46833744804312,110.87650583197897,12400900,XOM
2025-11-06,111.27495574951172,111.70256493900654,110.43917819613684,110.43917819613684,14219700,XOM
2025-11-07,113.91834259033203,114.2001752409251,111.66368880008984,111.96495486146412,17181100,XOM
2025-11-10,114.89018249511719,115.11370009651469,112.20791937682769,114.13215338689474,13048000,XOM
2025-11-11,116.4062271118164,117.40721453083155,115.48298816007478,115.48298816007478,16077100,XOM
2025-11-12,114.79299926757812,115.92032250358848,114.472292367225,115.74539214107791,13790900,XOM
2025-11-13,115.44412231445312,116.38680215875796,114.9484850676996,115.28862536860791,17291900,XOM
2025-11-14,116.94403839111328,117.13030423595934,114.36576278199473,116.12055397963738,17064300,XOM
2025-11-17,115.36568450927734,117.14989176671764,114.80689452973157,116.63031603758692,16034900,XOM
2025-11-18,116.68914031982422,117.13029505260532,114.18929341814709,114.9539526464096,15808500,XOM
2025-11-19,115.04218292236328,115.85586186327224,113.65011056424346,114.55201596702355,15919200,XOM
2025-11-20,114.71866607666016,116.66953586139736,114.44417378999563,115.65979317287263,14401000,XOM
2025-11-21,114.7774887084961,115.07158437525726,113.37561100680882,114.68925477292015,15667600,XOM
2025-11-24,113.68932342529297,114.89512993221705,112.48350943901481,114.89512993221705,18034900,XOM
2025-11-25,112.25802612304688,113.62068951387047,111.94431960456993,112.914847977459,14434600,XOM
2025-11-26,112.51292419433594,113.46384932290243,112.06197147468312,112.16001085320482,11650600,XOM
2025-11-28,113.64029693603516,116.40483806561917,112.5619312079222,112.68937191455296,7240800,XOM
2025-12-01,114.33634185791016,115.10100859456215,113.81676607945676,113.81676607945676,12658100,XOM
2025-12-02,113.11092376708984,114.3069323331814,112.43449845560603,114.15008279695115,14607700,XOM
2025-12-03,115.48333740234375,115.65979780503157,113.60109061388896,113.66971368830343,16819100,XOM
2025-12-04,114.83631134033203,116.01270901724688,114.36575526130771,115.1892321392773,13686900,XOM
2025-12-05,114.24811553955078,116.44406141854374,114.12067482295866,114.4539847645169,12516900,XOM
2025-12-08,113.6991195678711,114.69905677188999,112.7776033850286,113.55206799921592,14904200,XOM
2025-12-09,115.92448425292969,118.10082671847627,114.59122954393455,114.60103497720259,23790800,XOM
2025-12-10,117.1891098022461,117.51262176910427,116.04212098813484,116.3950417739158,19845200,XOM
2025-12-11,117.1891098022461,117.99298326333523,116.72835169417907,116.76756594586071,14781800,XOM
2025-12-12,116.4832763671875,117.56164218601954,115.98330397251515,117.09108609167848,14459500,XOM
2025-12-15,115.44412231445312,116.68914307822224,114.55201487415584,116.66953969111152,16358700,XOM
2025-12-16,112.42469024658203,114.54220754921194,112.35606717379666,114.47358447642657,17638700,XOM
2025-12-17,115.10100555419922,115.30687477346801,112.90505225662412,112.94426650972589,18502200,XOM
2025-12-18,114.24811553955078,114.68926281028475,113.35600808534332,114.68926281028475,13705600,XOM
2025-12-19,114.3951644897461,115.25785562394006,113.67951745617594,114.45398212999562,45412800,XOM
2025-12-22,115.82645416259766,116.13035528445343,115.03237860130838,115.03237860130838,11768600,XOM
2025-12-23,117.07147216796875,117.66947644340163,115.99310637729363,116.14015795769345,12567600,XOM
2025-12-24,116.87540435791016,117.68908325934501,116.77737246746888,116.9832416812017,6137400,XOM
2025-12-26,116.767578125,117.19892745913499,116.19898263534104,116.5519034579325,8066100,XOM
2025-12-29,118.1596450805664,118.9145063803753,117.05187045384986,117.787120887003,14782500,XOM
2025-12-30,118.610595703125,119.40467124297325,118.2576749030489,118.71843302977904,11150500,XOM
2025-12-31,117.97337341308594,118.87528625081782,117.51262278040748,118.79685774677961,10559900,XOM
2026-01-02,120.23796081542969,120.26736963731908,117.25774470118102,117.72830081012032,14175100,XOM
2026-01-05,122.89466094970703,123.45345098557014,119.98306800728975,122.74760936566847,30112200,XOM
2026-01-06,118.66941833496094,123.32600423236111,118.62039864956253,122.8848495018372,23328600,XOM
2026-01-07,116.15975952148438,117.75770853507144,115.94408487086373,117.44400199217434,20353000,XOM
2026-01-08,120.49284362792969,121.19867775555002,116.32642453948432,116.64013108932252,20232700,XOM
2026-01-09,122.15940856933594,122.40449204572425,120.67910227773142,120.80655047223998,16137700,XOM
2026-01-12,121.59081268310547,122.051570813798,120.14972065029409,122.01235656019075,15314900,XOM
2026-01-13,124.05145263671875,124.63965148100533,122.35547169834909,122.54173753279225,21619700,XOM
2026-01-14,127.63947296142578,129.12958470323446,124.62984813635859,124.84552279472729,27593900,XOM
2026-01-15,126.59051513671875,127.63946458017203,125.77683624424921,126.59051513671875,17400000,XOM
2026-01-16,127.33555603027344,127.60025034335311,126.33561137096643,126.37483309964092,16592400,XOM
2026-01-20,127.89437866210938,129.34526877597648,127.51204900512043,128.92371738258842,16477300,XOM
2026-01-21,130.98240661621094,131.10004189171138,129.315842058889,129.315842058889,18879900,XOM
2026-01-22,131.01182556152344,131.54119930090036,129.2570344119412,130.4334321339966,16600100,XOM
2026-01-23,132.315673828125,133.30580572799937,131.83530480966832,132.43330911480464,17758200,XOM
2026-01-26,132.18820190429688,134.24690880396307,131.53138007370205,134.23709589269498,16056100,XOM
2026-01-27,134.1390838623047,134.23710827308267,132.0607808658375,132.59015456841982,14517000,XOM
2026-01-28,134.8743438720703,135.2958802817515,133.98223640576208,134.98218120270877,15637300,XOM
2026-01-29,137.7467041015625,139.54071684501432,136.3742426928216,137.56045323507496,35760600,XOM
2026-01-30,138.61920166015625,139.413284651152,135.1194175625329,136.0115249641907,29657700,XOM
2026-02-02,135.67820739746094,137.5604616716114,135.34489745756886,137.0800926697375,27735600,XOM
2026-02-03,140.90338134765625,142.15820749031957,135.58997362759902,135.91348559607266,37577800,XOM
2026-02-04,144.68746948242188,144.9325529451777,141.28570982267485,141.28570982267485,29426200,XOM
2026-02-05,143.20716857910156,143.8443795891129,140.9720086293876,143.69733549717404,18431700,XOM
2026-02-06,146.11875915527344,146.62853693113198,143.21696446043293,143.73654018937657,17216000,XOM
2026-02-09,148.23629760742188,148.56960754784373,145.7070343161397,146.32463450957823,21297300,XOM
2026-02-10,148.6088104248047,148.79507625683397,146.87363021409703,148.3735398653639,15800300,XOM
2026-02-11,152.500732421875,153.8437850193578,150.54987761975752,150.94200517912682,23091500,XOM
2026-02-12,147.9611358642578,153.2112816986525,147.9118045030338,151.86914039995418,30652500,XOM
2026-02-13,146.50057983398438,149.66843335045488,146.0367505798841,148.573009056918,20166000,XOM
2026-02-17,144.270263671875,147.17165857121253,143.24391231753378,146.25386332053407,19766600,XOM
2026-02-18,148.7012939453125,148.99735741858277,145.67161638544218,146.20451859059764,19849700,XOM
2026-02-19,148.98748779296875,151.36584368014013,148.85919011306916,150.20133141726754,20305000,XOM
2026-02-20,145.345947265625,148.8295908063359,144.53672317214324,148.51380081276685,25908600,XOM
2026-02-23,148.78024291992188,149.28355533426253,146.18478981965436,146.2045163413988,16073100,XOM
2026-02-24,147.29994201660156,148.7407762133805,146.08609834773506,148.44471274188743,14185500,XOM
2026-02-25,147.10256958007812,148.20785713109032,145.39529183251534,147.94141356259428,15225700,XOM
2026-02-26,146.58938598632812,148.97762012181042,144.8426402313522,145.8689764649243,15632100,XOM
2026-02-27,150.49740600585938,151.63229845401327,147.2900842385214,149.01710365170337,30275100,XOM
2026-03-02,152.19480895996094,157.5140277442215,151.0204334392882,157.25744744344775,31493100,XOM
2026-03-03,149.83619689941406,154.00078180487054,148.32628979550924,153.388913296314,25198900,XOM
2026-03-04,147.85260009765625,149.1749998639953,145.9183318111316,148.74077544915835,16764800,XOM
2026-03-05,148.78024291992188,150.32963320643273,147.5071895803822,149.0170967065771,22969300,XOM
2026-03-06,149.22434997558594,151.78033504800396,147.99076470220882,151.13886167079949,21136400,XOM
2026-03-09,148.46444702148438,151.8691391301945,147.50718371049803,150.0237005068187,25532700,XOM
2026-03-10,146.18479919433594,148.42497928748784,145.76043801499983,147.2900868194475,19617600,XOM
2026-03-11,149.5894775390625,149.8164529995664,145.72095615785696,146.046624457752,15297400,XOM
2026-03-12,151.5138702392578,152.96456766631465,149.63882672348768,150.27042175538625,26054000,XOM
2026-03-13,154.06985473632812,154.82974744779892,150.97108926767592,152.27376248734015,22414100,XOM
2026-03-16,155.165283203125,155.70806372597428,152.7277175392131,153.95143953087205,22835600,XOM
2026-03-17,156.7245330810547,158.34299629210685,154.74093346250348,156.17188931021934,21592200,XOM
2026-03-18,155.5205535888672,158.07653857282673,155.46134390714047,157.56337795891957,18947100,XOM
2026-03-19,156.08306884765625,157.46467822216096,152.80665939038394,156.18174662674213,27082700,XOM
2026-03-20,157.5732421875,160.3068712918422,157.01073514922803,157.25745219688022,53942100,XOM
2026-03-23,159.0140838623047,159.30026902536085,152.9843183312989,154.06986435705824,25021300,XOM
2026-03-24,163.20826721191406,165.2806813902276,159.13249674027693,159.58646273652485,26131800,XOM
2026-03-25,161.11610412597656,162.83326029190215,160.79043579838304,161.71809435727107,17192300,XOM
2026-03-26,163.25759887695312,163.50431592661914,159.9318578661477,161.9351991047626,18625200,XOM
2026-03-27,168.7445831298828,168.98142183830936,162.6358671348429,163.4056230540538,30338300,XOM
2026-03-30,169.21827697753906,174.09340787768787,168.80379417601876,170.24461319200663,29813500,XOM
2026-03-31,167.4320526123047,172.09007144795677,163.79050675840085,170.40252029916738,32006700,XOM
2026-04-01,158.66867065429688,165.79386038255356,157.43508538359336,163.59314847597437,37927600,XOM
2026-04-02,158.57984924316406,164.70829216920555,157.4942882287153,162.32995131495318,25377700,XOM
2026-04-06,161.2246551513672,161.59966989102813,157.4350848271786,158.46143620148837,16344300,XOM
2026-04-07,161.757568359375,164.0569730451393,159.64567103873514,162.06349508840393,25227500,XOM
2026-04-08,154.16854858398438,154.29684626632607,148.99735388970248,151.50400750448705,31311200,XOM
2026-04-09,153.00404357910156,157.1390238674347,152.28363398837865,154.80015098369313,25868400,XOM
2026-04-10,150.5072479248047,153.08297425812682,149.92499936208736,152.01715490726124,21065000,XOM
2026-04-13,150.63555908203125,152.58955387101517,149.29341774875434,152.244159041483,18685600,XOM
2026-04-14,147.28021240234375,148.13878289907458,144.79330037579695,148.09931479763057,18528200,XOM
2026-04-15,147.05322265625,148.25720304523475,144.97093018596462,146.6486181452608,15626500,XOM
2026-04-16,149.98422241210938,150.77371997111916,147.3887693274927,147.56639837260283,15191000,XOM
2026-04-17,144.5169677734375,144.8722408937409,140.10566613734218,142.95771435979552,28947400,XOM
2026-04-20,145.7406768798828,147.40848641370326,144.42815553036803,145.44462849031555,16354400,XOM
2026-04-21,146.41175842285156,146.85584607589826,144.31960277659698,145.43475353941858,17515900,XOM
2026-04-22,147.5367889404297,148.70128613345972,146.2341157498405,147.40849126178932,13738700,XOM
2026-04-23,148.5532684326172,149.24407315856882,146.54992719815058,147.88220528695376,12970400,XOM
2026-04-24,146.9545440673828,148.32629023309528,145.02027581191402,147.6749536212974,13735900,XOM
2026-04-27,146.24400329589844,149.19472962349624,146.0268910837684,147.20126666981344,13940800,XOM
2026-04-28,148.58287048339844,150.30988979505028,147.86246092975082,149.54013382081567,15173600,XOM
2026-04-29,152.63890075683594,152.9152226446687,149.0269595764905,150.02370608327118,14669100,XOM
2026-04-30,152.30335998535156,153.64550124162795,149.35261886191103,150.42830150729972,22885900,XOM
2026-05-01,150.74411010742188,152.97442670827715,149.14538852104675,150.60594916857974,15458200,XOM
2026-05-04,151.67176818847656,152.4415241398171,147.55652981525986,150.66515846041094,14238500,XOM
2026-05-05,152.8461456298828,153.25075013159284,150.40858006697343,151.08952150756775,12494600,XOM
2026-05-06,146.7374267578125,148.35588991182468,145.1584317038633,147.11244147126834,20527000,XOM
2026-05-07,144.65513610839844,145.14857018638108,142.29652181797798,144.87224830738384,22509400,XOM
2026-05-08,142.67153930664062,144.5761876566039,142.03006595775787,143.9347293661345,19550100,XOM
2026-05-11,147.7144317626953,147.75391492522851,144.08276384718866,144.10250542845526,14849500,XOM
2026-05-12,148.65196228027344,149.8164595321171,147.80325502310743,149.26381574762087,16443100,XOM
2026-05-13,149.57962036132812,149.79671751167356,147.71442500651165,148.0894397413527,15772800,XOM
2026-05-14,150.77371215820312,151.10924370941106,149.27366837965636,149.905263382453,11331500,XOM
2026-05-15,156.90402221679688,156.98350935726506,152.01567678266807,152.7608516688576,27882400,XOM
2026-05-18,159.45748901367188,160.6895017397437,154.23131965292822,156.30788510753027,20065200,XOM
2026-05-19,161.50424194335938,162.2692924138743,158.612959712182,160.46099405822483,20715600,XOM
2026-05-20,155.27456665039062,162.62695246090524,155.2646364435186,160.57027775243373,18509700,XOM
2026-05-21,154.2909393310547,158.36456815663448,152.47272592771048,157.40080741244543,17061700,XOM
2026-05-22,153.92332458496094,154.54927634853834,152.1845831622433,153.039050982118,12948500,XOM
2026-05-26,148.84619140625,153.55570196228766,148.50838244281752,152.51245412992614,13057800,XOM
2026-05-27,146.948486328125,147.73341239068998,144.812324315,146.2827985604971,16241100,XOM
2026-05-28,146.01454162597656,149.2436327977562,145.9251091176085,148.37921962101078,14012500,XOM
2026-05-29,144.32546997070312,145.9847242712525,143.77902050285167,145.2494947353263,27959900,XOM
2026-06-01,148.41897583007812,148.6872278824595,146.05428259382654,146.07415816976595,16732100,XOM
2026-06-02,148.59780883789062,149.8596425847688,147.54463073444197,148.0712197861663,10462400,XOM
2026-06-03,151.5487060546875,153.91339931686977,149.05485944903873,149.6410600803893,14373000,XOM
2026-06-04,151.0618438720703,152.44290069957347,149.96892981929165,151.07178923986044,11799400,XOM
2026-06-05,148.9554901123047,151.15127878116928,148.33948372439218,151.0320404901442,16584000,XOM
2026-06-08,150.77371215820312,152.82045666526088,149.92917459257427,150.18751157814702,13870900,XOM
2026-06-09,147.95199584960938,150.1577147624696,146.82926081757435,149.93912891268184,18163500,XOM
2026-06-10,149.65098571777344,151.5089654358688,148.5978076229357,150.25706190677164,14596500,XOM
2026-06-11,145.6568603515625,151.5089666465856,145.47801049142424,151.32018657890387,17285800,XOM
2026-06-12,146.064208984375,147.95199447310367,144.21617464648634,144.69309749283448,17713100,XOM
2026-06-15,140.01339721679688,141.06657534019064,136.83398727052634,138.8409959581125,23631400,XOM
2026-06-16,140.9473419189453,141.2354695284117,139.07943207905402,139.28808771120796,18925400,XOM
2026-06-17,139.8345489501953,141.42424618882197,139.41725285653254,140.31145660572122,16663200,XOM
2026-06-18,136.92340087890625,137.5692282188612,134.97601897282365,137.43012951128387,48063400,XOM
2026-06-22,137.57916259765625,138.10575166092363,136.1384941196488,137.64870437324234,15783300,XOM
2026-06-23,138.83103942871094,139.486796941336,137.60895690836153,138.56278739587265,13699400,XOM
2026-06-24,136.01925659179688,136.75450130722126,134.7176868182312,136.23784244879812,16212900,XOM
2026-06-25,136.66506958007812,137.18172838415734,134.08179072030313,134.76735400327686,13288800,XOM
2026-06-26,135.66156005859375,136.6948776843146,135.04555369443563,136.08880152709986,22684200,XOM
2026-06-29,135.18466186523438,136.5061071911013,134.51897409848138,135.70132071428984,11972700,XOM
2026-06-30,135.8404083251953,136.4166786942443,134.45935154509178,135.6019469157409,28784000,XOM
2026-07-01,135.4032440185547,136.60546617741443,134.75743184534812,135.6516356483452,12433400,XOM
2026-07-02,136.20802307128906,138.24483735700704,135.45291801558523,136.26763463349974,13703300,XOM
2026-07-06,135.5622100830078,136.48621961272076,135.13496862214214,135.67150299991567,13915100,XOM
2026-07-07,140.7784423828125,140.82812374084455,137.24134800388697,137.6685743295943,14667800,XOM
2026-07-08,140.2220458984375,143.0636467131422,138.91053083290223,142.5171821025025,18291400,XOM
2026-07-09,136.57565307617188,139.14898658435814,136.2378289556867,138.7614962690738,14110200,XOM
2026-07-10,137.9865264892578,138.0759438396731,136.25771524478435,137.01282036043938,9753500,XOM
2026-07-13,143.58029174804688,144.29566085231056,139.58616526996687,140.013391594685,18724300,XOM
2026-07-14,144.15655517578125,145.06070430003604,142.9642784465353,144.57385127298625,16096400,XOM
2026-07-15,143.58029174804688,144.15656214651605,141.11625103370636,144.15656214651605,13444500,XOM
2026-07-16,145.0110321044922,145.92511149334146,143.62004502594374,144.3453443482853,13518000,XOM
2026-07-17,146.41195678710938,149.03497168229288,146.2231767306124,148.07121098589766,19031400,XOM
2026-07-20,147.40553283691406,148.13083216789195,145.28923125020256,145.55749846162485,12149200,XOM
2026-07-21,150.73397827148438,150.78364446729043,147.52474760584934,148.0513366306137,13145300,XOM
2026-07-22,153.4563446044922,153.80409894761962,151.96599483786918,152.87014400150304,13788700,XOM
2026-07-23,155.88064575195312,157.54984533591656,155.05598374734197,155.59251814100296,15822800,XOM
2026-07-24,155.93032836914062,157.6889453127249,154.67842488089144,155.98000972608443,12091600,XOM
2026-07-27,153.7742919921875,154.420104155216,151.51889178426083,152.08523196835614,13955800,XOM
2026-07-28,152.055419921875,155.17521831898253,150.9028942324521,153.17815498792126,16299900,XOM
2026-07-29,155.74154663085938,158.04662815474293,154.85727306502608,156.7053073348219,14571300,XOM
2026-07-30,155.96014404296875,156.76493053038882,153.53583921231603,154.09223405988436,12578100,XOM
2026-07-31,154.4399871826172,155.1553563125088,151.16121453071767,152.7509270772818,15714200,XOM
2026-08-03,154.0624237060547,154.90696132074848,151.66792473036153,152.4727263545316,14532800,XOM
2026-08-04,152.96951293945312,153.84384119554895,148.13083352442996,150.6445556868725,14347900,XOM
2026-08-05,150.6544952392578,154.04254552700252,150.17757239730147,154.04254552700252,12227500,XOM
2026-08-06,153.84384155273438,153.87364733649875,150.8631418913171,153.227835140774,11879100,XOM
2026-08-07,152.055419921875,152.68137170710398,150.55513987163098,151.65799936147022,18455200,XOM
2026-08-10,158.76199340820312,159.33826383030498,153.45635163451644,153.50603299447087,19761600,XOM
2026-08-11,158.7719268798828,160.62989135010667,158.2453378571924,158.6328281788065,13744500,XOM
2026-08-12,158.7222442626953,159.19915192536513,156.54633125837117,157.5299675257101,13219500,XOM
2026-08-13,157.58958435058594,158.73217976988673,156.4171679882901,157.0133139569994,10542800,XOM
2026-08-14,159.07000732421875,160.22253297554738,158.22546971049474,158.68251698441384,10231300,XOM
2026-08-17,161.4600067138672,162.50999450683594,159.08999633789062,160.10000610351562,12858100,XOM
2026-08-18,165.55999755859375,165.6699981689453,163.25,164.35000610351562,18952700,XOM
2026-08-19,164.77000427246094,168.2100067138672,164.66000366210938,166.07000732421875,13648900,XOM
2026-08-20,166.14999389648438,168.63999938964844,166.07000732421875,167.02000427246094,13803000,XOM
2026-08-21,165.11000061035156,168.0,164.61000061035156,166.5399932861328,14314300,XOM
2026-08-24,164.0500030517578,165.22000122070312,162.25,163.8699951171875,10842500,XOM
2026-08-25,160.63999938964844,162.80999755859375,160.4600067138672,161.4499969482422,17525300,XOM
2026-08-26,158.19000244140625,161.1300048828125,157.75999450683594,158.0,14838400,XOM
2026-08-27,156.44000244140625,158.19000244140625,156.13999938964844,157.6300048828125,14288500,XOM
2026-08-28,156.7100067138672,157.4199981689453,155.32000732421875,156.60000610351562,11352600,XOM
2026-08-31,160.9499969482422,161.58999633789062,158.74000549316406,159.94000244140625,18363400,XOM
2026-09-01,164.5500030517578,164.6999969482422,162.22000122070312,163.60000610351562,11381800,XOM
2026-09-02,164.14999389648438,165.02000427246094,162.75999450683594,163.92999267578125,11287000,XOM
2026-09-03,162.2100067138672,165.64999389648438,162.08999633789062,164.42999267578125,13755100,XOM
2026-09-04,159.47000122070312,161.47999572753906,159.16000366210938,161.02000427246094,16192900,XOM
